date,sku,location,qty_sold
2026-09-17,BLT-1012,Bagalkot,1
2026-09-17,BLT-1032,Bagalkot,3
2026-09-17,BLT-1047,Bagalkot,1
2026-09-17,BLT-1053,Bagalkot,1
2026-09-17,BLT-1061,Bagalkot,1
2026-09-17,BLT-1066,Bagalkot,1
2026-09-17,BLT-1087,Bagalkot,2
2026-09-17,BLT-1098,Bagalkot,2
2026-09-17,BLT-4105,Bagalkot,1
2026-09-17,BRG-1000,Bagalkot,1
2026-09-17,BRG-1081,Bagalkot,2
2026-09-17,BRG-1092,Bagalkot,1
2026-09-17,CLT-1007,Bagalkot,1
2026-09-17,CLT-1068,Bagalkot,2
2026-09-17,CLT-6120,Bagalkot,1
2026-09-17,ELE-1018,Bagalkot,1
2026-09-17,ELE-1044,Bagalkot,2
2026-09-17,FLT-1009,Bagalkot,1
2026-09-17,FLT-1022,Bagalkot,1
2026-09-17,FLT-1053,Bagalkot,1
2026-09-17,FLT-1056,Bagalkot,1
2026-09-17,FLT-1063,Bagalkot,1
2026-09-17,FLT-1074,Bagalkot,2
2026-09-17,FLT-1079,Bagalkot,1
2026-09-17,FLT-1098,Bagalkot,2
2026-09-17,HYD-1012,Bagalkot,1
2026-09-17,HYD-1016,Bagalkot,1
2026-09-17,HYD-1024,Bagalkot,4
2026-09-17,HYD-1028,Bagalkot,2
2026-09-17,HYD-1042,Bagalkot,1
2026-09-17,HYD-1051,Bagalkot,1
2026-09-17,HYD-1095,Bagalkot,2
2026-09-17,PMP-1036,Bagalkot,2
2026-09-17,PMP-1043,Bagalkot,1
2026-09-17,PMP-5012,Bagalkot,1
2026-09-17,SEL-1002,Bagalkot,1
2026-09-17,SEL-1042,Bagalkot,1
2026-09-17,SEL-1052,Bagalkot,1
2026-09-17,SEL-1085,Bagalkot,1
2026-09-17,SEL-1098,Bagalkot,2
2026-09-17,BLT-1016,Belgaum,3
2026-09-17,BLT-1032,Belgaum,2
2026-09-17,BLT-1073,Belgaum,2
2026-09-17,BLT-1087,Belgaum,1
2026-09-17,BRG-1064,Belgaum,2
2026-09-17,CLT-1004,Belgaum,4
2026-09-17,CLT-1081,Belgaum,1
2026-09-17,CLT-1092,Belgaum,1
2026-09-17,CLT-1099,Belgaum,1
2026-09-17,ELE-1023,Belgaum,1
2026-09-17,ELE-1039,Belgaum,3
2026-09-17,FLT-1009,Belgaum,1
2026-09-17,FLT-1021,Belgaum,3
2026-09-17,FLT-1045,Belgaum,2
2026-09-17,FLT-1053,Belgaum,2
2026-09-17,FLT-1079,Belgaum,1
2026-09-17,FLT-1086,Belgaum,1
2026-09-17,FLT-1098,Belgaum,2
2026-09-17,HYD-1004,Belgaum,1
2026-09-17,HYD-1024,Belgaum,1
2026-09-17,HYD-1038,Belgaum,1
2026-09-17,HYD-1061,Belgaum,1
2026-09-17,HYD-1081,Belgaum,1
2026-09-17,PMP-1043,Belgaum,1
2026-09-17,PMP-5012,Belgaum,1
2026-09-17,SEL-1002,Belgaum,1
2026-09-17,SEL-1008,Belgaum,3
2026-09-17,SEL-1029,Belgaum,2
2026-09-17,SEL-1059,Belgaum,1
2026-09-17,SEL-1085,Belgaum,1
2026-09-17,SEL-3310,Belgaum,4
2026-09-17,BLT-1003,Bijapur,1
2026-09-17,BLT-1012,Bijapur,1
2026-09-17,BLT-1035,Bijapur,1
2026-09-17,BLT-1047,Bijapur,1
2026-09-17,BLT-1098,Bijapur,1
2026-09-17,BLT-4105,Bijapur,2
2026-09-17,BRG-1000,Bijapur,1
2026-09-17,BRG-1033,Bijapur,1
2026-09-17,BRG-1037,Bijapur,1
2026-09-17,BRG-1064,Bijapur,2
2026-09-17,BRG-1081,Bijapur,1
2026-09-17,CLT-1004,Bijapur,2
2026-09-17,CLT-1007,Bijapur,1
2026-09-17,CLT-1053,Bijapur,2
2026-09-17,ELE-1010,Bijapur,1
2026-09-17,FLT-1001,Bijapur,1
2026-09-17,FLT-1009,Bijapur,1
2026-09-17,FLT-1053,Bijapur,1
2026-09-17,FLT-1086,Bijapur,1
2026-09-17,FLT-1093,Bijapur,1
2026-09-17,HYD-1024,Bijapur,3
2026-09-17,HYD-1028,Bijapur,2
2026-09-17,HYD-1042,Bijapur,2
2026-09-17,HYD-1051,Bijapur,1
2026-09-17,HYD-1063,Bijapur,2
2026-09-17,PMP-1002,Bijapur,1
2026-09-17,PMP-1023,Bijapur,2
2026-09-17,PMP-1063,Bijapur,1
2026-09-17,PMP-1075,Bijapur,1
2026-09-17,PMP-1098,Bijapur,1
2026-09-17,PMP-5012,Bijapur,1
2026-09-17,SEL-1037,Bijapur,2
2026-09-17,SEL-1042,Bijapur,2
2026-09-17,SEL-1068,Bijapur,1
2026-09-17,SEL-1070,Bijapur,1
2026-09-17,SEL-1085,Bijapur,1
2026-09-17,SEL-1096,Bijapur,1
2026-09-17,BLT-1003,Dharwad,1
2026-09-17,BLT-1035,Dharwad,2
2026-09-17,BLT-1047,Dharwad,1
2026-09-17,BLT-1080,Dharwad,4
2026-09-17,BLT-1087,Dharwad,1
2026-09-17,BRG-1008,Dharwad,1
2026-09-17,BRG-1018,Dharwad,1
2026-09-17,BRG-1025,Dharwad,3
2026-09-17,BRG-1075,Dharwad,2
2026-09-17,BRG-1086,Dharwad,1
2026-09-17,CLT-1007,Dharwad,1
2026-09-17,CLT-1037,Dharwad,1
2026-09-17,CLT-1057,Dharwad,1
2026-09-17,CLT-1068,Dharwad,1
2026-09-17,CLT-1074,Dharwad,1
2026-09-17,CLT-1089,Dharwad,1
2026-09-17,ELE-1010,Dharwad,1
2026-09-17,ELE-1100,Dharwad,1
2026-09-17,FLT-1001,Dharwad,1
2026-09-17,FLT-1016,Dharwad,1
2026-09-17,FLT-1022,Dharwad,2
2026-09-17,FLT-1037,Dharwad,1
2026-09-17,FLT-1053,Dharwad,1
2026-09-17,FLT-1093,Dharwad,1
2026-09-17,HYD-1038,Dharwad,2
2026-09-17,HYD-1051,Dharwad,2
2026-09-17,HYD-1081,Dharwad,2
2026-09-17,HYD-1095,Dharwad,4
2026-09-17,PMP-1002,Dharwad,1
2026-09-17,PMP-1009,Dharwad,2
2026-09-17,PMP-1032,Dharwad,1
2026-09-17,PMP-1043,Dharwad,1
2026-09-17,PMP-1063,Dharwad,1
2026-09-17,PMP-1091,Dharwad,1
2026-09-17,SEL-1002,Dharwad,1
2026-09-17,SEL-1037,Dharwad,1
2026-09-17,SEL-1042,Dharwad,1
2026-09-17,BLT-1026,Gokak,2
2026-09-17,BLT-1087,Gokak,1
2026-09-17,BLT-4105,Gokak,1
2026-09-17,BRG-1033,Gokak,1
2026-09-17,BRG-1037,Gokak,1
2026-09-17,BRG-1064,Gokak,2
2026-09-17,BRG-1099,Gokak,2
2026-09-17,CLT-1016,Gokak,2
2026-09-17,CLT-1099,Gokak,3
2026-09-17,ELE-1000,Gokak,1
2026-09-17,ELE-1010,Gokak,2
2026-09-17,ELE-1018,Gokak,1
2026-09-17,ELE-1044,Gokak,1
2026-09-17,ELE-1100,Gokak,1
2026-09-17,FLT-1021,Gokak,3
2026-09-17,FLT-1032,Gokak,1
2026-09-17,FLT-1037,Gokak,1
2026-09-17,HYD-1074,Gokak,1
2026-09-17,PMP-1019,Gokak,1
2026-09-17,PMP-1079,Gokak,1
2026-09-17,PMP-1091,Gokak,1
2026-09-17,SEL-1008,Gokak,1
2026-09-17,SEL-1042,Gokak,1
2026-09-17,SEL-1077,Gokak,1
2026-09-17,SEL-1085,Gokak,4
2026-09-17,SEL-1096,Gokak,1
2026-09-17,SEL-3310,Gokak,1
2026-09-17,BLT-1080,Hubli,3
2026-09-17,BLT-1093,Hubli,1
2026-09-17,BRG-1025,Hubli,1
2026-09-17,BRG-1033,Hubli,2
2026-09-17,BRG-1037,Hubli,1
2026-09-17,BRG-1064,Hubli,1
2026-09-17,BRG-1081,Hubli,4
2026-09-17,BRG-1092,Hubli,1
2026-09-17,BRG-2207,Hubli,1
2026-09-17,CLT-1007,Hubli,2
2026-09-17,CLT-1016,Hubli,1
2026-09-17,CLT-1021,Hubli,1
2026-09-17,CLT-6120,Hubli,1
2026-09-17,ELE-1010,Hubli,1
2026-09-17,ELE-1044,Hubli,1
2026-09-17,ELE-1086,Hubli,3
2026-09-17,FLT-1009,Hubli,1
2026-09-17,FLT-1037,Hubli,2
2026-09-17,FLT-1045,Hubli,1
2026-09-17,FLT-1056,Hubli,1
2026-09-17,FLT-1074,Hubli,2
2026-09-17,HYD-1016,Hubli,1
2026-09-17,HYD-1024,Hubli,1
2026-09-17,HYD-1028,Hubli,1
2026-09-17,HYD-1089,Hubli,1
2026-09-17,HYD-1095,Hubli,2
2026-09-17,HYD-1098,Hubli,1
2026-09-17,PMP-1023,Hubli,3
2026-09-17,PMP-1063,Hubli,1
2026-09-17,PMP-1091,Hubli,1
2026-09-17,PMP-1098,Hubli,2
2026-09-17,SEL-1002,Hubli,1
2026-09-17,SEL-3310,Hubli,2
2026-09-18,BLT-1016,Bagalkot,2
2026-09-18,BLT-1035,Bagalkot,2
2026-09-18,BLT-1053,Bagalkot,1
2026-09-18,BLT-1093,Bagalkot,2
2026-09-18,BLT-4105,Bagalkot,1
2026-09-18,BRG-1033,Bagalkot,5
2026-09-18,BRG-1037,Bagalkot,1
2026-09-18,BRG-1045,Bagalkot,1
2026-09-18,BRG-1058,Bagalkot,1
2026-09-18,BRG-1081,Bagalkot,1
2026-09-18,CLT-1007,Bagalkot,2
2026-09-18,CLT-1044,Bagalkot,1
2026-09-18,CLT-1099,Bagalkot,1
2026-09-18,ELE-1010,Bagalkot,1
2026-09-18,ELE-1079,Bagalkot,1
2026-09-18,FLT-1009,Bagalkot,1
2026-09-18,FLT-1056,Bagalkot,2
2026-09-18,FLT-1063,Bagalkot,3
2026-09-18,FLT-1074,Bagalkot,1
2026-09-18,FLT-1093,Bagalkot,2
2026-09-18,FLT-1098,Bagalkot,2
2026-09-18,HYD-1024,Bagalkot,2
2026-09-18,HYD-1028,Bagalkot,3
2026-09-18,HYD-1051,Bagalkot,1
2026-09-18,HYD-1061,Bagalkot,1
2026-09-18,HYD-1074,Bagalkot,1
2026-09-18,HYD-1098,Bagalkot,3
2026-09-18,PMP-1023,Bagalkot,1
2026-09-18,PMP-1098,Bagalkot,2
2026-09-18,SEL-1037,Bagalkot,1
2026-09-18,SEL-1042,Bagalkot,1
2026-09-18,SEL-1052,Bagalkot,2
2026-09-18,SEL-1085,Bagalkot,1
2026-09-18,BLT-1016,Belgaum,1
2026-09-18,BLT-1032,Belgaum,1
2026-09-18,BLT-1066,Belgaum,1
2026-09-18,BLT-1073,Belgaum,1
2026-09-18,BLT-1080,Belgaum,2
2026-09-18,BRG-1018,Belgaum,1
2026-09-18,BRG-1058,Belgaum,1
2026-09-18,BRG-1075,Belgaum,2
2026-09-18,BRG-1086,Belgaum,1
2026-09-18,CLT-1004,Belgaum,2
2026-09-18,CLT-1021,Belgaum,1
2026-09-18,CLT-1028,Belgaum,1
2026-09-18,CLT-1089,Belgaum,1
2026-09-18,ELE-1039,Belgaum,1
2026-09-18,FLT-1009,Belgaum,3
2026-09-18,FLT-1016,Belgaum,2
2026-09-18,FLT-1021,Belgaum,1
2026-09-18,FLT-1037,Belgaum,2
2026-09-18,FLT-1045,Belgaum,2
2026-09-18,FLT-1086,Belgaum,3
2026-09-18,HYD-1012,Belgaum,3
2026-09-18,HYD-1016,Belgaum,3
2026-09-18,HYD-1038,Belgaum,2
2026-09-18,HYD-1095,Belgaum,1
2026-09-18,PMP-1043,Belgaum,1
2026-09-18,PMP-1056,Belgaum,1
2026-09-18,PMP-1091,Belgaum,2
2026-09-18,PMP-5012,Belgaum,2
2026-09-18,SEL-1008,Belgaum,1
2026-09-18,BLT-1035,Bijapur,1
2026-09-18,BLT-1053,Bijapur,1
2026-09-18,BLT-1098,Bijapur,1
2026-09-18,BRG-1008,Bijapur,1
2026-09-18,BRG-1033,Bijapur,1
2026-09-18,BRG-1045,Bijapur,1
2026-09-18,BRG-1049,Bijapur,2
2026-09-18,BRG-1064,Bijapur,1
2026-09-18,BRG-1075,Bijapur,1
2026-09-18,CLT-1007,Bijapur,2
2026-09-18,CLT-1053,Bijapur,1
2026-09-18,CLT-1089,Bijapur,1
2026-09-18,CLT-1099,Bijapur,1
2026-09-18,ELE-1000,Bijapur,1
2026-09-18,ELE-1010,Bijapur,1
2026-09-18,FLT-1001,Bijapur,1
2026-09-18,FLT-1009,Bijapur,2
2026-09-18,FLT-1021,Bijapur,1
2026-09-18,FLT-1074,Bijapur,1
2026-09-18,FLT-1086,Bijapur,1
2026-09-18,HYD-1024,Bijapur,2
2026-09-18,HYD-1028,Bijapur,2
2026-09-18,HYD-1042,Bijapur,1
2026-09-18,HYD-1063,Bijapur,1
2026-09-18,HYD-1098,Bijapur,1
2026-09-18,PMP-1009,Bijapur,3
2026-09-18,PMP-1032,Bijapur,1
2026-09-18,PMP-1091,Bijapur,2
2026-09-18,PMP-5012,Bijapur,1
2026-09-18,SEL-1014,Bijapur,1
2026-09-18,SEL-1029,Bijapur,1
2026-09-18,SEL-1037,Bijapur,1
2026-09-18,SEL-1042,Bijapur,1
2026-09-18,SEL-1070,Bijapur,1
2026-09-18,SEL-1085,Bijapur,1
2026-09-18,SEL-1096,Bijapur,2
2026-09-18,BLT-1003,Dharwad,3
2026-09-18,BLT-1035,Dharwad,1
2026-09-18,BLT-1053,Dharwad,2
2026-09-18,BLT-1080,Dharwad,1
2026-09-18,BRG-1008,Dharwad,1
2026-09-18,BRG-1025,Dharwad,3
2026-09-18,BRG-1086,Dharwad,1
2026-09-18,BRG-1092,Dharwad,1
2026-09-18,BRG-1099,Dharwad,1
2026-09-18,CLT-1021,Dharwad,1
2026-09-18,CLT-1053,Dharwad,1
2026-09-18,CLT-1068,Dharwad,2
2026-09-18,CLT-1092,Dharwad,1
2026-09-18,CLT-1099,Dharwad,1
2026-09-18,ELE-1010,Dharwad,1
2026-09-18,ELE-1051,Dharwad,1
2026-09-18,FLT-1016,Dharwad,2
2026-09-18,FLT-1021,Dharwad,1
2026-09-18,FLT-1022,Dharwad,1
2026-09-18,FLT-1037,Dharwad,1
2026-09-18,FLT-1053,Dharwad,1
2026-09-18,FLT-1056,Dharwad,1
2026-09-18,FLT-1093,Dharwad,1
2026-09-18,HYD-1004,Dharwad,1
2026-09-18,HYD-1024,Dharwad,2
2026-09-18,HYD-1038,Dharwad,4
2026-09-18,HYD-1074,Dharwad,1
2026-09-18,PMP-1009,Dharwad,1
2026-09-18,PMP-1036,Dharwad,1
2026-09-18,PMP-1089,Dharwad,1
2026-09-18,PMP-5012,Dharwad,2
2026-09-18,SEL-1002,Dharwad,1
2026-09-18,SEL-1037,Dharwad,1
2026-09-18,SEL-1042,Dharwad,2
2026-09-18,SEL-1068,Dharwad,1
2026-09-18,BLT-1053,Gokak,2
2026-09-18,BLT-1087,Gokak,3
2026-09-18,BLT-1093,Gokak,2
2026-09-18,BLT-4105,Gokak,1
2026-09-18,BRG-1037,Gokak,1
2026-09-18,BRG-1049,Gokak,1
2026-09-18,BRG-1064,Gokak,2
2026-09-18,CLT-1016,Gokak,1
2026-09-18,CLT-1044,Gokak,2
2026-09-18,CLT-1099,Gokak,2
2026-09-18,CLT-6120,Gokak,1
2026-09-18,ELE-1000,Gokak,2
2026-09-18,ELE-1010,Gokak,1
2026-09-18,ELE-1030,Gokak,1
2026-09-18,ELE-1044,Gokak,1
2026-09-18,ELE-1057,Gokak,1
2026-09-18,ELE-1073,Gokak,2
2026-09-18,ELE-1100,Gokak,3
2026-09-18,FLT-1009,Gokak,1
2026-09-18,FLT-1021,Gokak,2
2026-09-18,FLT-1032,Gokak,1
2026-09-18,FLT-1045,Gokak,1
2026-09-18,HYD-1012,Gokak,1
2026-09-18,HYD-1016,Gokak,1
2026-09-18,HYD-1074,Gokak,2
2026-09-18,HYD-1081,Gokak,1
2026-09-18,HYD-1089,Gokak,1
2026-09-18,PMP-1019,Gokak,1
2026-09-18,PMP-1052,Gokak,1
2026-09-18,PMP-1075,Gokak,1
2026-09-18,PMP-1091,Gokak,2
2026-09-18,SEL-1008,Gokak,2
2026-09-18,SEL-1014,Gokak,1
2026-09-18,SEL-1024,Gokak,1
2026-09-18,SEL-1029,Gokak,2
2026-09-18,SEL-1077,Gokak,1
2026-09-18,SEL-1085,Gokak,1
2026-09-18,SEL-3310,Gokak,3
2026-09-18,BLT-1003,Hubli,1
2026-09-18,BLT-1080,Hubli,3
2026-09-18,BLT-4105,Hubli,1
2026-09-18,BRG-1025,Hubli,1
2026-09-18,BRG-1033,Hubli,1
2026-09-18,BRG-1064,Hubli,1
2026-09-18,BRG-1081,Hubli,1
2026-09-18,CLT-1016,Hubli,1
2026-09-18,CLT-1037,Hubli,1
2026-09-18,CLT-1074,Hubli,1
2026-09-18,CLT-1099,Hubli,1
2026-09-18,ELE-1010,Hubli,2
2026-09-18,ELE-1086,Hubli,3
2026-09-18,ELE-1092,Hubli,1
2026-09-18,FLT-1009,Hubli,2
2026-09-18,FLT-1037,Hubli,1
2026-09-18,FLT-1045,Hubli,1
2026-09-18,HYD-1016,Hubli,1
2026-09-18,HYD-1028,Hubli,1
2026-09-18,HYD-1089,Hubli,2
2026-09-18,HYD-1098,Hubli,2
2026-09-18,PMP-1009,Hubli,2
2026-09-18,PMP-1023,Hubli,1
2026-09-18,PMP-1056,Hubli,2
2026-09-18,PMP-1063,Hubli,1
2026-09-18,PMP-1079,Hubli,1
2026-09-18,SEL-1037,Hubli,1
2026-09-18,SEL-1042,Hubli,2
2026-09-18,SEL-1068,Hubli,1
2026-09-18,SEL-3310,Hubli,3
2026-09-19,BLT-1016,Bagalkot,1
2026-09-19,BLT-1035,Bagalkot,1
2026-09-19,BLT-1061,Bagalkot,2
2026-09-19,BLT-1066,Bagalkot,1
2026-09-19,BLT-1080,Bagalkot,3
2026-09-19,BLT-1093,Bagalkot,2
2026-09-19,BLT-4105,Bagalkot,1
2026-09-19,BRG-1000,Bagalkot,1
2026-09-19,BRG-1008,Bagalkot,1
2026-09-19,BRG-1018,Bagalkot,1
2026-09-19,BRG-1033,Bagalkot,1
2026-09-19,BRG-1081,Bagalkot,1
2026-09-19,CLT-1044,Bagalkot,1
2026-09-19,ELE-1010,Bagalkot,1
2026-09-19,ELE-1018,Bagalkot,1
2026-09-19,FLT-1009,Bagalkot,1
2026-09-19,FLT-1032,Bagalkot,2
2026-09-19,FLT-1045,Bagalkot,1
2026-09-19,FLT-1063,Bagalkot,4
2026-09-19,FLT-1074,Bagalkot,1
2026-09-19,FLT-1093,Bagalkot,2
2026-09-19,HYD-1016,Bagalkot,1
2026-09-19,HYD-1024,Bagalkot,7
2026-09-19,HYD-1028,Bagalkot,2
2026-09-19,HYD-1042,Bagalkot,1
2026-09-19,HYD-1051,Bagalkot,1
2026-09-19,HYD-1074,Bagalkot,1
2026-09-19,PMP-1036,Bagalkot,1
2026-09-19,PMP-1043,Bagalkot,1
2026-09-19,PMP-1063,Bagalkot,1
2026-09-19,PMP-1089,Bagalkot,1
2026-09-19,PMP-1098,Bagalkot,2
2026-09-19,PMP-5012,Bagalkot,1
2026-09-19,SEL-1042,Bagalkot,1
2026-09-19,SEL-1052,Bagalkot,1
2026-09-19,SEL-1070,Bagalkot,1
2026-09-19,SEL-1085,Bagalkot,1
2026-09-19,BLT-1016,Belgaum,2
2026-09-19,BLT-1073,Belgaum,2
2026-09-19,BLT-1080,Belgaum,1
2026-09-19,BRG-1018,Belgaum,1
2026-09-19,BRG-1037,Belgaum,1
2026-09-19,BRG-1058,Belgaum,1
2026-09-19,BRG-1064,Belgaum,2
2026-09-19,BRG-1075,Belgaum,3
2026-09-19,BRG-1099,Belgaum,3
2026-09-19,CLT-1004,Belgaum,1
2026-09-19,CLT-1021,Belgaum,1
2026-09-19,CLT-1044,Belgaum,1
2026-09-19,CLT-1081,Belgaum,1
2026-09-19,CLT-1089,Belgaum,1
2026-09-19,ELE-1023,Belgaum,1
2026-09-19,ELE-1030,Belgaum,1
2026-09-19,ELE-1039,Belgaum,1
2026-09-19,FLT-1009,Belgaum,1
2026-09-19,FLT-1021,Belgaum,1
2026-09-19,FLT-1022,Belgaum,2
2026-09-19,FLT-1045,Belgaum,2
2026-09-19,FLT-1086,Belgaum,3
2026-09-19,HYD-1004,Belgaum,1
2026-09-19,HYD-1012,Belgaum,1
2026-09-19,HYD-1016,Belgaum,3
2026-09-19,HYD-1028,Belgaum,1
2026-09-19,HYD-1061,Belgaum,1
2026-09-19,PMP-1043,Belgaum,1
2026-09-19,PMP-1075,Belgaum,1
2026-09-19,PMP-1079,Belgaum,1
2026-09-19,SEL-1002,Belgaum,2
2026-09-19,SEL-1008,Belgaum,3
2026-09-19,SEL-1024,Belgaum,1
2026-09-19,SEL-1029,Belgaum,1
2026-09-19,SEL-1037,Belgaum,1
2026-09-19,SEL-1068,Belgaum,1
2026-09-19,SEL-3310,Belgaum,2
2026-09-19,BLT-1026,Bijapur,3
2026-09-19,BLT-1061,Bijapur,1
2026-09-19,BLT-1093,Bijapur,1
2026-09-19,BLT-4105,Bijapur,1
2026-09-19,BRG-1049,Bijapur,1
2026-09-19,BRG-1064,Bijapur,3
2026-09-19,CLT-1044,Bijapur,1
2026-09-19,CLT-6120,Bijapur,2
2026-09-19,ELE-1023,Bijapur,1
2026-09-19,ELE-1044,Bijapur,1
2026-09-19,FLT-1001,Bijapur,2
2026-09-19,FLT-1009,Bijapur,2
2026-09-19,FLT-1016,Bijapur,2
2026-09-19,FLT-1021,Bijapur,2
2026-09-19,FLT-1053,Bijapur,2
2026-09-19,FLT-1074,Bijapur,1
2026-09-19,FLT-1086,Bijapur,1
2026-09-19,HYD-1004,Bijapur,1
2026-09-19,HYD-1016,Bijapur,1
2026-09-19,HYD-1024,Bijapur,3
2026-09-19,HYD-1028,Bijapur,1
2026-09-19,HYD-1042,Bijapur,2
2026-09-19,HYD-1063,Bijapur,1
2026-09-19,PMP-1002,Bijapur,1
2026-09-19,PMP-1009,Bijapur,1
2026-09-19,PMP-1075,Bijapur,1
2026-09-19,PMP-1089,Bijapur,2
2026-09-19,PMP-1098,Bijapur,1
2026-09-19,PMP-5012,Bijapur,3
2026-09-19,SEL-1014,Bijapur,1
2026-09-19,SEL-1024,Bijapur,1
2026-09-19,SEL-1029,Bijapur,1
2026-09-19,SEL-1037,Bijapur,1
2026-09-19,SEL-1042,Bijapur,4
2026-09-19,SEL-1068,Bijapur,1
2026-09-19,SEL-1096,Bijapur,1
2026-09-19,BLT-1032,Dharwad,1
2026-09-19,BLT-1035,Dharwad,2
2026-09-19,BLT-1053,Dharwad,1
2026-09-19,BLT-1087,Dharwad,1
2026-09-19,BRG-1008,Dharwad,2
2026-09-19,BRG-1025,Dharwad,5
2026-09-19,BRG-1075,Dharwad,2
2026-09-19,BRG-1099,Dharwad,1
2026-09-19,CLT-1028,Dharwad,3
2026-09-19,CLT-1057,Dharwad,1
2026-09-19,CLT-1081,Dharwad,1
2026-09-19,CLT-1089,Dharwad,3
2026-09-19,ELE-1000,Dharwad,1
2026-09-19,FLT-1016,Dharwad,1
2026-09-19,FLT-1022,Dharwad,1
2026-09-19,FLT-1093,Dharwad,1
2026-09-19,HYD-1024,Dharwad,2
2026-09-19,HYD-1051,Dharwad,2
2026-09-19,HYD-1095,Dharwad,2
2026-09-19,PMP-1002,Dharwad,1
2026-09-19,PMP-1023,Dharwad,2
2026-09-19,PMP-1032,Dharwad,1
2026-09-19,PMP-1036,Dharwad,1
2026-09-19,PMP-1056,Dharwad,1
2026-09-19,PMP-1063,Dharwad,2
2026-09-19,PMP-1079,Dharwad,1
2026-09-19,PMP-1091,Dharwad,1
2026-09-19,PMP-1098,Dharwad,1
2026-09-19,SEL-1037,Dharwad,2
2026-09-19,SEL-1096,Dharwad,1
2026-09-19,BLT-1026,Gokak,1
2026-09-19,BLT-1032,Gokak,3
2026-09-19,BLT-1053,Gokak,3
2026-09-19,BLT-1087,Gokak,3
2026-09-19,BLT-1098,Gokak,1
2026-09-19,BLT-4105,Gokak,1
2026-09-19,BRG-1033,Gokak,1
2026-09-19,BRG-1037,Gokak,1
2026-09-19,BRG-1099,Gokak,1
2026-09-19,CLT-1016,Gokak,2
2026-09-19,CLT-1044,Gokak,4
2026-09-19,CLT-1099,Gokak,5
2026-09-19,CLT-6120,Gokak,1
2026-09-19,ELE-1000,Gokak,3
2026-09-19,ELE-1010,Gokak,1
2026-09-19,ELE-1030,Gokak,1
2026-09-19,ELE-1044,Gokak,1
2026-09-19,ELE-1092,Gokak,2
2026-09-19,ELE-1100,Gokak,1
2026-09-19,FLT-1021,Gokak,3
2026-09-19,FLT-1032,Gokak,2
2026-09-19,FLT-1037,Gokak,2
2026-09-19,FLT-1045,Gokak,1
2026-09-19,FLT-1098,Gokak,1
2026-09-19,HYD-1004,Gokak,1
2026-09-19,HYD-1016,Gokak,1
2026-09-19,HYD-1074,Gokak,2
2026-09-19,HYD-1089,Gokak,1
2026-09-19,PMP-1023,Gokak,1
2026-09-19,PMP-1032,Gokak,1
2026-09-19,PMP-1036,Gokak,1
2026-09-19,PMP-1052,Gokak,1
2026-09-19,PMP-1075,Gokak,1
2026-09-19,PMP-1091,Gokak,2
2026-09-19,PMP-5012,Gokak,1
2026-09-19,SEL-1008,Gokak,1
2026-09-19,SEL-1029,Gokak,1
2026-09-19,SEL-1085,Gokak,1
2026-09-19,BLT-1003,Hubli,1
2026-09-19,BLT-1016,Hubli,1
2026-09-19,BLT-4105,Hubli,1
2026-09-19,BRG-1049,Hubli,1
2026-09-19,BRG-1081,Hubli,3
2026-09-19,CLT-1007,Hubli,1
2026-09-19,CLT-1021,Hubli,1
2026-09-19,CLT-1028,Hubli,1
2026-09-19,CLT-1074,Hubli,2
2026-09-19,ELE-1000,Hubli,1
2026-09-19,ELE-1010,Hubli,3
2026-09-19,ELE-1073,Hubli,1
2026-09-19,ELE-1079,Hubli,2
2026-09-19,FLT-1009,Hubli,4
2026-09-19,FLT-1037,Hubli,1
2026-09-19,FLT-1053,Hubli,1
2026-09-19,FLT-1063,Hubli,2
2026-09-19,FLT-1074,Hubli,1
2026-09-19,HYD-1016,Hubli,1
2026-09-19,HYD-1028,Hubli,2
2026-09-19,HYD-1081,Hubli,1
2026-09-19,PMP-1019,Hubli,1
2026-09-19,PMP-1023,Hubli,2
2026-09-19,PMP-1032,Hubli,1
2026-09-19,PMP-1056,Hubli,2
2026-09-19,PMP-1063,Hubli,1
2026-09-19,PMP-1079,Hubli,1
2026-09-19,PMP-1089,Hubli,1
2026-09-19,SEL-1002,Hubli,3
2026-09-19,SEL-1014,Hubli,1
2026-09-19,SEL-1037,Hubli,2
2026-09-19,SEL-1096,Hubli,1
2026-09-20,BLT-1016,Bagalkot,1
2026-09-20,BLT-1026,Bagalkot,1
2026-09-20,BLT-1032,Bagalkot,2
2026-09-20,BLT-1035,Bagalkot,2
2026-09-20,BLT-1053,Bagalkot,2
2026-09-20,BLT-1073,Bagalkot,1
2026-09-20,BLT-1093,Bagalkot,1
2026-09-20,BLT-4105,Bagalkot,1
2026-09-20,BRG-1000,Bagalkot,1
2026-09-20,BRG-1033,Bagalkot,2
2026-09-20,BRG-1049,Bagalkot,2
2026-09-20,BRG-1086,Bagalkot,1
2026-09-20,BRG-1092,Bagalkot,1
2026-09-20,CLT-1068,Bagalkot,1
2026-09-20,CLT-1099,Bagalkot,1
2026-09-20,ELE-1000,Bagalkot,1
2026-09-20,ELE-1018,Bagalkot,2
2026-09-20,ELE-1023,Bagalkot,1
2026-09-20,ELE-1057,Bagalkot,1
2026-09-20,ELE-1067,Bagalkot,1
2026-09-20,FLT-1001,Bagalkot,1
2026-09-20,FLT-1037,Bagalkot,1
2026-09-20,FLT-1063,Bagalkot,3
2026-09-20,FLT-1074,Bagalkot,1
2026-09-20,FLT-1093,Bagalkot,1
2026-09-20,FLT-1098,Bagalkot,2
2026-09-20,HYD-1012,Bagalkot,2
2026-09-20,HYD-1028,Bagalkot,1
2026-09-20,HYD-1042,Bagalkot,3
2026-09-20,HYD-1095,Bagalkot,1
2026-09-20,HYD-1098,Bagalkot,1
2026-09-20,PMP-1019,Bagalkot,1
2026-09-20,PMP-1052,Bagalkot,2
2026-09-20,PMP-1098,Bagalkot,1
2026-09-20,PMP-5012,Bagalkot,2
2026-09-20,SEL-1002,Bagalkot,1
2026-09-20,SEL-1042,Bagalkot,2
2026-09-20,SEL-1052,Bagalkot,2
2026-09-20,SEL-1085,Bagalkot,2
2026-09-20,SEL-1096,Bagalkot,1
2026-09-20,SEL-1098,Bagalkot,2
2026-09-20,BLT-1016,Belgaum,1
2026-09-20,BLT-1035,Belgaum,1
2026-09-20,BRG-1018,Belgaum,2
2026-09-20,BRG-1037,Belgaum,2
2026-09-20,BRG-1058,Belgaum,1
2026-09-20,BRG-1075,Belgaum,2
2026-09-20,BRG-1099,Belgaum,1
2026-09-20,CLT-1004,Belgaum,2
2026-09-20,CLT-1044,Belgaum,2
2026-09-20,CLT-6120,Belgaum,1
2026-09-20,ELE-1092,Belgaum,1
2026-09-20,FLT-1009,Belgaum,1
2026-09-20,FLT-1022,Belgaum,2
2026-09-20,FLT-1037,Belgaum,1
2026-09-20,FLT-1045,Belgaum,2
2026-09-20,FLT-1079,Belgaum,1
2026-09-20,FLT-1098,Belgaum,1
2026-09-20,HYD-1004,Belgaum,1
2026-09-20,HYD-1012,Belgaum,1
2026-09-20,HYD-1016,Belgaum,3
2026-09-20,HYD-1042,Belgaum,1
2026-09-20,HYD-1074,Belgaum,2
2026-09-20,HYD-1081,Belgaum,1
2026-09-20,PMP-5012,Belgaum,1
2026-09-20,SEL-1002,Belgaum,1
2026-09-20,SEL-1024,Belgaum,3
2026-09-20,SEL-3310,Belgaum,3
2026-09-20,BLT-1012,Bijapur,1
2026-09-20,BLT-1047,Bijapur,2
2026-09-20,BLT-1080,Bijapur,1
2026-09-20,BLT-4105,Bijapur,1
2026-09-20,BRG-1064,Bijapur,5
2026-09-20,BRG-1075,Bijapur,1
2026-09-20,BRG-1092,Bijapur,1
2026-09-20,CLT-1004,Bijapur,2
2026-09-20,CLT-1007,Bijapur,2
2026-09-20,CLT-1021,Bijapur,1
2026-09-20,CLT-1053,Bijapur,1
2026-09-20,CLT-1089,Bijapur,1
2026-09-20,ELE-1023,Bijapur,1
2026-09-20,FLT-1009,Bijapur,1
2026-09-20,FLT-1016,Bijapur,2
2026-09-20,FLT-1037,Bijapur,3
2026-09-20,FLT-1053,Bijapur,3
2026-09-20,FLT-1086,Bijapur,3
2026-09-20,FLT-1093,Bijapur,1
2026-09-20,HYD-1024,Bijapur,3
2026-09-20,HYD-1028,Bijapur,1
2026-09-20,HYD-1042,Bijapur,5
2026-09-20,HYD-1051,Bijapur,1
2026-09-20,PMP-1023,Bijapur,1
2026-09-20,PMP-1032,Bijapur,1
2026-09-20,PMP-1089,Bijapur,1
2026-09-20,PMP-5012,Bijapur,2
2026-09-20,SEL-1037,Bijapur,2
2026-09-20,SEL-1068,Bijapur,1
2026-09-20,SEL-1070,Bijapur,2
2026-09-20,SEL-1096,Bijapur,1
2026-09-20,BLT-1003,Dharwad,2
2026-09-20,BLT-1035,Dharwad,2
2026-09-20,BLT-1053,Dharwad,1
2026-09-20,BLT-1073,Dharwad,2
2026-09-20,BLT-1087,Dharwad,1
2026-09-20,BLT-1093,Dharwad,1
2026-09-20,BRG-1008,Dharwad,1
2026-09-20,BRG-1025,Dharwad,1
2026-09-20,BRG-1092,Dharwad,1
2026-09-20,BRG-2207,Dharwad,1
2026-09-20,CLT-1021,Dharwad,1
2026-09-20,CLT-1028,Dharwad,1
2026-09-20,CLT-1057,Dharwad,2
2026-09-20,CLT-1068,Dharwad,2
2026-09-20,CLT-1074,Dharwad,1
2026-09-20,ELE-1023,Dharwad,1
2026-09-20,ELE-1044,Dharwad,1
2026-09-20,ELE-1073,Dharwad,1
2026-09-20,ELE-1086,Dharwad,1
2026-09-20,ELE-1100,Dharwad,1
2026-09-20,FLT-1001,Dharwad,1
2026-09-20,FLT-1016,Dharwad,1
2026-09-20,FLT-1021,Dharwad,2
2026-09-20,FLT-1022,Dharwad,1
2026-09-20,FLT-1032,Dharwad,1
2026-09-20,FLT-1037,Dharwad,2
2026-09-20,FLT-1045,Dharwad,1
2026-09-20,FLT-1093,Dharwad,1
2026-09-20,HYD-1004,Dharwad,1
2026-09-20,HYD-1038,Dharwad,1
2026-09-20,HYD-1051,Dharwad,2
2026-09-20,HYD-1063,Dharwad,1
2026-09-20,HYD-1081,Dharwad,1
2026-09-20,PMP-1009,Dharwad,1
2026-09-20,PMP-1023,Dharwad,1
2026-09-20,PMP-1036,Dharwad,1
2026-09-20,PMP-1043,Dharwad,1
2026-09-20,PMP-1063,Dharwad,1
2026-09-20,PMP-1091,Dharwad,2
2026-09-20,SEL-1014,Dharwad,2
2026-09-20,SEL-1042,Dharwad,2
2026-09-20,SEL-3310,Dharwad,1
2026-09-20,BLT-1012,Gokak,1
2026-09-20,BLT-1053,Gokak,4
2026-09-20,BLT-1087,Gokak,4
2026-09-20,BLT-1093,Gokak,1
2026-09-20,BLT-1098,Gokak,1
2026-09-20,BRG-1008,Gokak,1
2026-09-20,BRG-1064,Gokak,3
2026-09-20,BRG-1086,Gokak,1
2026-09-20,BRG-1092,Gokak,1
2026-09-20,BRG-1099,Gokak,1
2026-09-20,CLT-1007,Gokak,1
2026-09-20,CLT-1016,Gokak,2
2026-09-20,CLT-1044,Gokak,1
2026-09-20,CLT-1099,Gokak,5
2026-09-20,ELE-1000,Gokak,3
2026-09-20,ELE-1010,Gokak,2
2026-09-20,ELE-1018,Gokak,2
2026-09-20,ELE-1092,Gokak,1
2026-09-20,FLT-1009,Gokak,1
2026-09-20,FLT-1021,Gokak,1
2026-09-20,FLT-1037,Gokak,2
2026-09-20,FLT-1045,Gokak,1
2026-09-20,HYD-1004,Gokak,1
2026-09-20,HYD-1016,Gokak,4
2026-09-20,HYD-1074,Gokak,2
2026-09-20,HYD-1081,Gokak,2
2026-09-20,HYD-1089,Gokak,1
2026-09-20,PMP-1032,Gokak,1
2026-09-20,PMP-1043,Gokak,1
2026-09-20,PMP-1052,Gokak,3
2026-09-20,PMP-1091,Gokak,2
2026-09-20,PMP-5012,Gokak,2
2026-09-20,SEL-1008,Gokak,2
2026-09-20,SEL-1024,Gokak,2
2026-09-20,SEL-1029,Gokak,1
2026-09-20,SEL-1085,Gokak,1
2026-09-20,SEL-1096,Gokak,2
2026-09-20,BLT-1003,Hubli,1
2026-09-20,BRG-1037,Hubli,1
2026-09-20,BRG-1045,Hubli,1
2026-09-20,BRG-1049,Hubli,1
2026-09-20,BRG-1058,Hubli,1
2026-09-20,BRG-1064,Hubli,1
2026-09-20,CLT-1004,Hubli,1
2026-09-20,CLT-1016,Hubli,2
2026-09-20,CLT-1037,Hubli,1
2026-09-20,CLT-1068,Hubli,2
2026-09-20,CLT-1099,Hubli,2
2026-09-20,CLT-6120,Hubli,1
2026-09-20,ELE-1000,Hubli,1
2026-09-20,ELE-1044,Hubli,2
2026-09-20,ELE-1086,Hubli,2
2026-09-20,FLT-1009,Hubli,1
2026-09-20,FLT-1032,Hubli,1
2026-09-20,FLT-1074,Hubli,1
2026-09-20,FLT-1079,Hubli,1
2026-09-20,HYD-1016,Hubli,1
2026-09-20,HYD-1024,Hubli,2
2026-09-20,HYD-1095,Hubli,2
2026-09-20,PMP-1019,Hubli,2
2026-09-20,PMP-1023,Hubli,2
2026-09-20,PMP-1032,Hubli,2
2026-09-20,PMP-1052,Hubli,1
2026-09-20,PMP-1056,Hubli,1
2026-09-20,PMP-1075,Hubli,1
2026-09-20,PMP-1089,Hubli,1
2026-09-20,PMP-1091,Hubli,2
2026-09-20,PMP-5012,Hubli,1
2026-09-20,SEL-1002,Hubli,1
2026-09-20,SEL-1014,Hubli,1
2026-09-20,SEL-1037,Hubli,2
2026-09-20,SEL-1042,Hubli,2
2026-09-20,SEL-1068,Hubli,1
2026-09-20,SEL-1077,Hubli,1
2026-09-20,SEL-3310,Hubli,4
2026-09-21,BLT-1016,Bagalkot,1
2026-09-21,BLT-1035,Bagalkot,1
2026-09-21,BLT-1061,Bagalkot,3
2026-09-21,BLT-1087,Bagalkot,2
2026-09-21,BLT-1093,Bagalkot,2
2026-09-21,BLT-4105,Bagalkot,2
2026-09-21,BRG-1000,Bagalkot,2
2026-09-21,BRG-1008,Bagalkot,1
2026-09-21,BRG-1033,Bagalkot,2
2026-09-21,BRG-1058,Bagalkot,1
2026-09-21,BRG-1081,Bagalkot,1
2026-09-21,CLT-1044,Bagalkot,1
2026-09-21,CLT-1068,Bagalkot,1
2026-09-21,CLT-1081,Bagalkot,1
2026-09-21,CLT-1089,Bagalkot,1
2026-09-21,ELE-1023,Bagalkot,1
2026-09-21,ELE-1030,Bagalkot,1
2026-09-21,ELE-1044,Bagalkot,2
2026-09-21,ELE-1079,Bagalkot,2
2026-09-21,FLT-1001,Bagalkot,1
2026-09-21,FLT-1009,Bagalkot,1
2026-09-21,FLT-1045,Bagalkot,1
2026-09-21,FLT-1056,Bagalkot,3
2026-09-21,FLT-1063,Bagalkot,1
2026-09-21,FLT-1074,Bagalkot,1
2026-09-21,FLT-1079,Bagalkot,1
2026-09-21,HYD-1012,Bagalkot,2
2026-09-21,HYD-1016,Bagalkot,4
2026-09-21,HYD-1024,Bagalkot,2
2026-09-21,HYD-1028,Bagalkot,2
2026-09-21,HYD-1042,Bagalkot,1
2026-09-21,HYD-1051,Bagalkot,3
2026-09-21,HYD-1095,Bagalkot,2
2026-09-21,HYD-1098,Bagalkot,1
2026-09-21,PMP-1036,Bagalkot,1
2026-09-21,PMP-1052,Bagalkot,2
2026-09-21,PMP-1089,Bagalkot,1
2026-09-21,PMP-1098,Bagalkot,2
2026-09-21,SEL-1002,Bagalkot,1
2026-09-21,SEL-1029,Bagalkot,1
2026-09-21,SEL-1037,Bagalkot,1
2026-09-21,SEL-1042,Bagalkot,1
2026-09-21,SEL-1052,Bagalkot,2
2026-09-21,SEL-1085,Bagalkot,2
2026-09-21,SEL-1098,Bagalkot,1
2026-09-21,BLT-1016,Belgaum,1
2026-09-21,BLT-1073,Belgaum,2
2026-09-21,BLT-1080,Belgaum,1
2026-09-21,BRG-1000,Belgaum,1
2026-09-21,BRG-1018,Belgaum,1
2026-09-21,BRG-1037,Belgaum,1
2026-09-21,BRG-1064,Belgaum,2
2026-09-21,BRG-1099,Belgaum,1
2026-09-21,CLT-1004,Belgaum,5
2026-09-21,CLT-1007,Belgaum,1
2026-09-21,CLT-1021,Belgaum,1
2026-09-21,CLT-1044,Belgaum,1
2026-09-21,CLT-1053,Belgaum,1
2026-09-21,CLT-1081,Belgaum,2
2026-09-21,CLT-1089,Belgaum,2
2026-09-21,CLT-1099,Belgaum,1
2026-09-21,ELE-1000,Belgaum,1
2026-09-21,ELE-1092,Belgaum,1
2026-09-21,FLT-1016,Belgaum,1
2026-09-21,FLT-1022,Belgaum,1
2026-09-21,FLT-1045,Belgaum,1
2026-09-21,FLT-1053,Belgaum,1
2026-09-21,FLT-1079,Belgaum,1
2026-09-21,FLT-1086,Belgaum,2
2026-09-21,HYD-1004,Belgaum,1
2026-09-21,HYD-1012,Belgaum,2
2026-09-21,HYD-1016,Belgaum,4
2026-09-21,HYD-1024,Belgaum,1
2026-09-21,HYD-1095,Belgaum,2
2026-09-21,HYD-1098,Belgaum,1
2026-09-21,PMP-1075,Belgaum,1
2026-09-21,SEL-1002,Belgaum,1
2026-09-21,SEL-1008,Belgaum,2
2026-09-21,SEL-1037,Belgaum,2
2026-09-21,SEL-1068,Belgaum,1
2026-09-21,SEL-3310,Belgaum,3
2026-09-21,BLT-1035,Bijapur,2
2026-09-21,BLT-1093,Bijapur,1
2026-09-21,BRG-1045,Bijapur,1
2026-09-21,BRG-1049,Bijapur,1
2026-09-21,BRG-1064,Bijapur,2
2026-09-21,CLT-1004,Bijapur,1
2026-09-21,CLT-1007,Bijapur,1
2026-09-21,CLT-1089,Bijapur,1
2026-09-21,ELE-1023,Bijapur,1
2026-09-21,FLT-1001,Bijapur,2
2026-09-21,FLT-1009,Bijapur,1
2026-09-21,FLT-1016,Bijapur,6
2026-09-21,FLT-1053,Bijapur,2
2026-09-21,FLT-1063,Bijapur,1
2026-09-21,FLT-1079,Bijapur,1
2026-09-21,HYD-1024,Bijapur,3
2026-09-21,HYD-1028,Bijapur,1
2026-09-21,HYD-1042,Bijapur,2
2026-09-21,HYD-1063,Bijapur,1
2026-09-21,HYD-1098,Bijapur,3
2026-09-21,PMP-1009,Bijapur,2
2026-09-21,PMP-1023,Bijapur,3
2026-09-21,PMP-1075,Bijapur,3
2026-09-21,PMP-1089,Bijapur,2
2026-09-21,SEL-1037,Bijapur,1
2026-09-21,SEL-1070,Bijapur,2
2026-09-21,SEL-1085,Bijapur,1
2026-09-21,BLT-1003,Dharwad,4
2026-09-21,BLT-1035,Dharwad,2
2026-09-21,BLT-1047,Dharwad,1
2026-09-21,BLT-1053,Dharwad,1
2026-09-21,BLT-1066,Dharwad,1
2026-09-21,BLT-1073,Dharwad,2
2026-09-21,BRG-1000,Dharwad,1
2026-09-21,BRG-1008,Dharwad,1
2026-09-21,BRG-1025,Dharwad,2
2026-09-21,BRG-1064,Dharwad,1
2026-09-21,BRG-1075,Dharwad,2
2026-09-21,BRG-1092,Dharwad,1
2026-09-21,CLT-1004,Dharwad,1
2026-09-21,CLT-1021,Dharwad,1
2026-09-21,CLT-1057,Dharwad,1
2026-09-21,CLT-1068,Dharwad,1
2026-09-21,CLT-1074,Dharwad,1
2026-09-21,ELE-1000,Dharwad,1
2026-09-21,ELE-1018,Dharwad,1
2026-09-21,ELE-1100,Dharwad,1
2026-09-21,FLT-1016,Dharwad,2
2026-09-21,FLT-1021,Dharwad,1
2026-09-21,FLT-1022,Dharwad,1
2026-09-21,FLT-1037,Dharwad,1
2026-09-21,FLT-1053,Dharwad,2
2026-09-21,FLT-1093,Dharwad,1
2026-09-21,HYD-1004,Dharwad,1
2026-09-21,HYD-1024,Dharwad,1
2026-09-21,HYD-1038,Dharwad,4
2026-09-21,HYD-1081,Dharwad,1
2026-09-21,HYD-1095,Dharwad,2
2026-09-21,PMP-1002,Dharwad,1
2026-09-21,PMP-1009,Dharwad,1
2026-09-21,PMP-1023,Dharwad,1
2026-09-21,PMP-1032,Dharwad,1
2026-09-21,PMP-1036,Dharwad,2
2026-09-21,PMP-1043,Dharwad,2
2026-09-21,PMP-1056,Dharwad,1
2026-09-21,PMP-1063,Dharwad,1
2026-09-21,PMP-1079,Dharwad,1
2026-09-21,PMP-5012,Dharwad,1
2026-09-21,SEL-1002,Dharwad,1
2026-09-21,SEL-1014,Dharwad,1
2026-09-21,SEL-1059,Dharwad,1
2026-09-21,SEL-3310,Dharwad,1
2026-09-21,BLT-1003,Gokak,1
2026-09-21,BLT-1012,Gokak,2
2026-09-21,BLT-1016,Gokak,1
2026-09-21,BLT-1053,Gokak,3
2026-09-21,BLT-1066,Gokak,1
2026-09-21,BLT-1087,Gokak,3
2026-09-21,BRG-1008,Gokak,1
2026-09-21,BRG-1064,Gokak,1
2026-09-21,BRG-1086,Gokak,2
2026-09-21,BRG-1099,Gokak,1
2026-09-21,CLT-1007,Gokak,1
2026-09-21,CLT-1044,Gokak,2
2026-09-21,CLT-1074,Gokak,1
2026-09-21,CLT-1099,Gokak,1
2026-09-21,CLT-6120,Gokak,1
2026-09-21,ELE-1044,Gokak,1
2026-09-21,ELE-1051,Gokak,1
2026-09-21,ELE-1100,Gokak,2
2026-09-21,FLT-1021,Gokak,4
2026-09-21,FLT-1032,Gokak,2
2026-09-21,FLT-1037,Gokak,1
2026-09-21,FLT-1045,Gokak,1
2026-09-21,FLT-1098,Gokak,2
2026-09-21,HYD-1004,Gokak,1
2026-09-21,HYD-1016,Gokak,2
2026-09-21,HYD-1038,Gokak,1
2026-09-21,HYD-1074,Gokak,5
2026-09-21,HYD-1098,Gokak,1
2026-09-21,PMP-1023,Gokak,2
2026-09-21,PMP-1036,Gokak,1
2026-09-21,PMP-1043,Gokak,1
2026-09-21,PMP-1052,Gokak,1
2026-09-21,PMP-1056,Gokak,2
2026-09-21,PMP-1091,Gokak,2
2026-09-21,SEL-1008,Gokak,1
2026-09-21,SEL-1029,Gokak,2
2026-09-21,SEL-1042,Gokak,1
2026-09-21,SEL-1077,Gokak,4
2026-09-21,SEL-1085,Gokak,2
2026-09-21,SEL-3310,Gokak,1
2026-09-21,BLT-1003,Hubli,4
2026-09-21,BLT-1032,Hubli,1
2026-09-21,BLT-4105,Hubli,3
2026-09-21,BRG-1037,Hubli,3
2026-09-21,BRG-1045,Hubli,1
2026-09-21,BRG-1049,Hubli,1
2026-09-21,BRG-1058,Hubli,1
2026-09-21,BRG-1064,Hubli,1
2026-09-21,BRG-1081,Hubli,1
2026-09-21,CLT-1004,Hubli,1
2026-09-21,CLT-1016,Hubli,2
2026-09-21,CLT-1037,Hubli,1
2026-09-21,CLT-1044,Hubli,1
2026-09-21,CLT-1057,Hubli,1
2026-09-21,ELE-1000,Hubli,1
2026-09-21,ELE-1010,Hubli,2
2026-09-21,ELE-1039,Hubli,1
2026-09-21,ELE-1073,Hubli,1
2026-09-21,ELE-1079,Hubli,1
2026-09-21,ELE-1092,Hubli,1
2026-09-21,FLT-1009,Hubli,2
2026-09-21,FLT-1016,Hubli,1
2026-09-21,FLT-1037,Hubli,1
2026-09-21,FLT-1074,Hubli,1
2026-09-21,HYD-1016,Hubli,1
2026-09-21,HYD-1024,Hubli,1
2026-09-21,HYD-1098,Hubli,1
2026-09-21,PMP-1023,Hubli,2
2026-09-21,PMP-1056,Hubli,1
2026-09-21,PMP-1063,Hubli,2
2026-09-21,PMP-1079,Hubli,1
2026-09-21,PMP-1089,Hubli,2
2026-09-21,PMP-1091,Hubli,1
2026-09-21,SEL-1002,Hubli,1
2026-09-21,SEL-1014,Hubli,2
2026-09-21,SEL-1037,Hubli,1
2026-09-21,SEL-1068,Hubli,2
2026-09-21,SEL-1070,Hubli,1
2026-09-21,SEL-1077,Hubli,1
2026-09-21,SEL-1096,Hubli,2
2026-09-22,BLT-1016,Bagalkot,1
2026-09-22,BLT-1026,Bagalkot,2
2026-09-22,BLT-1035,Bagalkot,2
2026-09-22,BLT-1061,Bagalkot,1
2026-09-22,BLT-1066,Bagalkot,2
2026-09-22,BLT-1093,Bagalkot,1
2026-09-22,BLT-4105,Bagalkot,1
2026-09-22,BRG-1000,Bagalkot,4
2026-09-22,BRG-1008,Bagalkot,1
2026-09-22,BRG-1033,Bagalkot,2
2026-09-22,BRG-1058,Bagalkot,1
2026-09-22,BRG-1081,Bagalkot,1
2026-09-22,BRG-1086,Bagalkot,2
2026-09-22,BRG-1092,Bagalkot,1
2026-09-22,CLT-1004,Bagalkot,1
2026-09-22,CLT-1007,Bagalkot,1
2026-09-22,CLT-1044,Bagalkot,1
2026-09-22,CLT-1068,Bagalkot,1
2026-09-22,ELE-1018,Bagalkot,4
2026-09-22,ELE-1030,Bagalkot,2
2026-09-22,ELE-1044,Bagalkot,1
2026-09-22,ELE-1079,Bagalkot,1
2026-09-22,FLT-1001,Bagalkot,2
2026-09-22,FLT-1009,Bagalkot,2
2026-09-22,FLT-1021,Bagalkot,1
2026-09-22,FLT-1022,Bagalkot,1
2026-09-22,FLT-1056,Bagalkot,1
2026-09-22,FLT-1063,Bagalkot,3
2026-09-22,FLT-1074,Bagalkot,4
2026-09-22,FLT-1098,Bagalkot,5
2026-09-22,HYD-1016,Bagalkot,2
2026-09-22,HYD-1024,Bagalkot,7
2026-09-22,HYD-1028,Bagalkot,1
2026-09-22,HYD-1095,Bagalkot,2
2026-09-22,PMP-1002,Bagalkot,1
2026-09-22,PMP-1098,Bagalkot,3
2026-09-22,SEL-1002,Bagalkot,1
2026-09-22,SEL-1042,Bagalkot,1
2026-09-22,SEL-1052,Bagalkot,1
2026-09-22,SEL-1070,Bagalkot,1
2026-09-22,SEL-1085,Bagalkot,1
2026-09-22,SEL-1096,Bagalkot,2
2026-09-22,SEL-1098,Bagalkot,1
2026-09-22,BLT-1032,Belgaum,2
2026-09-22,BLT-1073,Belgaum,2
2026-09-22,BLT-1080,Belgaum,1
2026-09-22,BLT-1087,Belgaum,1
2026-09-22,BRG-1037,Belgaum,1
2026-09-22,BRG-1064,Belgaum,2
2026-09-22,BRG-1075,Belgaum,1
2026-09-22,BRG-1086,Belgaum,2
2026-09-22,BRG-1099,Belgaum,1
2026-09-22,CLT-1004,Belgaum,3
2026-09-22,CLT-1016,Belgaum,1
2026-09-22,CLT-1021,Belgaum,1
2026-09-22,CLT-1057,Belgaum,1
2026-09-22,CLT-1074,Belgaum,1
2026-09-22,CLT-1089,Belgaum,1
2026-09-22,CLT-1099,Belgaum,1
2026-09-22,CLT-6120,Belgaum,1
2026-09-22,ELE-1000,Belgaum,1
2026-09-22,ELE-1023,Belgaum,1
2026-09-22,ELE-1039,Belgaum,2
2026-09-22,ELE-1086,Belgaum,1
2026-09-22,ELE-1092,Belgaum,1
2026-09-22,FLT-1001,Belgaum,1
2026-09-22,FLT-1009,Belgaum,1
2026-09-22,FLT-1021,Belgaum,2
2026-09-22,FLT-1022,Belgaum,1
2026-09-22,FLT-1037,Belgaum,1
2026-09-22,FLT-1045,Belgaum,2
2026-09-22,FLT-1079,Belgaum,2
2026-09-22,FLT-1086,Belgaum,2
2026-09-22,HYD-1004,Belgaum,2
2026-09-22,HYD-1016,Belgaum,2
2026-09-22,HYD-1024,Belgaum,1
2026-09-22,HYD-1095,Belgaum,1
2026-09-22,PMP-1036,Belgaum,1
2026-09-22,PMP-1056,Belgaum,1
2026-09-22,PMP-5012,Belgaum,4
2026-09-22,SEL-1002,Belgaum,1
2026-09-22,SEL-1008,Belgaum,1
2026-09-22,SEL-1037,Belgaum,2
2026-09-22,SEL-1068,Belgaum,1
2026-09-22,SEL-1085,Belgaum,1
2026-09-22,SEL-3310,Belgaum,2
2026-09-22,BLT-1026,Bijapur,2
2026-09-22,BLT-1035,Bijapur,1
2026-09-22,BLT-1053,Bijapur,2
2026-09-22,BLT-1098,Bijapur,1
2026-09-22,BLT-4105,Bijapur,1
2026-09-22,BRG-1049,Bijapur,1
2026-09-22,BRG-1064,Bijapur,2
2026-09-22,BRG-1092,Bijapur,1
2026-09-22,BRG-2207,Bijapur,1
2026-09-22,CLT-1007,Bijapur,1
2026-09-22,CLT-1053,Bijapur,1
2026-09-22,CLT-6120,Bijapur,1
2026-09-22,ELE-1010,Bijapur,2
2026-09-22,ELE-1023,Bijapur,2
2026-09-22,FLT-1001,Bijapur,1
2026-09-22,FLT-1021,Bijapur,1
2026-09-22,FLT-1037,Bijapur,1
2026-09-22,FLT-1045,Bijapur,1
2026-09-22,FLT-1053,Bijapur,2
2026-09-22,FLT-1056,Bijapur,1
2026-09-22,FLT-1079,Bijapur,1
2026-09-22,FLT-1093,Bijapur,1
2026-09-22,HYD-1016,Bijapur,2
2026-09-22,HYD-1024,Bijapur,1
2026-09-22,HYD-1042,Bijapur,1
2026-09-22,HYD-1063,Bijapur,2
2026-09-22,HYD-1074,Bijapur,1
2026-09-22,PMP-1009,Bijapur,3
2026-09-22,PMP-1023,Bijapur,1
2026-09-22,PMP-1079,Bijapur,1
2026-09-22,PMP-1089,Bijapur,1
2026-09-22,PMP-1091,Bijapur,1
2026-09-22,PMP-1098,Bijapur,1
2026-09-22,PMP-5012,Bijapur,3
2026-09-22,SEL-1037,Bijapur,2
2026-09-22,SEL-1042,Bijapur,2
2026-09-22,SEL-1068,Bijapur,3
2026-09-22,SEL-1070,Bijapur,4
2026-09-22,SEL-1077,Bijapur,1
2026-09-22,SEL-1096,Bijapur,4
2026-09-22,BLT-1003,Dharwad,1
2026-09-22,BLT-1053,Dharwad,2
2026-09-22,BLT-1080,Dharwad,1
2026-09-22,BLT-1098,Dharwad,1
2026-09-22,BRG-1008,Dharwad,3
2026-09-22,BRG-1025,Dharwad,1
2026-09-22,CLT-1021,Dharwad,2
2026-09-22,CLT-1028,Dharwad,2
2026-09-22,CLT-1057,Dharwad,1
2026-09-22,CLT-1068,Dharwad,2
2026-09-22,CLT-1092,Dharwad,1
2026-09-22,CLT-1099,Dharwad,1
2026-09-22,ELE-1000,Dharwad,1
2026-09-22,ELE-1044,Dharwad,1
2026-09-22,ELE-1092,Dharwad,1
2026-09-22,ELE-1100,Dharwad,2
2026-09-22,FLT-1021,Dharwad,1
2026-09-22,FLT-1022,Dharwad,1
2026-09-22,FLT-1032,Dharwad,1
2026-09-22,FLT-1053,Dharwad,3
2026-09-22,HYD-1024,Dharwad,2
2026-09-22,HYD-1051,Dharwad,1
2026-09-22,HYD-1074,Dharwad,1
2026-09-22,HYD-1095,Dharwad,1
2026-09-22,PMP-1002,Dharwad,1
2026-09-22,PMP-1009,Dharwad,3
2026-09-22,PMP-1023,Dharwad,1
2026-09-22,PMP-1032,Dharwad,1
2026-09-22,PMP-1043,Dharwad,2
2026-09-22,PMP-1056,Dharwad,1
2026-09-22,PMP-1063,Dharwad,1
2026-09-22,PMP-1079,Dharwad,2
2026-09-22,PMP-1089,Dharwad,1
2026-09-22,PMP-1091,Dharwad,3
2026-09-22,PMP-5012,Dharwad,1
2026-09-22,SEL-1042,Dharwad,1
2026-09-22,BLT-1026,Gokak,1
2026-09-22,BLT-1053,Gokak,1
2026-09-22,BLT-1087,Gokak,1
2026-09-22,BLT-1098,Gokak,2
2026-09-22,BRG-1037,Gokak,1
2026-09-22,BRG-1081,Gokak,1
2026-09-22,BRG-1099,Gokak,1
2026-09-22,CLT-1016,Gokak,2
2026-09-22,CLT-1099,Gokak,2
2026-09-22,CLT-6120,Gokak,1
2026-09-22,ELE-1000,Gokak,3
2026-09-22,ELE-1010,Gokak,1
2026-09-22,ELE-1100,Gokak,1
2026-09-22,FLT-1009,Gokak,1
2026-09-22,FLT-1021,Gokak,3
2026-09-22,FLT-1032,Gokak,1
2026-09-22,FLT-1045,Gokak,2
2026-09-22,FLT-1098,Gokak,2
2026-09-22,HYD-1004,Gokak,1
2026-09-22,HYD-1012,Gokak,1
2026-09-22,HYD-1074,Gokak,2
2026-09-22,HYD-1081,Gokak,1
2026-09-22,PMP-1036,Gokak,2
2026-09-22,PMP-1052,Gokak,1
2026-09-22,PMP-1091,Gokak,2
2026-09-22,SEL-1029,Gokak,1
2026-09-22,SEL-1068,Gokak,1
2026-09-22,SEL-1077,Gokak,1
2026-09-22,SEL-1085,Gokak,3
2026-09-22,BLT-1003,Hubli,2
2026-09-22,BLT-1016,Hubli,1
2026-09-22,BLT-1053,Hubli,1
2026-09-22,BLT-1093,Hubli,1
2026-09-22,BLT-4105,Hubli,2
2026-09-22,BRG-1025,Hubli,2
2026-09-22,BRG-1037,Hubli,1
2026-09-22,BRG-1045,Hubli,1
2026-09-22,CLT-1007,Hubli,4
2026-09-22,CLT-1016,Hubli,1
2026-09-22,CLT-1021,Hubli,1
2026-09-22,CLT-1068,Hubli,2
2026-09-22,CLT-6120,Hubli,2
2026-09-22,ELE-1010,Hubli,1
2026-09-22,ELE-1086,Hubli,2
2026-09-22,ELE-1092,Hubli,1
2026-09-22,FLT-1009,Hubli,2
2026-09-22,FLT-1037,Hubli,1
2026-09-22,FLT-1045,Hubli,1
2026-09-22,FLT-1074,Hubli,1
2026-09-22,FLT-1098,Hubli,2
2026-09-22,HYD-1024,Hubli,1
2026-09-22,HYD-1028,Hubli,1
2026-09-22,HYD-1081,Hubli,2
2026-09-22,HYD-1095,Hubli,1
2026-09-22,PMP-1009,Hubli,2
2026-09-22,PMP-1079,Hubli,1
2026-09-22,SEL-1002,Hubli,1
2026-09-22,SEL-1008,Hubli,1
2026-09-22,SEL-1014,Hubli,1
2026-09-22,SEL-1037,Hubli,1
2026-09-22,SEL-1042,Hubli,1
2026-09-22,SEL-1052,Hubli,1
2026-09-22,SEL-1068,Hubli,1
2026-09-22,SEL-1070,Hubli,1
2026-09-22,SEL-3310,Hubli,2
2026-09-23,BLT-1016,Bagalkot,2
2026-09-23,BLT-1035,Bagalkot,2
2026-09-23,BLT-1061,Bagalkot,1
2026-09-23,BLT-1066,Bagalkot,2
2026-09-23,BLT-1087,Bagalkot,1
2026-09-23,BLT-1093,Bagalkot,1
2026-09-23,BLT-4105,Bagalkot,1
2026-09-23,BRG-1000,Bagalkot,2
2026-09-23,BRG-1033,Bagalkot,2
2026-09-23,BRG-1058,Bagalkot,1
2026-09-23,BRG-1086,Bagalkot,2
2026-09-23,CLT-1007,Bagalkot,3
2026-09-23,CLT-1044,Bagalkot,1
2026-09-23,CLT-1068,Bagalkot,1
2026-09-23,CLT-1089,Bagalkot,1
2026-09-23,CLT-1099,Bagalkot,1
2026-09-23,ELE-1010,Bagalkot,1
2026-09-23,ELE-1018,Bagalkot,2
2026-09-23,ELE-1067,Bagalkot,1
2026-09-23,ELE-1073,Bagalkot,1
2026-09-23,FLT-1001,Bagalkot,2
2026-09-23,FLT-1009,Bagalkot,1
2026-09-23,FLT-1056,Bagalkot,5
2026-09-23,FLT-1063,Bagalkot,3
2026-09-23,FLT-1074,Bagalkot,3
2026-09-23,FLT-1079,Bagalkot,1
2026-09-23,FLT-1093,Bagalkot,1
2026-09-23,HYD-1012,Bagalkot,1
2026-09-23,HYD-1016,Bagalkot,1
2026-09-23,HYD-1024,Bagalkot,7
2026-09-23,HYD-1028,Bagalkot,2
2026-09-23,PMP-1036,Bagalkot,1
2026-09-23,PMP-1043,Bagalkot,1
2026-09-23,PMP-1098,Bagalkot,1
2026-09-23,SEL-1002,Bagalkot,1
2026-09-23,SEL-1042,Bagalkot,1
2026-09-23,SEL-1070,Bagalkot,1
2026-09-23,SEL-1085,Bagalkot,4
2026-09-23,SEL-1098,Bagalkot,1
2026-09-23,BLT-1032,Belgaum,2
2026-09-23,BLT-1073,Belgaum,1
2026-09-23,BLT-1087,Belgaum,1
2026-09-23,BLT-4105,Belgaum,2
2026-09-23,BRG-1018,Belgaum,2
2026-09-23,BRG-1037,Belgaum,1
2026-09-23,BRG-1058,Belgaum,2
2026-09-23,BRG-1064,Belgaum,2
2026-09-23,BRG-1075,Belgaum,1
2026-09-23,CLT-1004,Belgaum,6
2026-09-23,CLT-1057,Belgaum,1
2026-09-23,CLT-1089,Belgaum,2
2026-09-23,CLT-1099,Belgaum,3
2026-09-23,ELE-1039,Belgaum,1
2026-09-23,FLT-1009,Belgaum,1
2026-09-23,FLT-1021,Belgaum,1
2026-09-23,FLT-1022,Belgaum,2
2026-09-23,FLT-1037,Belgaum,3
2026-09-23,FLT-1053,Belgaum,2
2026-09-23,FLT-1079,Belgaum,1
2026-09-23,HYD-1004,Belgaum,1
2026-09-23,HYD-1016,Belgaum,1
2026-09-23,HYD-1024,Belgaum,1
2026-09-23,HYD-1042,Belgaum,1
2026-09-23,HYD-1081,Belgaum,3
2026-09-23,HYD-1098,Belgaum,1
2026-09-23,PMP-1056,Belgaum,1
2026-09-23,PMP-1075,Belgaum,1
2026-09-23,PMP-5012,Belgaum,3
2026-09-23,SEL-1002,Belgaum,2
2026-09-23,SEL-1008,Belgaum,1
2026-09-23,SEL-1029,Belgaum,1
2026-09-23,SEL-1037,Belgaum,1
2026-09-23,SEL-1068,Belgaum,4
2026-09-23,SEL-1085,Belgaum,2
2026-09-23,BLT-1032,Bijapur,1
2026-09-23,BLT-1080,Bijapur,1
2026-09-23,BLT-4105,Bijapur,2
2026-09-23,BRG-1037,Bijapur,1
2026-09-23,BRG-1049,Bijapur,1
2026-09-23,BRG-1064,Bijapur,2
2026-09-23,BRG-1075,Bijapur,1
2026-09-23,CLT-1053,Bijapur,1
2026-09-23,CLT-6120,Bijapur,1
2026-09-23,FLT-1009,Bijapur,5
2026-09-23,FLT-1016,Bijapur,2
2026-09-23,FLT-1021,Bijapur,2
2026-09-23,FLT-1063,Bijapur,2
2026-09-23,FLT-1079,Bijapur,2
2026-09-23,FLT-1086,Bijapur,1
2026-09-23,FLT-1098,Bijapur,1
2026-09-23,HYD-1024,Bijapur,1
2026-09-23,HYD-1098,Bijapur,1
2026-09-23,PMP-1023,Bijapur,2
2026-09-23,PMP-1075,Bijapur,2
2026-09-23,PMP-1089,Bijapur,1
2026-09-23,PMP-1091,Bijapur,2
2026-09-23,PMP-5012,Bijapur,1
2026-09-23,SEL-1024,Bijapur,1
2026-09-23,SEL-1037,Bijapur,2
2026-09-23,SEL-1068,Bijapur,1
2026-09-23,SEL-1070,Bijapur,1
2026-09-23,SEL-1085,Bijapur,2
2026-09-23,SEL-1096,Bijapur,1
2026-09-23,BLT-1035,Dharwad,2
2026-09-23,BLT-1073,Dharwad,1
2026-09-23,BLT-1080,Dharwad,1
2026-09-23,BRG-1008,Dharwad,2
2026-09-23,BRG-1025,Dharwad,2
2026-09-23,BRG-1075,Dharwad,1
2026-09-23,BRG-1081,Dharwad,1
2026-09-23,BRG-1086,Dharwad,2
2026-09-23,BRG-1092,Dharwad,1
2026-09-23,BRG-1099,Dharwad,2
2026-09-23,CLT-1021,Dharwad,1
2026-09-23,CLT-1028,Dharwad,3
2026-09-23,CLT-1068,Dharwad,1
2026-09-23,CLT-1089,Dharwad,2
2026-09-23,CLT-1092,Dharwad,3
2026-09-23,CLT-6120,Dharwad,1
2026-09-23,ELE-1030,Dharwad,1
2026-09-23,FLT-1001,Dharwad,1
2026-09-23,FLT-1022,Dharwad,4
2026-09-23,FLT-1037,Dharwad,3
2026-09-23,FLT-1053,Dharwad,2
2026-09-23,FLT-1056,Dharwad,1
2026-09-23,FLT-1079,Dharwad,1
2026-09-23,FLT-1093,Dharwad,1
2026-09-23,HYD-1024,Dharwad,1
2026-09-23,HYD-1042,Dharwad,1
2026-09-23,HYD-1051,Dharwad,1
2026-09-23,HYD-1074,Dharwad,1
2026-09-23,HYD-1095,Dharwad,2
2026-09-23,PMP-1002,Dharwad,2
2026-09-23,PMP-1009,Dharwad,2
2026-09-23,PMP-1023,Dharwad,1
2026-09-23,PMP-1032,Dharwad,3
2026-09-23,PMP-1036,Dharwad,1
2026-09-23,PMP-1056,Dharwad,2
2026-09-23,PMP-1063,Dharwad,2
2026-09-23,PMP-1079,Dharwad,1
2026-09-23,PMP-1091,Dharwad,1
2026-09-23,PMP-5012,Dharwad,1
2026-09-23,SEL-1037,Dharwad,2
2026-09-23,SEL-3310,Dharwad,1
2026-09-23,BLT-1003,Gokak,1
2026-09-23,BLT-1012,Gokak,3
2026-09-23,BLT-1032,Gokak,1
2026-09-23,BLT-1053,Gokak,2
2026-09-23,BLT-1066,Gokak,1
2026-09-23,BLT-1087,Gokak,2
2026-09-23,BLT-1093,Gokak,1
2026-09-23,BLT-1098,Gokak,1
2026-09-23,BLT-4105,Gokak,2
2026-09-23,BRG-1064,Gokak,1
2026-09-23,BRG-1092,Gokak,2
2026-09-23,BRG-1099,Gokak,1
2026-09-23,CLT-1004,Gokak,2
2026-09-23,CLT-1016,Gokak,3
2026-09-23,CLT-1074,Gokak,1
2026-09-23,CLT-1099,Gokak,2
2026-09-23,ELE-1010,Gokak,4
2026-09-23,ELE-1030,Gokak,1
2026-09-23,ELE-1092,Gokak,2
2026-09-23,ELE-1100,Gokak,1
2026-09-23,FLT-1021,Gokak,1
2026-09-23,FLT-1032,Gokak,1
2026-09-23,FLT-1037,Gokak,2
2026-09-23,FLT-1045,Gokak,3
2026-09-23,FLT-1098,Gokak,4
2026-09-23,HYD-1004,Gokak,2
2026-09-23,HYD-1012,Gokak,1
2026-09-23,HYD-1016,Gokak,2
2026-09-23,HYD-1028,Gokak,1
2026-09-23,HYD-1074,Gokak,2
2026-09-23,HYD-1098,Gokak,1
2026-09-23,PMP-1023,Gokak,2
2026-09-23,PMP-1052,Gokak,2
2026-09-23,PMP-1075,Gokak,1
2026-09-23,PMP-1079,Gokak,1
2026-09-23,PMP-1091,Gokak,1
2026-09-23,PMP-5012,Gokak,4
2026-09-23,SEL-1042,Gokak,1
2026-09-23,SEL-1077,Gokak,1
2026-09-23,SEL-1085,Gokak,1
2026-09-23,SEL-1096,Gokak,1
2026-09-23,SEL-3310,Gokak,2
2026-09-23,BLT-1003,Hubli,3
2026-09-23,BLT-1035,Hubli,1
2026-09-23,BLT-1053,Hubli,1
2026-09-23,BLT-1080,Hubli,2
2026-09-23,BLT-4105,Hubli,3
2026-09-23,BRG-1049,Hubli,1
2026-09-23,BRG-1064,Hubli,2
2026-09-23,BRG-1081,Hubli,6
2026-09-23,CLT-1007,Hubli,2
2026-09-23,CLT-1016,Hubli,1
2026-09-23,CLT-1037,Hubli,1
2026-09-23,CLT-1057,Hubli,1
2026-09-23,CLT-1068,Hubli,1
2026-09-23,ELE-1000,Hubli,1
2026-09-23,ELE-1010,Hubli,1
2026-09-23,ELE-1030,Hubli,1
2026-09-23,ELE-1044,Hubli,1
2026-09-23,ELE-1086,Hubli,4
2026-09-23,ELE-1092,Hubli,1
2026-09-23,FLT-1009,Hubli,1
2026-09-23,FLT-1032,Hubli,1
2026-09-23,FLT-1037,Hubli,2
2026-09-23,FLT-1063,Hubli,1
2026-09-23,FLT-1074,Hubli,2
2026-09-23,FLT-1098,Hubli,1
2026-09-23,HYD-1016,Hubli,1
2026-09-23,HYD-1095,Hubli,2
2026-09-23,PMP-1019,Hubli,2
2026-09-23,PMP-1023,Hubli,2
2026-09-23,PMP-1056,Hubli,3
2026-09-23,PMP-1089,Hubli,4
2026-09-23,PMP-1098,Hubli,1
2026-09-23,SEL-1002,Hubli,1
2026-09-23,SEL-1014,Hubli,1
2026-09-23,SEL-1068,Hubli,1
2026-09-23,SEL-1077,Hubli,1
2026-09-23,SEL-3310,Hubli,2
2026-09-24,BLT-1016,Bagalkot,1
2026-09-24,BLT-1035,Bagalkot,3
2026-09-24,BLT-1061,Bagalkot,3
2026-09-24,BLT-1087,Bagalkot,1
2026-09-24,BLT-1093,Bagalkot,1
2026-09-24,BLT-4105,Bagalkot,1
2026-09-24,BRG-1018,Bagalkot,1
2026-09-24,BRG-1033,Bagalkot,2
2026-09-24,BRG-1049,Bagalkot,1
2026-09-24,BRG-1081,Bagalkot,1
2026-09-24,CLT-1068,Bagalkot,1
2026-09-24,CLT-1081,Bagalkot,1
2026-09-24,CLT-1099,Bagalkot,1
2026-09-24,ELE-1018,Bagalkot,1
2026-09-24,ELE-1023,Bagalkot,2
2026-09-24,ELE-1044,Bagalkot,1
2026-09-24,ELE-1057,Bagalkot,1
2026-09-24,FLT-1021,Bagalkot,1
2026-09-24,FLT-1032,Bagalkot,2
2026-09-24,FLT-1056,Bagalkot,3
2026-09-24,FLT-1063,Bagalkot,1
2026-09-24,FLT-1074,Bagalkot,1
2026-09-24,FLT-1086,Bagalkot,3
2026-09-24,FLT-1093,Bagalkot,1
2026-09-24,FLT-1098,Bagalkot,1
2026-09-24,HYD-1012,Bagalkot,1
2026-09-24,HYD-1016,Bagalkot,1
2026-09-24,HYD-1024,Bagalkot,2
2026-09-24,HYD-1028,Bagalkot,3
2026-09-24,HYD-1042,Bagalkot,1
2026-09-24,HYD-1051,Bagalkot,3
2026-09-24,HYD-1095,Bagalkot,1
2026-09-24,PMP-1036,Bagalkot,1
2026-09-24,PMP-1052,Bagalkot,1
2026-09-24,PMP-1089,Bagalkot,1
2026-09-24,PMP-1098,Bagalkot,2
2026-09-24,SEL-1002,Bagalkot,1
2026-09-24,SEL-1029,Bagalkot,1
2026-09-24,SEL-1052,Bagalkot,1
2026-09-24,SEL-1068,Bagalkot,1
2026-09-24,SEL-1085,Bagalkot,1
2026-09-24,SEL-1098,Bagalkot,2
2026-09-24,BLT-1016,Belgaum,2
2026-09-24,BLT-1035,Belgaum,1
2026-09-24,BLT-1073,Belgaum,1
2026-09-24,BLT-4105,Belgaum,1
2026-09-24,BRG-1037,Belgaum,2
2026-09-24,BRG-1058,Belgaum,2
2026-09-24,BRG-1064,Belgaum,1
2026-09-24,BRG-1075,Belgaum,2
2026-09-24,CLT-1004,Belgaum,3
2026-09-24,CLT-1021,Belgaum,2
2026-09-24,CLT-1044,Belgaum,1
2026-09-24,CLT-1053,Belgaum,1
2026-09-24,CLT-1089,Belgaum,2
2026-09-24,CLT-1092,Belgaum,1
2026-09-24,CLT-1099,Belgaum,1
2026-09-24,ELE-1023,Belgaum,2
2026-09-24,ELE-1100,Belgaum,1
2026-09-24,FLT-1001,Belgaum,3
2026-09-24,FLT-1021,Belgaum,2
2026-09-24,FLT-1022,Belgaum,1
2026-09-24,FLT-1045,Belgaum,2
2026-09-24,HYD-1024,Belgaum,1
2026-09-24,HYD-1081,Belgaum,1
2026-09-24,HYD-1098,Belgaum,1
2026-09-24,PMP-1023,Belgaum,1
2026-09-24,PMP-1056,Belgaum,2
2026-09-24,PMP-5012,Belgaum,1
2026-09-24,SEL-1002,Belgaum,2
2026-09-24,SEL-1024,Belgaum,2
2026-09-24,SEL-1037,Belgaum,3
2026-09-24,SEL-1068,Belgaum,1
2026-09-24,SEL-1085,Belgaum,4
2026-09-24,SEL-3310,Belgaum,2
2026-09-24,BLT-1026,Bijapur,2
2026-09-24,BLT-1032,Bijapur,1
2026-09-24,BLT-1035,Bijapur,1
2026-09-24,BLT-1061,Bijapur,1
2026-09-24,BLT-1066,Bijapur,1
2026-09-24,BLT-1093,Bijapur,1
2026-09-24,BLT-4105,Bijapur,1
2026-09-24,BRG-1008,Bijapur,1
2026-09-24,BRG-1037,Bijapur,1
2026-09-24,BRG-1049,Bijapur,2
2026-09-24,BRG-1064,Bijapur,2
2026-09-24,CLT-1007,Bijapur,2
2026-09-24,CLT-1089,Bijapur,1
2026-09-24,FLT-1009,Bijapur,4
2026-09-24,FLT-1016,Bijapur,2
2026-09-24,FLT-1063,Bijapur,1
2026-09-24,FLT-1086,Bijapur,1
2026-09-24,FLT-1098,Bijapur,1
2026-09-24,HYD-1024,Bijapur,3
2026-09-24,HYD-1028,Bijapur,1
2026-09-24,HYD-1042,Bijapur,3
2026-09-24,HYD-1098,Bijapur,1
2026-09-24,PMP-1009,Bijapur,1
2026-09-24,PMP-1023,Bijapur,1
2026-09-24,PMP-1063,Bijapur,1
2026-09-24,PMP-1075,Bijapur,1
2026-09-24,PMP-5012,Bijapur,2
2026-09-24,SEL-1029,Bijapur,1
2026-09-24,SEL-1037,Bijapur,1
2026-09-24,SEL-1042,Bijapur,1
2026-09-24,SEL-1052,Bijapur,1
2026-09-24,SEL-1068,Bijapur,3
2026-09-24,SEL-1070,Bijapur,1
2026-09-24,SEL-1085,Bijapur,2
2026-09-24,BLT-1003,Dharwad,2
2026-09-24,BLT-1032,Dharwad,1
2026-09-24,BLT-1035,Dharwad,1
2026-09-24,BLT-1053,Dharwad,1
2026-09-24,BLT-1073,Dharwad,1
2026-09-24,BLT-1080,Dharwad,3
2026-09-24,BLT-1087,Dharwad,1
2026-09-24,BRG-1000,Dharwad,1
2026-09-24,BRG-1025,Dharwad,5
2026-09-24,BRG-1081,Dharwad,4
2026-09-24,CLT-1007,Dharwad,1
2026-09-24,CLT-1028,Dharwad,2
2026-09-24,CLT-1053,Dharwad,1
2026-09-24,CLT-1057,Dharwad,1
2026-09-24,CLT-1074,Dharwad,2
2026-09-24,CLT-1081,Dharwad,2
2026-09-24,ELE-1000,Dharwad,1
2026-09-24,ELE-1030,Dharwad,1
2026-09-24,ELE-1044,Dharwad,1
2026-09-24,ELE-1086,Dharwad,1
2026-09-24,ELE-1100,Dharwad,1
2026-09-24,FLT-1016,Dharwad,1
2026-09-24,FLT-1021,Dharwad,3
2026-09-24,FLT-1022,Dharwad,1
2026-09-24,FLT-1032,Dharwad,1
2026-09-24,FLT-1053,Dharwad,1
2026-09-24,FLT-1074,Dharwad,1
2026-09-24,HYD-1024,Dharwad,2
2026-09-24,PMP-1002,Dharwad,2
2026-09-24,PMP-1009,Dharwad,1
2026-09-24,PMP-1023,Dharwad,1
2026-09-24,PMP-1036,Dharwad,2
2026-09-24,PMP-1079,Dharwad,1
2026-09-24,SEL-1014,Dharwad,1
2026-09-24,SEL-1042,Dharwad,1
2026-09-24,BLT-1003,Gokak,1
2026-09-24,BLT-1012,Gokak,1
2026-09-24,BLT-1026,Gokak,2
2026-09-24,BLT-1053,Gokak,2
2026-09-24,BLT-1066,Gokak,2
2026-09-24,BLT-1087,Gokak,7
2026-09-24,BLT-1093,Gokak,1
2026-09-24,BRG-1081,Gokak,1
2026-09-24,BRG-1092,Gokak,2
2026-09-24,BRG-1099,Gokak,3
2026-09-24,CLT-1004,Gokak,2
2026-09-24,CLT-1007,Gokak,3
2026-09-24,CLT-1016,Gokak,2
2026-09-24,CLT-1028,Gokak,1
2026-09-24,CLT-1044,Gokak,2
2026-09-24,CLT-1053,Gokak,1
2026-09-24,CLT-1099,Gokak,1
2026-09-24,ELE-1010,Gokak,1
2026-09-24,ELE-1044,Gokak,1
2026-09-24,ELE-1057,Gokak,2
2026-09-24,ELE-1092,Gokak,1
2026-09-24,ELE-1100,Gokak,1
2026-09-24,FLT-1045,Gokak,1
2026-09-24,FLT-1056,Gokak,1
2026-09-24,FLT-1098,Gokak,2
2026-09-24,HYD-1004,Gokak,2
2026-09-24,HYD-1012,Gokak,2
2026-09-24,HYD-1016,Gokak,1
2026-09-24,PMP-1009,Gokak,1
2026-09-24,PMP-1052,Gokak,2
2026-09-24,PMP-1079,Gokak,1
2026-09-24,PMP-1091,Gokak,1
2026-09-24,PMP-5012,Gokak,1
2026-09-24,SEL-1008,Gokak,1
2026-09-24,SEL-1029,Gokak,2
2026-09-24,SEL-1070,Gokak,1
2026-09-24,SEL-1085,Gokak,2
2026-09-24,BLT-1003,Hubli,2
2026-09-24,BRG-1025,Hubli,2
2026-09-24,BRG-1037,Hubli,1
2026-09-24,BRG-1064,Hubli,1
2026-09-24,BRG-1081,Hubli,4
2026-09-24,CLT-1016,Hubli,3
2026-09-24,CLT-1021,Hubli,2
2026-09-24,CLT-1037,Hubli,1
2026-09-24,CLT-1099,Hubli,1
2026-09-24,ELE-1010,Hubli,1
2026-09-24,ELE-1079,Hubli,2
2026-09-24,ELE-1086,Hubli,1
2026-09-24,ELE-1092,Hubli,1
2026-09-24,FLT-1009,Hubli,1
2026-09-24,FLT-1032,Hubli,1
2026-09-24,FLT-1037,Hubli,2
2026-09-24,FLT-1045,Hubli,1
2026-09-24,FLT-1053,Hubli,1
2026-09-24,FLT-1074,Hubli,1
2026-09-24,HYD-1024,Hubli,1
2026-09-24,HYD-1028,Hubli,1
2026-09-24,HYD-1081,Hubli,1
2026-09-24,PMP-1056,Hubli,1
2026-09-24,PMP-1089,Hubli,1
2026-09-24,PMP-1091,Hubli,1
2026-09-24,PMP-5012,Hubli,1
2026-09-24,SEL-1068,Hubli,2
2026-09-24,SEL-1077,Hubli,1
2026-09-24,SEL-3310,Hubli,1
2026-09-25,BLT-1053,Bagalkot,2
2026-09-25,BLT-1061,Bagalkot,2
2026-09-25,BLT-1066,Bagalkot,1
2026-09-25,BLT-1080,Bagalkot,1
2026-09-25,BLT-1087,Bagalkot,2
2026-09-25,BLT-1093,Bagalkot,1
2026-09-25,BLT-4105,Bagalkot,2
2026-09-25,BRG-1000,Bagalkot,1
2026-09-25,BRG-1018,Bagalkot,1
2026-09-25,BRG-1033,Bagalkot,1
2026-09-25,BRG-1086,Bagalkot,1
2026-09-25,BRG-1092,Bagalkot,1
2026-09-25,CLT-1021,Bagalkot,1
2026-09-25,CLT-1057,Bagalkot,1
2026-09-25,CLT-1068,Bagalkot,1
2026-09-25,CLT-1081,Bagalkot,1
2026-09-25,CLT-1099,Bagalkot,1
2026-09-25,CLT-6120,Bagalkot,1
2026-09-25,ELE-1018,Bagalkot,1
2026-09-25,ELE-1023,Bagalkot,2
2026-09-25,ELE-1044,Bagalkot,3
2026-09-25,FLT-1009,Bagalkot,1
2026-09-25,FLT-1063,Bagalkot,5
2026-09-25,FLT-1086,Bagalkot,1
2026-09-25,FLT-1093,Bagalkot,1
2026-09-25,FLT-1098,Bagalkot,1
2026-09-25,HYD-1016,Bagalkot,1
2026-09-25,HYD-1024,Bagalkot,2
2026-09-25,HYD-1028,Bagalkot,2
2026-09-25,HYD-1042,Bagalkot,1
2026-09-25,HYD-1051,Bagalkot,1
2026-09-25,HYD-1098,Bagalkot,3
2026-09-25,PMP-1036,Bagalkot,1
2026-09-25,PMP-1089,Bagalkot,1
2026-09-25,SEL-1002,Bagalkot,1
2026-09-25,SEL-1042,Bagalkot,4
2026-09-25,SEL-1085,Bagalkot,2
2026-09-25,SEL-1098,Bagalkot,3
2026-09-25,BLT-1032,Belgaum,3
2026-09-25,BLT-1035,Belgaum,1
2026-09-25,BLT-1073,Belgaum,1
2026-09-25,BLT-1080,Belgaum,1
2026-09-25,BLT-1087,Belgaum,1
2026-09-25,BLT-4105,Belgaum,1
2026-09-25,BRG-1000,Belgaum,1
2026-09-25,BRG-1018,Belgaum,4
2026-09-25,BRG-1037,Belgaum,2
2026-09-25,BRG-1058,Belgaum,1
2026-09-25,BRG-1064,Belgaum,3
2026-09-25,BRG-1075,Belgaum,1
2026-09-25,BRG-1086,Belgaum,1
2026-09-25,CLT-1007,Belgaum,1
2026-09-25,CLT-1028,Belgaum,1
2026-09-25,CLT-1044,Belgaum,1
2026-09-25,CLT-1057,Belgaum,1
2026-09-25,CLT-1074,Belgaum,1
2026-09-25,CLT-1081,Belgaum,2
2026-09-25,CLT-1089,Belgaum,1
2026-09-25,CLT-1099,Belgaum,2
2026-09-25,CLT-6120,Belgaum,1
2026-09-25,ELE-1000,Belgaum,2
2026-09-25,ELE-1023,Belgaum,1
2026-09-25,ELE-1039,Belgaum,1
2026-09-25,FLT-1009,Belgaum,2
2026-09-25,FLT-1021,Belgaum,2
2026-09-25,FLT-1022,Belgaum,2
2026-09-25,FLT-1045,Belgaum,1
2026-09-25,FLT-1053,Belgaum,1
2026-09-25,FLT-1079,Belgaum,1
2026-09-25,FLT-1086,Belgaum,7
2026-09-25,HYD-1016,Belgaum,2
2026-09-25,HYD-1024,Belgaum,1
2026-09-25,HYD-1028,Belgaum,1
2026-09-25,HYD-1042,Belgaum,1
2026-09-25,HYD-1061,Belgaum,1
2026-09-25,HYD-1098,Belgaum,1
2026-09-25,PMP-1043,Belgaum,1
2026-09-25,PMP-1056,Belgaum,2
2026-09-25,PMP-1075,Belgaum,1
2026-09-25,PMP-1091,Belgaum,1
2026-09-25,PMP-5012,Belgaum,2
2026-09-25,SEL-1002,Belgaum,2
2026-09-25,SEL-1008,Belgaum,1
2026-09-25,SEL-1024,Belgaum,1
2026-09-25,SEL-1037,Belgaum,1
2026-09-25,SEL-1068,Belgaum,3
2026-09-25,BLT-1047,Bijapur,1
2026-09-25,BLT-1066,Bijapur,1
2026-09-25,BLT-1080,Bijapur,1
2026-09-25,BLT-1098,Bijapur,1
2026-09-25,BLT-4105,Bijapur,2
2026-09-25,BRG-1008,Bijapur,1
2026-09-25,BRG-1049,Bijapur,2
2026-09-25,BRG-1064,Bijapur,1
2026-09-25,BRG-1075,Bijapur,1
2026-09-25,BRG-1081,Bijapur,1
2026-09-25,ELE-1000,Bijapur,1
2026-09-25,FLT-1001,Bijapur,2
2026-09-25,FLT-1009,Bijapur,2
2026-09-25,FLT-1021,Bijapur,1
2026-09-25,FLT-1079,Bijapur,2
2026-09-25,FLT-1086,Bijapur,1
2026-09-25,HYD-1024,Bijapur,2
2026-09-25,HYD-1028,Bijapur,1
2026-09-25,HYD-1042,Bijapur,2
2026-09-25,HYD-1051,Bijapur,1
2026-09-25,HYD-1063,Bijapur,2
2026-09-25,HYD-1074,Bijapur,1
2026-09-25,PMP-1009,Bijapur,3
2026-09-25,PMP-1023,Bijapur,2
2026-09-25,PMP-1032,Bijapur,1
2026-09-25,PMP-1091,Bijapur,2
2026-09-25,PMP-5012,Bijapur,1
2026-09-25,SEL-1042,Bijapur,1
2026-09-25,SEL-1070,Bijapur,1
2026-09-25,SEL-1096,Bijapur,1
2026-09-25,BLT-1003,Dharwad,1
2026-09-25,BLT-1035,Dharwad,3
2026-09-25,BLT-1053,Dharwad,3
2026-09-25,BLT-1080,Dharwad,3
2026-09-25,BLT-1087,Dharwad,3
2026-09-25,BRG-1008,Dharwad,1
2026-09-25,BRG-1018,Dharwad,1
2026-09-25,BRG-1058,Dharwad,1
2026-09-25,BRG-1075,Dharwad,1
2026-09-25,BRG-1099,Dharwad,1
2026-09-25,BRG-2207,Dharwad,1
2026-09-25,CLT-1021,Dharwad,2
2026-09-25,CLT-1028,Dharwad,1
2026-09-25,CLT-1057,Dharwad,1
2026-09-25,CLT-1068,Dharwad,2
2026-09-25,CLT-1081,Dharwad,2
2026-09-25,CLT-1092,Dharwad,1
2026-09-25,ELE-1044,Dharwad,1
2026-09-25,ELE-1051,Dharwad,2
2026-09-25,ELE-1092,Dharwad,1
2026-09-25,FLT-1001,Dharwad,1
2026-09-25,FLT-1016,Dharwad,1
2026-09-25,FLT-1021,Dharwad,2
2026-09-25,FLT-1032,Dharwad,1
2026-09-25,FLT-1053,Dharwad,1
2026-09-25,FLT-1074,Dharwad,1
2026-09-25,FLT-1093,Dharwad,2
2026-09-25,HYD-1024,Dharwad,1
2026-09-25,HYD-1051,Dharwad,2
2026-09-25,HYD-1063,Dharwad,2
2026-09-25,PMP-1002,Dharwad,1
2026-09-25,PMP-1036,Dharwad,1
2026-09-25,PMP-1043,Dharwad,2
2026-09-25,PMP-5012,Dharwad,2
2026-09-25,SEL-1037,Dharwad,1
2026-09-25,SEL-1068,Dharwad,1
2026-09-25,SEL-1070,Dharwad,1
2026-09-25,BLT-1026,Gokak,1
2026-09-25,BLT-1053,Gokak,4
2026-09-25,BLT-1080,Gokak,1
2026-09-25,BLT-1087,Gokak,2
2026-09-25,BLT-1093,Gokak,2
2026-09-25,BRG-1008,Gokak,1
2026-09-25,BRG-1025,Gokak,1
2026-09-25,BRG-1037,Gokak,2
2026-09-25,BRG-1049,Gokak,1
2026-09-25,BRG-1099,Gokak,1
2026-09-25,CLT-1016,Gokak,1
2026-09-25,CLT-1044,Gokak,1
2026-09-25,CLT-1099,Gokak,4
2026-09-25,ELE-1000,Gokak,1
2026-09-25,ELE-1010,Gokak,3
2026-09-25,ELE-1018,Gokak,1
2026-09-25,ELE-1030,Gokak,1
2026-09-25,ELE-1044,Gokak,1
2026-09-25,ELE-1100,Gokak,3
2026-09-25,FLT-1021,Gokak,4
2026-09-25,FLT-1032,Gokak,1
2026-09-25,FLT-1037,Gokak,1
2026-09-25,FLT-1045,Gokak,2
2026-09-25,FLT-1098,Gokak,1
2026-09-25,HYD-1012,Gokak,1
2026-09-25,HYD-1016,Gokak,2
2026-09-25,HYD-1074,Gokak,1
2026-09-25,PMP-1023,Gokak,1
2026-09-25,PMP-1052,Gokak,3
2026-09-25,PMP-1091,Gokak,2
2026-09-25,PMP-5012,Gokak,2
2026-09-25,SEL-1070,Gokak,1
2026-09-25,SEL-1085,Gokak,1
2026-09-25,SEL-3310,Gokak,2
2026-09-25,BLT-1003,Hubli,1
2026-09-25,BLT-1016,Hubli,1
2026-09-25,BLT-1080,Hubli,1
2026-09-25,BLT-1093,Hubli,1
2026-09-25,BLT-4105,Hubli,2
2026-09-25,BRG-1000,Hubli,2
2026-09-25,BRG-1033,Hubli,1
2026-09-25,BRG-1037,Hubli,1
2026-09-25,BRG-1045,Hubli,3
2026-09-25,BRG-1049,Hubli,1
2026-09-25,BRG-1081,Hubli,5
2026-09-25,CLT-1007,Hubli,1
2026-09-25,CLT-1037,Hubli,1
2026-09-25,ELE-1010,Hubli,3
2026-09-25,ELE-1079,Hubli,1
2026-09-25,ELE-1086,Hubli,2
2026-09-25,FLT-1032,Hubli,1
2026-09-25,FLT-1037,Hubli,1
2026-09-25,FLT-1098,Hubli,1
2026-09-25,HYD-1016,Hubli,2
2026-09-25,HYD-1024,Hubli,1
2026-09-25,HYD-1028,Hubli,1
2026-09-25,HYD-1095,Hubli,1
2026-09-25,PMP-1002,Hubli,1
2026-09-25,PMP-1009,Hubli,2
2026-09-25,PMP-1023,Hubli,2
2026-09-25,PMP-1032,Hubli,1
2026-09-25,PMP-1063,Hubli,1
2026-09-25,PMP-1089,Hubli,1
2026-09-25,SEL-1002,Hubli,1
2026-09-25,SEL-1014,Hubli,1
2026-09-25,SEL-1037,Hubli,3
2026-09-25,SEL-1042,Hubli,1
2026-09-25,SEL-1096,Hubli,2
2026-09-25,SEL-3310,Hubli,2
2026-09-26,BLT-1016,Bagalkot,1
2026-09-26,BLT-1035,Bagalkot,2
2026-09-26,BLT-1061,Bagalkot,1
2026-09-26,BLT-1066,Bagalkot,4
2026-09-26,BLT-1087,Bagalkot,1
2026-09-26,BLT-1093,Bagalkot,4
2026-09-26,BLT-4105,Bagalkot,1
2026-09-26,BRG-1037,Bagalkot,1
2026-09-26,BRG-1092,Bagalkot,1
2026-09-26,BRG-2207,Bagalkot,1
2026-09-26,CLT-1004,Bagalkot,1
2026-09-26,CLT-1007,Bagalkot,1
2026-09-26,CLT-1057,Bagalkot,1
2026-09-26,CLT-1068,Bagalkot,1
2026-09-26,CLT-1081,Bagalkot,2
2026-09-26,CLT-1099,Bagalkot,1
2026-09-26,ELE-1010,Bagalkot,2
2026-09-26,ELE-1018,Bagalkot,1
2026-09-26,ELE-1023,Bagalkot,1
2026-09-26,ELE-1051,Bagalkot,1
2026-09-26,FLT-1021,Bagalkot,1
2026-09-26,FLT-1074,Bagalkot,2
2026-09-26,FLT-1093,Bagalkot,1
2026-09-26,FLT-1098,Bagalkot,2
2026-09-26,HYD-1004,Bagalkot,1
2026-09-26,HYD-1012,Bagalkot,2
2026-09-26,HYD-1024,Bagalkot,5
2026-09-26,HYD-1028,Bagalkot,2
2026-09-26,HYD-1042,Bagalkot,1
2026-09-26,HYD-1051,Bagalkot,2
2026-09-26,HYD-1074,Bagalkot,1
2026-09-26,PMP-1002,Bagalkot,2
2026-09-26,PMP-1009,Bagalkot,1
2026-09-26,PMP-1052,Bagalkot,1
2026-09-26,PMP-1089,Bagalkot,1
2026-09-26,PMP-1098,Bagalkot,1
2026-09-26,SEL-1037,Bagalkot,1
2026-09-26,SEL-1052,Bagalkot,1
2026-09-26,SEL-1059,Bagalkot,1
2026-09-26,SEL-1070,Bagalkot,1
2026-09-26,SEL-1085,Bagalkot,1
2026-09-26,BLT-1032,Belgaum,1
2026-09-26,BLT-1073,Belgaum,1
2026-09-26,BLT-1087,Belgaum,1
2026-09-26,BLT-1093,Belgaum,1
2026-09-26,BRG-1018,Belgaum,2
2026-09-26,BRG-1037,Belgaum,1
2026-09-26,BRG-1058,Belgaum,1
2026-09-26,BRG-1075,Belgaum,1
2026-09-26,CLT-1021,Belgaum,1
2026-09-26,CLT-1057,Belgaum,3
2026-09-26,CLT-1081,Belgaum,2
2026-09-26,CLT-1089,Belgaum,2
2026-09-26,CLT-6120,Belgaum,1
2026-09-26,ELE-1010,Belgaum,1
2026-09-26,ELE-1023,Belgaum,1
2026-09-26,ELE-1030,Belgaum,1
2026-09-26,ELE-1039,Belgaum,1
2026-09-26,ELE-1092,Belgaum,1
2026-09-26,ELE-1100,Belgaum,1
2026-09-26,FLT-1009,Belgaum,1
2026-09-26,FLT-1021,Belgaum,1
2026-09-26,FLT-1022,Belgaum,2
2026-09-26,FLT-1037,Belgaum,1
2026-09-26,FLT-1045,Belgaum,3
2026-09-26,FLT-1063,Belgaum,1
2026-09-26,FLT-1079,Belgaum,1
2026-09-26,FLT-1086,Belgaum,3
2026-09-26,HYD-1012,Belgaum,1
2026-09-26,HYD-1016,Belgaum,2
2026-09-26,HYD-1042,Belgaum,1
2026-09-26,HYD-1074,Belgaum,1
2026-09-26,HYD-1081,Belgaum,1
2026-09-26,HYD-1098,Belgaum,2
2026-09-26,PMP-1075,Belgaum,1
2026-09-26,PMP-5012,Belgaum,2
2026-09-26,SEL-1002,Belgaum,2
2026-09-26,SEL-1008,Belgaum,3
2026-09-26,SEL-1029,Belgaum,1
2026-09-26,SEL-1037,Belgaum,1
2026-09-26,SEL-3310,Belgaum,1
2026-09-26,BLT-1035,Bijapur,1
2026-09-26,BLT-1066,Bijapur,2
2026-09-26,BLT-1093,Bijapur,2
2026-09-26,BRG-1049,Bijapur,1
2026-09-26,BRG-1081,Bijapur,1
2026-09-26,ELE-1010,Bijapur,1
2026-09-26,FLT-1009,Bijapur,2
2026-09-26,FLT-1016,Bijapur,1
2026-09-26,FLT-1053,Bijapur,4
2026-09-26,FLT-1086,Bijapur,1
2026-09-26,HYD-1016,Bijapur,2
2026-09-26,HYD-1024,Bijapur,4
2026-09-26,HYD-1042,Bijapur,1
2026-09-26,HYD-1063,Bijapur,2
2026-09-26,HYD-1098,Bijapur,1
2026-09-26,PMP-1009,Bijapur,1
2026-09-26,PMP-1023,Bijapur,2
2026-09-26,PMP-1075,Bijapur,3
2026-09-26,PMP-1079,Bijapur,1
2026-09-26,PMP-1089,Bijapur,2
2026-09-26,PMP-1091,Bijapur,1
2026-09-26,PMP-1098,Bijapur,1
2026-09-26,PMP-5012,Bijapur,4
2026-09-26,SEL-1014,Bijapur,1
2026-09-26,SEL-1029,Bijapur,1
2026-09-26,SEL-1037,Bijapur,2
2026-09-26,SEL-1042,Bijapur,2
2026-09-26,SEL-1068,Bijapur,2
2026-09-26,SEL-1070,Bijapur,1
2026-09-26,SEL-1096,Bijapur,1
2026-09-26,BLT-1003,Dharwad,2
2026-09-26,BLT-1035,Dharwad,1
2026-09-26,BLT-1047,Dharwad,1
2026-09-26,BLT-1053,Dharwad,3
2026-09-26,BLT-1073,Dharwad,1
2026-09-26,BLT-1080,Dharwad,2
2026-09-26,BRG-1008,Dharwad,3
2026-09-26,BRG-1025,Dharwad,2
2026-09-26,BRG-1092,Dharwad,1
2026-09-26,BRG-1099,Dharwad,1
2026-09-26,CLT-1021,Dharwad,2
2026-09-26,CLT-1057,Dharwad,2
2026-09-26,CLT-1081,Dharwad,2
2026-09-26,CLT-1089,Dharwad,1
2026-09-26,CLT-1099,Dharwad,3
2026-09-26,CLT-6120,Dharwad,1
2026-09-26,ELE-1030,Dharwad,1
2026-09-26,ELE-1044,Dharwad,1
2026-09-26,ELE-1051,Dharwad,1
2026-09-26,ELE-1100,Dharwad,1
2026-09-26,FLT-1001,Dharwad,1
2026-09-26,FLT-1016,Dharwad,2
2026-09-26,FLT-1032,Dharwad,1
2026-09-26,FLT-1093,Dharwad,1
2026-09-26,HYD-1004,Dharwad,2
2026-09-26,HYD-1024,Dharwad,3
2026-09-26,HYD-1038,Dharwad,4
2026-09-26,HYD-1042,Dharwad,1
2026-09-26,HYD-1051,Dharwad,1
2026-09-26,HYD-1074,Dharwad,1
2026-09-26,HYD-1095,Dharwad,1
2026-09-26,PMP-1009,Dharwad,1
2026-09-26,PMP-1023,Dharwad,1
2026-09-26,PMP-1036,Dharwad,1
2026-09-26,PMP-1079,Dharwad,2
2026-09-26,PMP-5012,Dharwad,1
2026-09-26,SEL-1002,Dharwad,1
2026-09-26,SEL-1042,Dharwad,1
2026-09-26,SEL-1096,Dharwad,1
2026-09-26,BLT-1053,Gokak,3
2026-09-26,BLT-1087,Gokak,5
2026-09-26,BLT-1093,Gokak,1
2026-09-26,BRG-1008,Gokak,2
2026-09-26,BRG-1025,Gokak,1
2026-09-26,BRG-1033,Gokak,1
2026-09-26,BRG-1037,Gokak,1
2026-09-26,BRG-1099,Gokak,1
2026-09-26,CLT-1016,Gokak,1
2026-09-26,CLT-1099,Gokak,1
2026-09-26,ELE-1000,Gokak,1
2026-09-26,ELE-1010,Gokak,1
2026-09-26,ELE-1018,Gokak,1
2026-09-26,ELE-1057,Gokak,2
2026-09-26,ELE-1100,Gokak,3
2026-09-26,FLT-1021,Gokak,2
2026-09-26,FLT-1032,Gokak,2
2026-09-26,FLT-1037,Gokak,1
2026-09-26,FLT-1045,Gokak,3
2026-09-26,FLT-1086,Gokak,1
2026-09-26,FLT-1098,Gokak,1
2026-09-26,HYD-1004,Gokak,2
2026-09-26,HYD-1016,Gokak,1
2026-09-26,HYD-1028,Gokak,1
2026-09-26,HYD-1074,Gokak,3
2026-09-26,PMP-1019,Gokak,1
2026-09-26,PMP-1023,Gokak,1
2026-09-26,PMP-1056,Gokak,1
2026-09-26,PMP-5012,Gokak,1
2026-09-26,SEL-1029,Gokak,1
2026-09-26,SEL-1077,Gokak,1
2026-09-26,SEL-1085,Gokak,1
2026-09-26,SEL-1098,Gokak,1
2026-09-26,SEL-3310,Gokak,1
2026-09-26,BLT-1053,Hubli,1
2026-09-26,BLT-1080,Hubli,1
2026-09-26,BLT-4105,Hubli,1
2026-09-26,BRG-1045,Hubli,2
2026-09-26,BRG-1049,Hubli,1
2026-09-26,BRG-1058,Hubli,1
2026-09-26,BRG-1064,Hubli,2
2026-09-26,BRG-1081,Hubli,4
2026-09-26,CLT-1004,Hubli,1
2026-09-26,CLT-1016,Hubli,3
2026-09-26,ELE-1000,Hubli,1
2026-09-26,ELE-1010,Hubli,1
2026-09-26,ELE-1073,Hubli,1
2026-09-26,ELE-1079,Hubli,1
2026-09-26,ELE-1086,Hubli,2
2026-09-26,ELE-1100,Hubli,1
2026-09-26,FLT-1037,Hubli,4
2026-09-26,HYD-1024,Hubli,2
2026-09-26,HYD-1028,Hubli,2
2026-09-26,HYD-1089,Hubli,1
2026-09-26,HYD-1095,Hubli,1
2026-09-26,HYD-1098,Hubli,1
2026-09-26,PMP-1019,Hubli,2
2026-09-26,PMP-1023,Hubli,1
2026-09-26,PMP-1052,Hubli,1
2026-09-26,PMP-1063,Hubli,1
2026-09-26,PMP-1079,Hubli,2
2026-09-26,PMP-1091,Hubli,2
2026-09-26,SEL-1002,Hubli,1
2026-09-26,SEL-1014,Hubli,1
2026-09-26,SEL-1042,Hubli,2
2026-09-26,SEL-1070,Hubli,2
2026-09-26,SEL-3310,Hubli,6
2026-09-27,BLT-1016,Bagalkot,1
2026-09-27,BLT-1032,Bagalkot,1
2026-09-27,BLT-1035,Bagalkot,1
2026-09-27,BLT-1073,Bagalkot,1
2026-09-27,BLT-1080,Bagalkot,3
2026-09-27,BLT-1087,Bagalkot,1
2026-09-27,BRG-1018,Bagalkot,1
2026-09-27,BRG-1033,Bagalkot,2
2026-09-27,BRG-1045,Bagalkot,1
2026-09-27,BRG-1049,Bagalkot,2
2026-09-27,BRG-1058,Bagalkot,1
2026-09-27,BRG-1086,Bagalkot,1
2026-09-27,BRG-1099,Bagalkot,1
2026-09-27,CLT-1007,Bagalkot,2
2026-09-27,CLT-1057,Bagalkot,1
2026-09-27,CLT-1081,Bagalkot,1
2026-09-27,CLT-1099,Bagalkot,1
2026-09-27,ELE-1010,Bagalkot,1
2026-09-27,ELE-1018,Bagalkot,1
2026-09-27,ELE-1023,Bagalkot,1
2026-09-27,ELE-1030,Bagalkot,1
2026-09-27,FLT-1021,Bagalkot,1
2026-09-27,FLT-1022,Bagalkot,1
2026-09-27,FLT-1032,Bagalkot,1
2026-09-27,FLT-1056,Bagalkot,3
2026-09-27,FLT-1074,Bagalkot,2
2026-09-27,FLT-1098,Bagalkot,2
2026-09-27,HYD-1012,Bagalkot,1
2026-09-27,HYD-1024,Bagalkot,3
2026-09-27,HYD-1028,Bagalkot,2
2026-09-27,HYD-1051,Bagalkot,1
2026-09-27,HYD-1074,Bagalkot,1
2026-09-27,HYD-1095,Bagalkot,3
2026-09-27,HYD-1098,Bagalkot,2
2026-09-27,PMP-1052,Bagalkot,1
2026-09-27,PMP-1089,Bagalkot,2
2026-09-27,PMP-1098,Bagalkot,2
2026-09-27,PMP-5012,Bagalkot,1
2026-09-27,SEL-1042,Bagalkot,1
2026-09-27,SEL-1052,Bagalkot,1
2026-09-27,SEL-1085,Bagalkot,2
2026-09-27,SEL-1096,Bagalkot,3
2026-09-27,BLT-1016,Belgaum,1
2026-09-27,BLT-1035,Belgaum,1
2026-09-27,BLT-1066,Belgaum,1
2026-09-27,BLT-1073,Belgaum,1
2026-09-27,BLT-1087,Belgaum,2
2026-09-27,BRG-1000,Belgaum,1
2026-09-27,BRG-1018,Belgaum,1
2026-09-27,BRG-1037,Belgaum,3
2026-09-27,BRG-1058,Belgaum,1
2026-09-27,BRG-1075,Belgaum,2
2026-09-27,BRG-1086,Belgaum,1
2026-09-27,CLT-1004,Belgaum,2
2026-09-27,ELE-1039,Belgaum,1
2026-09-27,ELE-1092,Belgaum,1
2026-09-27,FLT-1009,Belgaum,1
2026-09-27,FLT-1016,Belgaum,1
2026-09-27,FLT-1022,Belgaum,1
2026-09-27,FLT-1045,Belgaum,1
2026-09-27,HYD-1016,Belgaum,2
2026-09-27,HYD-1074,Belgaum,1
2026-09-27,HYD-1095,Belgaum,1
2026-09-27,HYD-1098,Belgaum,1
2026-09-27,PMP-1056,Belgaum,1
2026-09-27,SEL-1002,Belgaum,1
2026-09-27,SEL-1008,Belgaum,1
2026-09-27,SEL-1029,Belgaum,1
2026-09-27,SEL-1037,Belgaum,1
2026-09-27,SEL-1068,Belgaum,1
2026-09-27,SEL-3310,Belgaum,4
2026-09-27,BLT-1026,Bijapur,2
2026-09-27,BLT-1032,Bijapur,1
2026-09-27,BLT-1093,Bijapur,1
2026-09-27,BLT-1098,Bijapur,1
2026-09-27,BLT-4105,Bijapur,2
2026-09-27,BRG-1008,Bijapur,2
2026-09-27,BRG-1064,Bijapur,4
2026-09-27,BRG-1075,Bijapur,1
2026-09-27,CLT-1044,Bijapur,1
2026-09-27,CLT-1099,Bijapur,1
2026-09-27,ELE-1000,Bijapur,1
2026-09-27,FLT-1001,Bijapur,2
2026-09-27,FLT-1009,Bijapur,4
2026-09-27,FLT-1016,Bijapur,1
2026-09-27,FLT-1021,Bijapur,1
2026-09-27,FLT-1032,Bijapur,1
2026-09-27,FLT-1037,Bijapur,1
2026-09-27,FLT-1053,Bijapur,1
2026-09-27,FLT-1063,Bijapur,1
2026-09-27,FLT-1086,Bijapur,2
2026-09-27,FLT-1098,Bijapur,2
2026-09-27,HYD-1024,Bijapur,1
2026-09-27,HYD-1028,Bijapur,2
2026-09-27,HYD-1051,Bijapur,2
2026-09-27,HYD-1063,Bijapur,1
2026-09-27,HYD-1098,Bijapur,1
2026-09-27,PMP-1009,Bijapur,1
2026-09-27,PMP-1075,Bijapur,1
2026-09-27,PMP-1098,Bijapur,1
2026-09-27,PMP-5012,Bijapur,5
2026-09-27,SEL-1008,Bijapur,1
2026-09-27,SEL-1042,Bijapur,3
2026-09-27,SEL-1070,Bijapur,1
2026-09-27,SEL-1096,Bijapur,1
2026-09-27,BLT-1032,Dharwad,2
2026-09-27,BLT-1035,Dharwad,3
2026-09-27,BLT-1047,Dharwad,1
2026-09-27,BLT-1080,Dharwad,1
2026-09-27,BRG-1000,Dharwad,1
2026-09-27,BRG-1025,Dharwad,3
2026-09-27,BRG-1075,Dharwad,2
2026-09-27,BRG-1086,Dharwad,1
2026-09-27,CLT-1021,Dharwad,1
2026-09-27,CLT-1037,Dharwad,1
2026-09-27,CLT-1068,Dharwad,1
2026-09-27,CLT-1081,Dharwad,1
2026-09-27,ELE-1018,Dharwad,1
2026-09-27,ELE-1086,Dharwad,1
2026-09-27,ELE-1092,Dharwad,1
2026-09-27,FLT-1016,Dharwad,1
2026-09-27,FLT-1021,Dharwad,1
2026-09-27,FLT-1037,Dharwad,2
2026-09-27,FLT-1053,Dharwad,1
2026-09-27,HYD-1004,Dharwad,1
2026-09-27,HYD-1024,Dharwad,4
2026-09-27,HYD-1038,Dharwad,5
2026-09-27,HYD-1042,Dharwad,1
2026-09-27,HYD-1063,Dharwad,1
2026-09-27,HYD-1074,Dharwad,1
2026-09-27,HYD-1081,Dharwad,2
2026-09-27,HYD-1095,Dharwad,3
2026-09-27,PMP-1002,Dharwad,1
2026-09-27,PMP-1009,Dharwad,1
2026-09-27,PMP-1023,Dharwad,1
2026-09-27,PMP-1032,Dharwad,1
2026-09-27,PMP-1036,Dharwad,2
2026-09-27,PMP-1091,Dharwad,2
2026-09-27,PMP-5012,Dharwad,3
2026-09-27,SEL-1002,Dharwad,1
2026-09-27,SEL-1042,Dharwad,2
2026-09-27,SEL-1068,Dharwad,1
2026-09-27,BLT-1012,Gokak,1
2026-09-27,BLT-1053,Gokak,3
2026-09-27,BLT-1066,Gokak,1
2026-09-27,BLT-1087,Gokak,5
2026-09-27,BLT-1098,Gokak,1
2026-09-27,BRG-1064,Gokak,1
2026-09-27,BRG-1099,Gokak,2
2026-09-27,CLT-1016,Gokak,1
2026-09-27,CLT-1044,Gokak,2
2026-09-27,CLT-1074,Gokak,1
2026-09-27,CLT-1099,Gokak,1
2026-09-27,CLT-6120,Gokak,1
2026-09-27,ELE-1000,Gokak,2
2026-09-27,ELE-1010,Gokak,2
2026-09-27,ELE-1018,Gokak,2
2026-09-27,ELE-1030,Gokak,1
2026-09-27,ELE-1044,Gokak,1
2026-09-27,ELE-1057,Gokak,1
2026-09-27,ELE-1100,Gokak,5
2026-09-27,FLT-1009,Gokak,1
2026-09-27,FLT-1021,Gokak,2
2026-09-27,FLT-1037,Gokak,2
2026-09-27,HYD-1016,Gokak,1
2026-09-27,HYD-1028,Gokak,1
2026-09-27,HYD-1038,Gokak,1
2026-09-27,HYD-1074,Gokak,1
2026-09-27,PMP-1036,Gokak,2
2026-09-27,PMP-1052,Gokak,2
2026-09-27,PMP-1075,Gokak,1
2026-09-27,PMP-5012,Gokak,1
2026-09-27,SEL-1008,Gokak,1
2026-09-27,SEL-1029,Gokak,1
2026-09-27,SEL-1042,Gokak,2
2026-09-27,SEL-1077,Gokak,2
2026-09-27,SEL-1085,Gokak,1
2026-09-27,SEL-1096,Gokak,1
2026-09-27,SEL-3310,Gokak,1
2026-09-27,BLT-1016,Hubli,2
2026-09-27,BLT-1035,Hubli,1
2026-09-27,BLT-4105,Hubli,1
2026-09-27,BRG-1000,Hubli,1
2026-09-27,BRG-1025,Hubli,1
2026-09-27,BRG-2207,Hubli,1
2026-09-27,CLT-1004,Hubli,1
2026-09-27,CLT-1007,Hubli,1
2026-09-27,CLT-1021,Hubli,2
2026-09-27,CLT-1037,Hubli,1
2026-09-27,CLT-1044,Hubli,1
2026-09-27,CLT-1057,Hubli,2
2026-09-27,CLT-1068,Hubli,1
2026-09-27,CLT-1074,Hubli,1
2026-09-27,ELE-1000,Hubli,1
2026-09-27,ELE-1010,Hubli,1
2026-09-27,ELE-1030,Hubli,1
2026-09-27,ELE-1044,Hubli,1
2026-09-27,ELE-1092,Hubli,1
2026-09-27,FLT-1009,Hubli,2
2026-09-27,FLT-1032,Hubli,1
2026-09-27,FLT-1037,Hubli,2
2026-09-27,FLT-1079,Hubli,1
2026-09-27,HYD-1024,Hubli,1
2026-09-27,HYD-1095,Hubli,1
2026-09-27,PMP-1009,Hubli,2
2026-09-27,PMP-1019,Hubli,2
2026-09-27,PMP-1052,Hubli,1
2026-09-27,PMP-1056,Hubli,1
2026-09-27,PMP-1063,Hubli,4
2026-09-27,PMP-1089,Hubli,2
2026-09-27,PMP-1091,Hubli,2
2026-09-27,SEL-1002,Hubli,1
2026-09-27,SEL-1008,Hubli,1
2026-09-27,SEL-1042,Hubli,1
2026-09-27,SEL-1068,Hubli,1
2026-09-27,SEL-1070,Hubli,1
2026-09-27,SEL-1077,Hubli,1
2026-09-27,SEL-3310,Hubli,2
2026-09-28,BLT-1016,Bagalkot,2
2026-09-28,BLT-1035,Bagalkot,1
2026-09-28,BLT-1053,Bagalkot,1
2026-09-28,BLT-1061,Bagalkot,1
2026-09-28,BLT-1073,Bagalkot,1
2026-09-28,BLT-1080,Bagalkot,1
2026-09-28,BLT-1093,Bagalkot,1
2026-09-28,BRG-1058,Bagalkot,2
2026-09-28,BRG-1064,Bagalkot,2
2026-09-28,BRG-1081,Bagalkot,1
2026-09-28,BRG-1086,Bagalkot,1
2026-09-28,BRG-1092,Bagalkot,1
2026-09-28,CLT-1057,Bagalkot,1
2026-09-28,CLT-6120,Bagalkot,1
2026-09-28,ELE-1010,Bagalkot,1
2026-09-28,ELE-1018,Bagalkot,1
2026-09-28,ELE-1030,Bagalkot,1
2026-09-28,FLT-1037,Bagalkot,1
2026-09-28,FLT-1056,Bagalkot,1
2026-09-28,FLT-1063,Bagalkot,2
2026-09-28,FLT-1079,Bagalkot,1
2026-09-28,FLT-1093,Bagalkot,1
2026-09-28,HYD-1012,Bagalkot,2
2026-09-28,HYD-1016,Bagalkot,1
2026-09-28,HYD-1024,Bagalkot,5
2026-09-28,HYD-1042,Bagalkot,1
2026-09-28,PMP-1002,Bagalkot,1
2026-09-28,PMP-1019,Bagalkot,1
2026-09-28,PMP-1036,Bagalkot,1
2026-09-28,PMP-1075,Bagalkot,2
2026-09-28,PMP-1098,Bagalkot,1
2026-09-28,SEL-1042,Bagalkot,1
2026-09-28,SEL-1068,Bagalkot,1
2026-09-28,SEL-1070,Bagalkot,1
2026-09-28,SEL-1085,Bagalkot,3
2026-09-28,BLT-1016,Belgaum,2
2026-09-28,BLT-1032,Belgaum,2
2026-09-28,BLT-1073,Belgaum,3
2026-09-28,BLT-1080,Belgaum,1
2026-09-28,BLT-4105,Belgaum,1
2026-09-28,BRG-1000,Belgaum,1
2026-09-28,BRG-1018,Belgaum,1
2026-09-28,BRG-1058,Belgaum,1
2026-09-28,BRG-1064,Belgaum,1
2026-09-28,BRG-1075,Belgaum,2
2026-09-28,BRG-1086,Belgaum,1
2026-09-28,CLT-1004,Belgaum,2
2026-09-28,CLT-1074,Belgaum,2
2026-09-28,CLT-1099,Belgaum,1
2026-09-28,ELE-1000,Belgaum,1
2026-09-28,ELE-1039,Belgaum,1
2026-09-28,FLT-1021,Belgaum,1
2026-09-28,FLT-1045,Belgaum,3
2026-09-28,FLT-1053,Belgaum,1
2026-09-28,FLT-1079,Belgaum,1
2026-09-28,FLT-1086,Belgaum,2
2026-09-28,HYD-1024,Belgaum,2
2026-09-28,HYD-1042,Belgaum,1
2026-09-28,HYD-1074,Belgaum,1
2026-09-28,HYD-1095,Belgaum,1
2026-09-28,HYD-1098,Belgaum,1
2026-09-28,PMP-1043,Belgaum,1
2026-09-28,PMP-1075,Belgaum,1
2026-09-28,PMP-5012,Belgaum,2
2026-09-28,SEL-1002,Belgaum,3
2026-09-28,SEL-1008,Belgaum,3
2026-09-28,SEL-1029,Belgaum,1
2026-09-28,SEL-1037,Belgaum,2
2026-09-28,SEL-3310,Belgaum,3
2026-09-28,BLT-1035,Bijapur,1
2026-09-28,BLT-1053,Bijapur,1
2026-09-28,BLT-1066,Bijapur,1
2026-09-28,BLT-1080,Bijapur,1
2026-09-28,BRG-1049,Bijapur,1
2026-09-28,BRG-1075,Bijapur,3
2026-09-28,BRG-1092,Bijapur,1
2026-09-28,CLT-1004,Bijapur,1
2026-09-28,CLT-1021,Bijapur,2
2026-09-28,CLT-1044,Bijapur,1
2026-09-28,CLT-1053,Bijapur,1
2026-09-28,ELE-1010,Bijapur,1
2026-09-28,ELE-1023,Bijapur,3
2026-09-28,FLT-1001,Bijapur,1
2026-09-28,FLT-1009,Bijapur,1
2026-09-28,FLT-1016,Bijapur,1
2026-09-28,FLT-1032,Bijapur,1
2026-09-28,FLT-1045,Bijapur,1
2026-09-28,FLT-1053,Bijapur,2
2026-09-28,HYD-1024,Bijapur,2
2026-09-28,HYD-1042,Bijapur,2
2026-09-28,HYD-1063,Bijapur,4
2026-09-28,PMP-1009,Bijapur,1
2026-09-28,PMP-1023,Bijapur,2
2026-09-28,PMP-1075,Bijapur,2
2026-09-28,PMP-1079,Bijapur,3
2026-09-28,PMP-1089,Bijapur,3
2026-09-28,SEL-1014,Bijapur,1
2026-09-28,SEL-1029,Bijapur,1
2026-09-28,SEL-1037,Bijapur,2
2026-09-28,SEL-1042,Bijapur,1
2026-09-28,SEL-1068,Bijapur,2
2026-09-28,SEL-1096,Bijapur,1
2026-09-28,BLT-1003,Dharwad,2
2026-09-28,BLT-1047,Dharwad,2
2026-09-28,BLT-1053,Dharwad,2
2026-09-28,BLT-1080,Dharwad,3
2026-09-28,BLT-1087,Dharwad,1
2026-09-28,BLT-4105,Dharwad,1
2026-09-28,BRG-1008,Dharwad,1
2026-09-28,BRG-1025,Dharwad,1
2026-09-28,BRG-1058,Dharwad,1
2026-09-28,BRG-1081,Dharwad,2
2026-09-28,BRG-1092,Dharwad,1
2026-09-28,CLT-1028,Dharwad,3
2026-09-28,CLT-1057,Dharwad,1
2026-09-28,CLT-1068,Dharwad,1
2026-09-28,CLT-1074,Dharwad,1
2026-09-28,CLT-1081,Dharwad,2
2026-09-28,CLT-1089,Dharwad,1
2026-09-28,ELE-1000,Dharwad,2
2026-09-28,ELE-1051,Dharwad,1
2026-09-28,FLT-1016,Dharwad,1
2026-09-28,FLT-1022,Dharwad,1
2026-09-28,FLT-1053,Dharwad,2
2026-09-28,FLT-1093,Dharwad,2
2026-09-28,HYD-1024,Dharwad,2
2026-09-28,HYD-1038,Dharwad,1
2026-09-28,HYD-1042,Dharwad,2
2026-09-28,HYD-1081,Dharwad,1
2026-09-28,HYD-1095,Dharwad,1
2026-09-28,PMP-1032,Dharwad,1
2026-09-28,PMP-1036,Dharwad,1
2026-09-28,PMP-1043,Dharwad,2
2026-09-28,PMP-1056,Dharwad,1
2026-09-28,PMP-1063,Dharwad,1
2026-09-28,PMP-1079,Dharwad,1
2026-09-28,PMP-1091,Dharwad,1
2026-09-28,PMP-5012,Dharwad,3
2026-09-28,SEL-1068,Dharwad,1
2026-09-28,SEL-3310,Dharwad,1
2026-09-28,BLT-1026,Gokak,1
2026-09-28,BLT-1053,Gokak,3
2026-09-28,BLT-1066,Gokak,3
2026-09-28,BLT-1087,Gokak,2
2026-09-28,BLT-1093,Gokak,1
2026-09-28,BRG-1064,Gokak,1
2026-09-28,BRG-1081,Gokak,1
2026-09-28,CLT-1028,Gokak,2
2026-09-28,CLT-1044,Gokak,1
2026-09-28,CLT-1057,Gokak,1
2026-09-28,CLT-1074,Gokak,1
2026-09-28,CLT-1099,Gokak,1
2026-09-28,ELE-1000,Gokak,2
2026-09-28,ELE-1010,Gokak,2
2026-09-28,ELE-1044,Gokak,3
2026-09-28,ELE-1073,Gokak,1
2026-09-28,ELE-1092,Gokak,1
2026-09-28,ELE-1100,Gokak,3
2026-09-28,FLT-1009,Gokak,2
2026-09-28,FLT-1016,Gokak,1
2026-09-28,FLT-1021,Gokak,1
2026-09-28,FLT-1032,Gokak,1
2026-09-28,FLT-1037,Gokak,2
2026-09-28,FLT-1045,Gokak,2
2026-09-28,FLT-1086,Gokak,1
2026-09-28,HYD-1004,Gokak,3
2026-09-28,HYD-1012,Gokak,1
2026-09-28,HYD-1028,Gokak,1
2026-09-28,PMP-1052,Gokak,3
2026-09-28,PMP-1079,Gokak,2
2026-09-28,PMP-1091,Gokak,5
2026-09-28,PMP-5012,Gokak,2
2026-09-28,SEL-1008,Gokak,2
2026-09-28,SEL-1014,Gokak,1
2026-09-28,SEL-1024,Gokak,1
2026-09-28,SEL-1029,Gokak,3
2026-09-28,SEL-1042,Gokak,1
2026-09-28,SEL-1077,Gokak,1
2026-09-28,SEL-1085,Gokak,1
2026-09-28,SEL-3310,Gokak,1
2026-09-28,BLT-1003,Hubli,2
2026-09-28,BLT-1026,Hubli,1
2026-09-28,BLT-1080,Hubli,1
2026-09-28,BLT-4105,Hubli,1
2026-09-28,BRG-1000,Hubli,1
2026-09-28,BRG-1025,Hubli,1
2026-09-28,BRG-1033,Hubli,1
2026-09-28,BRG-1037,Hubli,1
2026-09-28,BRG-1049,Hubli,2
2026-09-28,BRG-1064,Hubli,1
2026-09-28,BRG-1081,Hubli,2
2026-09-28,CLT-1007,Hubli,3
2026-09-28,CLT-1016,Hubli,4
2026-09-28,CLT-1037,Hubli,1
2026-09-28,CLT-1068,Hubli,1
2026-09-28,CLT-1099,Hubli,2
2026-09-28,ELE-1010,Hubli,2
2026-09-28,ELE-1039,Hubli,2
2026-09-28,ELE-1086,Hubli,1
2026-09-28,ELE-1092,Hubli,1
2026-09-28,FLT-1009,Hubli,1
2026-09-28,FLT-1032,Hubli,3
2026-09-28,FLT-1037,Hubli,1
2026-09-28,FLT-1053,Hubli,1
2026-09-28,FLT-1079,Hubli,1
2026-09-28,FLT-1098,Hubli,1
2026-09-28,HYD-1012,Hubli,1
2026-09-28,HYD-1089,Hubli,1
2026-09-28,HYD-1095,Hubli,1
2026-09-28,HYD-1098,Hubli,2
2026-09-28,PMP-1009,Hubli,1
2026-09-28,PMP-1023,Hubli,1
2026-09-28,PMP-1056,Hubli,1
2026-09-28,PMP-1089,Hubli,1
2026-09-28,PMP-1098,Hubli,1
2026-09-28,PMP-5012,Hubli,1
2026-09-28,SEL-1002,Hubli,1
2026-09-28,SEL-1037,Hubli,2
2026-09-28,SEL-1052,Hubli,1
2026-09-28,SEL-1068,Hubli,1
2026-09-28,SEL-1096,Hubli,1
2026-09-28,SEL-3310,Hubli,2
2026-09-29,BLT-1016,Bagalkot,3
2026-09-29,BLT-1032,Bagalkot,1
2026-09-29,BLT-1035,Bagalkot,2
2026-09-29,BLT-1061,Bagalkot,1
2026-09-29,BLT-1093,Bagalkot,7
2026-09-29,BLT-4105,Bagalkot,2
2026-09-29,BRG-1000,Bagalkot,2
2026-09-29,BRG-1008,Bagalkot,2
2026-09-29,BRG-1018,Bagalkot,1
2026-09-29,BRG-1033,Bagalkot,1
2026-09-29,BRG-1092,Bagalkot,1
2026-09-29,BRG-2207,Bagalkot,1
2026-09-29,CLT-1081,Bagalkot,1
2026-09-29,CLT-1089,Bagalkot,1
2026-09-29,CLT-1099,Bagalkot,2
2026-09-29,ELE-1000,Bagalkot,1
2026-09-29,ELE-1010,Bagalkot,1
2026-09-29,ELE-1018,Bagalkot,2
2026-09-29,ELE-1030,Bagalkot,1
2026-09-29,ELE-1044,Bagalkot,2
2026-09-29,FLT-1001,Bagalkot,1
2026-09-29,FLT-1009,Bagalkot,3
2026-09-29,FLT-1056,Bagalkot,3
2026-09-29,FLT-1063,Bagalkot,1
2026-09-29,FLT-1074,Bagalkot,2
2026-09-29,FLT-1093,Bagalkot,1
2026-09-29,HYD-1012,Bagalkot,1
2026-09-29,HYD-1024,Bagalkot,3
2026-09-29,HYD-1028,Bagalkot,2
2026-09-29,HYD-1042,Bagalkot,1
2026-09-29,HYD-1051,Bagalkot,2
2026-09-29,HYD-1098,Bagalkot,1
2026-09-29,PMP-1032,Bagalkot,1
2026-09-29,PMP-1036,Bagalkot,2
2026-09-29,PMP-1089,Bagalkot,1
2026-09-29,SEL-1052,Bagalkot,1
2026-09-29,SEL-1059,Bagalkot,2
2026-09-29,SEL-1068,Bagalkot,1
2026-09-29,SEL-1070,Bagalkot,1
2026-09-29,SEL-1098,Bagalkot,2
2026-09-29,BLT-1016,Belgaum,1
2026-09-29,BLT-1073,Belgaum,2
2026-09-29,BLT-4105,Belgaum,1
2026-09-29,BRG-1037,Belgaum,3
2026-09-29,BRG-1064,Belgaum,1
2026-09-29,CLT-1004,Belgaum,2
2026-09-29,CLT-1007,Belgaum,1
2026-09-29,CLT-1057,Belgaum,1
2026-09-29,CLT-1074,Belgaum,1
2026-09-29,CLT-1089,Belgaum,2
2026-09-29,ELE-1010,Belgaum,1
2026-09-29,ELE-1023,Belgaum,1
2026-09-29,ELE-1039,Belgaum,1
2026-09-29,ELE-1092,Belgaum,1
2026-09-29,ELE-1100,Belgaum,1
2026-09-29,FLT-1021,Belgaum,2
2026-09-29,FLT-1022,Belgaum,2
2026-09-29,FLT-1045,Belgaum,1
2026-09-29,FLT-1086,Belgaum,1
2026-09-29,FLT-1098,Belgaum,1
2026-09-29,HYD-1012,Belgaum,2
2026-09-29,HYD-1016,Belgaum,2
2026-09-29,HYD-1074,Belgaum,1
2026-09-29,HYD-1081,Belgaum,2
2026-09-29,HYD-1095,Belgaum,2
2026-09-29,HYD-1098,Belgaum,1
2026-09-29,PMP-1091,Belgaum,2
2026-09-29,PMP-5012,Belgaum,3
2026-09-29,SEL-1002,Belgaum,2
2026-09-29,SEL-1008,Belgaum,3
2026-09-29,SEL-1029,Belgaum,1
2026-09-29,SEL-1037,Belgaum,1
2026-09-29,SEL-1085,Belgaum,1
2026-09-29,SEL-3310,Belgaum,2
2026-09-29,BLT-1003,Bijapur,1
2026-09-29,BLT-1053,Bijapur,2
2026-09-29,BLT-1080,Bijapur,1
2026-09-29,BLT-1093,Bijapur,1
2026-09-29,BRG-1064,Bijapur,3
2026-09-29,BRG-1075,Bijapur,1
2026-09-29,CLT-1007,Bijapur,3
2026-09-29,CLT-1053,Bijapur,1
2026-09-29,ELE-1010,Bijapur,1
2026-09-29,ELE-1023,Bijapur,1
2026-09-29,FLT-1001,Bijapur,1
2026-09-29,FLT-1009,Bijapur,1
2026-09-29,FLT-1016,Bijapur,2
2026-09-29,FLT-1021,Bijapur,1
2026-09-29,FLT-1032,Bijapur,1
2026-09-29,FLT-1037,Bijapur,1
2026-09-29,FLT-1053,Bijapur,1
2026-09-29,FLT-1074,Bijapur,1
2026-09-29,HYD-1024,Bijapur,1
2026-09-29,HYD-1042,Bijapur,2
2026-09-29,HYD-1063,Bijapur,2
2026-09-29,HYD-1098,Bijapur,1
2026-09-29,PMP-1009,Bijapur,1
2026-09-29,PMP-1089,Bijapur,2
2026-09-29,PMP-5012,Bijapur,3
2026-09-29,SEL-1024,Bijapur,1
2026-09-29,SEL-1029,Bijapur,1
2026-09-29,SEL-1037,Bijapur,1
2026-09-29,SEL-1042,Bijapur,1
2026-09-29,SEL-1085,Bijapur,2
2026-09-29,SEL-1096,Bijapur,2
2026-09-29,BLT-1035,Dharwad,1
2026-09-29,BLT-1047,Dharwad,1
2026-09-29,BLT-1073,Dharwad,1
2026-09-29,BLT-1080,Dharwad,4
2026-09-29,BLT-1087,Dharwad,1
2026-09-29,BRG-1025,Dharwad,2
2026-09-29,BRG-1058,Dharwad,1
2026-09-29,BRG-1099,Dharwad,1
2026-09-29,CLT-1004,Dharwad,1
2026-09-29,CLT-1021,Dharwad,3
2026-09-29,CLT-1028,Dharwad,1
2026-09-29,CLT-1057,Dharwad,3
2026-09-29,CLT-1068,Dharwad,1
2026-09-29,CLT-1081,Dharwad,2
2026-09-29,CLT-1089,Dharwad,1
2026-09-29,CLT-1092,Dharwad,3
2026-09-29,CLT-6120,Dharwad,1
2026-09-29,ELE-1092,Dharwad,1
2026-09-29,FLT-1016,Dharwad,4
2026-09-29,FLT-1022,Dharwad,1
2026-09-29,FLT-1053,Dharwad,1
2026-09-29,FLT-1074,Dharwad,1
2026-09-29,HYD-1024,Dharwad,1
2026-09-29,HYD-1038,Dharwad,1
2026-09-29,HYD-1051,Dharwad,2
2026-09-29,HYD-1074,Dharwad,1
2026-09-29,HYD-1081,Dharwad,1
2026-09-29,HYD-1095,Dharwad,3
2026-09-29,PMP-1002,Dharwad,1
2026-09-29,PMP-1009,Dharwad,2
2026-09-29,PMP-1032,Dharwad,1
2026-09-29,PMP-1036,Dharwad,1
2026-09-29,PMP-1043,Dharwad,2
2026-09-29,PMP-1063,Dharwad,1
2026-09-29,PMP-1079,Dharwad,1
2026-09-29,PMP-1091,Dharwad,3
2026-09-29,PMP-5012,Dharwad,2
2026-09-29,SEL-1002,Dharwad,1
2026-09-29,SEL-1037,Dharwad,2
2026-09-29,SEL-1042,Dharwad,1
2026-09-29,SEL-3310,Dharwad,1
2026-09-29,BLT-1016,Gokak,1
2026-09-29,BLT-1026,Gokak,1
2026-09-29,BLT-1053,Gokak,1
2026-09-29,BLT-1087,Gokak,3
2026-09-29,BLT-1098,Gokak,1
2026-09-29,BRG-1008,Gokak,1
2026-09-29,BRG-1037,Gokak,1
2026-09-29,BRG-1064,Gokak,2
2026-09-29,BRG-1081,Gokak,1
2026-09-29,BRG-1092,Gokak,1
2026-09-29,BRG-1099,Gokak,3
2026-09-29,CLT-1004,Gokak,1
2026-09-29,CLT-1007,Gokak,1
2026-09-29,CLT-1016,Gokak,1
2026-09-29,CLT-1044,Gokak,1
2026-09-29,CLT-1074,Gokak,2
2026-09-29,ELE-1010,Gokak,3
2026-09-29,ELE-1018,Gokak,2
2026-09-29,ELE-1073,Gokak,1
2026-09-29,ELE-1092,Gokak,2
2026-09-29,ELE-1100,Gokak,2
2026-09-29,FLT-1009,Gokak,1
2026-09-29,FLT-1021,Gokak,2
2026-09-29,FLT-1056,Gokak,1
2026-09-29,FLT-1086,Gokak,1
2026-09-29,FLT-1098,Gokak,1
2026-09-29,HYD-1004,Gokak,1
2026-09-29,HYD-1012,Gokak,2
2026-09-29,HYD-1028,Gokak,1
2026-09-29,HYD-1074,Gokak,3
2026-09-29,HYD-1098,Gokak,1
2026-09-29,PMP-1023,Gokak,6
2026-09-29,PMP-1043,Gokak,3
2026-09-29,PMP-1052,Gokak,3
2026-09-29,PMP-1079,Gokak,1
2026-09-29,PMP-1091,Gokak,3
2026-09-29,PMP-5012,Gokak,3
2026-09-29,SEL-1008,Gokak,1
2026-09-29,SEL-1085,Gokak,1
2026-09-29,SEL-3310,Gokak,1
2026-09-29,BLT-1003,Hubli,1
2026-09-29,BLT-1016,Hubli,1
2026-09-29,BLT-1026,Hubli,1
2026-09-29,BLT-1035,Hubli,1
2026-09-29,BLT-1053,Hubli,1
2026-09-29,BLT-1080,Hubli,2
2026-09-29,BLT-1093,Hubli,1
2026-09-29,BLT-4105,Hubli,2
2026-09-29,BRG-1045,Hubli,2
2026-09-29,BRG-1064,Hubli,1
2026-09-29,BRG-1081,Hubli,4
2026-09-29,CLT-1007,Hubli,1
2026-09-29,CLT-1016,Hubli,1
2026-09-29,CLT-1021,Hubli,3
2026-09-29,CLT-1068,Hubli,1
2026-09-29,CLT-1099,Hubli,1
2026-09-29,ELE-1030,Hubli,1
2026-09-29,ELE-1044,Hubli,1
2026-09-29,ELE-1073,Hubli,2
2026-09-29,ELE-1079,Hubli,2
2026-09-29,ELE-1086,Hubli,1
2026-09-29,FLT-1016,Hubli,1
2026-09-29,FLT-1037,Hubli,3
2026-09-29,FLT-1053,Hubli,1
2026-09-29,FLT-1074,Hubli,2
2026-09-29,FLT-1098,Hubli,1
2026-09-29,HYD-1016,Hubli,4
2026-09-29,HYD-1024,Hubli,1
2026-09-29,HYD-1028,Hubli,1
2026-09-29,HYD-1095,Hubli,2
2026-09-29,HYD-1098,Hubli,1
2026-09-29,PMP-1009,Hubli,2
2026-09-29,PMP-1019,Hubli,1
2026-09-29,PMP-1023,Hubli,4
2026-09-29,PMP-1032,Hubli,1
2026-09-29,PMP-1056,Hubli,1
2026-09-29,PMP-1079,Hubli,1
2026-09-29,PMP-1091,Hubli,2
2026-09-29,PMP-1098,Hubli,1
2026-09-29,SEL-1002,Hubli,1
2026-09-29,SEL-1037,Hubli,4
2026-09-29,SEL-1042,Hubli,1
2026-09-29,SEL-1068,Hubli,1
2026-09-29,SEL-1070,Hubli,1
2026-09-29,SEL-1077,Hubli,1
2026-09-29,SEL-1096,Hubli,2
2026-09-29,SEL-3310,Hubli,1
2026-09-30,BLT-1016,Bagalkot,3
2026-09-30,BLT-1035,Bagalkot,2
2026-09-30,BLT-1061,Bagalkot,2
2026-09-30,BLT-1066,Bagalkot,1
2026-09-30,BLT-1073,Bagalkot,1
2026-09-30,BLT-1087,Bagalkot,1
2026-09-30,BLT-4105,Bagalkot,1
2026-09-30,BRG-1025,Bagalkot,1
2026-09-30,BRG-1033,Bagalkot,1
2026-09-30,BRG-1086,Bagalkot,1
2026-09-30,CLT-1007,Bagalkot,2
2026-09-30,CLT-1037,Bagalkot,2
2026-09-30,CLT-1068,Bagalkot,2
2026-09-30,CLT-1099,Bagalkot,1
2026-09-30,ELE-1018,Bagalkot,2
2026-09-30,ELE-1030,Bagalkot,1
2026-09-30,ELE-1079,Bagalkot,1
2026-09-30,FLT-1009,Bagalkot,2
2026-09-30,FLT-1021,Bagalkot,1
2026-09-30,FLT-1056,Bagalkot,1
2026-09-30,FLT-1063,Bagalkot,1
2026-09-30,FLT-1074,Bagalkot,1
2026-09-30,HYD-1016,Bagalkot,1
2026-09-30,HYD-1024,Bagalkot,1
2026-09-30,HYD-1028,Bagalkot,1
2026-09-30,HYD-1042,Bagalkot,3
2026-09-30,HYD-1051,Bagalkot,1
2026-09-30,HYD-1095,Bagalkot,1
2026-09-30,PMP-1036,Bagalkot,1
2026-09-30,PMP-1098,Bagalkot,1
2026-09-30,SEL-1002,Bagalkot,1
2026-09-30,SEL-1052,Bagalkot,1
2026-09-30,SEL-1096,Bagalkot,1
2026-09-30,SEL-1098,Bagalkot,1
2026-09-30,BLT-1032,Belgaum,2
2026-09-30,BLT-1080,Belgaum,1
2026-09-30,BLT-1087,Belgaum,1
2026-09-30,BRG-1018,Belgaum,3
2026-09-30,BRG-1058,Belgaum,3
2026-09-30,CLT-1004,Belgaum,2
2026-09-30,CLT-1028,Belgaum,1
2026-09-30,CLT-1044,Belgaum,3
2026-09-30,CLT-1074,Belgaum,2
2026-09-30,CLT-1081,Belgaum,2
2026-09-30,CLT-1089,Belgaum,2
2026-09-30,CLT-1092,Belgaum,2
2026-09-30,ELE-1023,Belgaum,1
2026-09-30,FLT-1001,Belgaum,1
2026-09-30,FLT-1021,Belgaum,3
2026-09-30,FLT-1022,Belgaum,1
2026-09-30,FLT-1037,Belgaum,1
2026-09-30,FLT-1045,Belgaum,2
2026-09-30,FLT-1053,Belgaum,1
2026-09-30,FLT-1086,Belgaum,3
2026-09-30,FLT-1098,Belgaum,1
2026-09-30,HYD-1016,Belgaum,3
2026-09-30,HYD-1024,Belgaum,2
2026-09-30,HYD-1063,Belgaum,1
2026-09-30,HYD-1081,Belgaum,1
2026-09-30,HYD-1095,Belgaum,1
2026-09-30,PMP-1036,Belgaum,1
2026-09-30,PMP-1056,Belgaum,2
2026-09-30,PMP-1075,Belgaum,2
2026-09-30,PMP-1091,Belgaum,1
2026-09-30,PMP-5012,Belgaum,1
2026-09-30,SEL-1002,Belgaum,2
2026-09-30,SEL-1024,Belgaum,1
2026-09-30,SEL-1037,Belgaum,2
2026-09-30,SEL-1068,Belgaum,1
2026-09-30,SEL-1085,Belgaum,1
2026-09-30,SEL-3310,Belgaum,5
2026-09-30,BLT-1035,Bijapur,1
2026-09-30,BLT-1047,Bijapur,2
2026-09-30,BLT-1053,Bijapur,1
2026-09-30,BLT-1061,Bijapur,3
2026-09-30,BRG-1000,Bijapur,1
2026-09-30,BRG-1008,Bijapur,1
2026-09-30,BRG-1037,Bijapur,1
2026-09-30,CLT-1007,Bijapur,1
2026-09-30,CLT-1044,Bijapur,1
2026-09-30,CLT-1053,Bijapur,3
2026-09-30,CLT-1089,Bijapur,1
2026-09-30,CLT-1099,Bijapur,1
2026-09-30,ELE-1010,Bijapur,1
2026-09-30,ELE-1023,Bijapur,1
2026-09-30,FLT-1053,Bijapur,2
2026-09-30,FLT-1079,Bijapur,1
2026-09-30,FLT-1086,Bijapur,2
2026-09-30,HYD-1016,Bijapur,1
2026-09-30,HYD-1024,Bijapur,2
2026-09-30,HYD-1063,Bijapur,1
2026-09-30,PMP-1009,Bijapur,1
2026-09-30,PMP-1075,Bijapur,1
2026-09-30,PMP-1089,Bijapur,2
2026-09-30,PMP-1091,Bijapur,1
2026-09-30,PMP-1098,Bijapur,1
2026-09-30,PMP-5012,Bijapur,2
2026-09-30,SEL-1029,Bijapur,2
2026-09-30,SEL-1037,Bijapur,1
2026-09-30,SEL-1042,Bijapur,1
2026-09-30,SEL-1077,Bijapur,1
2026-09-30,SEL-1096,Bijapur,2
2026-09-30,BLT-1003,Dharwad,3
2026-09-30,BLT-1032,Dharwad,1
2026-09-30,BLT-1053,Dharwad,1
2026-09-30,BLT-1073,Dharwad,1
2026-09-30,BLT-1080,Dharwad,3
2026-09-30,BLT-1087,Dharwad,1
2026-09-30,BRG-1000,Dharwad,1
2026-09-30,BRG-1008,Dharwad,1
2026-09-30,BRG-1025,Dharwad,4
2026-09-30,BRG-1099,Dharwad,1
2026-09-30,CLT-1028,Dharwad,4
2026-09-30,CLT-1057,Dharwad,3
2026-09-30,CLT-1089,Dharwad,1
2026-09-30,CLT-1092,Dharwad,2
2026-09-30,ELE-1000,Dharwad,1
2026-09-30,FLT-1016,Dharwad,1
2026-09-30,FLT-1021,Dharwad,2
2026-09-30,FLT-1032,Dharwad,1
2026-09-30,FLT-1037,Dharwad,3
2026-09-30,HYD-1004,Dharwad,1
2026-09-30,HYD-1038,Dharwad,5
2026-09-30,HYD-1095,Dharwad,2
2026-09-30,PMP-1023,Dharwad,2
2026-09-30,PMP-1032,Dharwad,1
2026-09-30,PMP-1063,Dharwad,2
2026-09-30,PMP-1079,Dharwad,2
2026-09-30,PMP-1089,Dharwad,1
2026-09-30,PMP-1091,Dharwad,4
2026-09-30,PMP-1098,Dharwad,1
2026-09-30,PMP-5012,Dharwad,1
2026-09-30,SEL-1002,Dharwad,2
2026-09-30,SEL-1042,Dharwad,1
2026-09-30,SEL-1070,Dharwad,1
2026-09-30,SEL-3310,Dharwad,1
2026-09-30,BLT-1026,Gokak,1
2026-09-30,BLT-1053,Gokak,4
2026-09-30,BLT-1087,Gokak,5
2026-09-30,BLT-1098,Gokak,2
2026-09-30,BLT-4105,Gokak,1
2026-09-30,BRG-1064,Gokak,2
2026-09-30,BRG-1081,Gokak,1
2026-09-30,BRG-1086,Gokak,1
2026-09-30,BRG-1092,Gokak,1
2026-09-30,CLT-1044,Gokak,1
2026-09-30,CLT-1074,Gokak,1
2026-09-30,CLT-1099,Gokak,2
2026-09-30,CLT-6120,Gokak,1
2026-09-30,ELE-1000,Gokak,1
2026-09-30,ELE-1018,Gokak,2
2026-09-30,ELE-1044,Gokak,2
2026-09-30,ELE-1092,Gokak,1
2026-09-30,ELE-1100,Gokak,1
2026-09-30,FLT-1021,Gokak,5
2026-09-30,FLT-1037,Gokak,2
2026-09-30,FLT-1056,Gokak,1
2026-09-30,FLT-1098,Gokak,1
2026-09-30,HYD-1004,Gokak,1
2026-09-30,HYD-1016,Gokak,2
2026-09-30,HYD-1074,Gokak,3
2026-09-30,HYD-1089,Gokak,1
2026-09-30,PMP-1052,Gokak,2
2026-09-30,PMP-1056,Gokak,2
2026-09-30,PMP-1075,Gokak,2
2026-09-30,PMP-1091,Gokak,1
2026-09-30,SEL-1008,Gokak,1
2026-09-30,SEL-1024,Gokak,1
2026-09-30,SEL-1042,Gokak,1
2026-09-30,SEL-1077,Gokak,1
2026-09-30,SEL-1085,Gokak,2
2026-09-30,SEL-1096,Gokak,1
2026-09-30,BLT-1003,Hubli,1
2026-09-30,BLT-1080,Hubli,1
2026-09-30,BLT-1093,Hubli,1
2026-09-30,BLT-4105,Hubli,1
2026-09-30,BRG-1025,Hubli,2
2026-09-30,BRG-1037,Hubli,1
2026-09-30,BRG-1049,Hubli,1
2026-09-30,BRG-1081,Hubli,2
2026-09-30,CLT-1007,Hubli,2
2026-09-30,CLT-1057,Hubli,1
2026-09-30,CLT-1068,Hubli,2
2026-09-30,CLT-1099,Hubli,3
2026-09-30,ELE-1000,Hubli,1
2026-09-30,ELE-1067,Hubli,2
2026-09-30,ELE-1079,Hubli,3
2026-09-30,ELE-1086,Hubli,1
2026-09-30,ELE-1092,Hubli,1
2026-09-30,FLT-1009,Hubli,1
2026-09-30,FLT-1032,Hubli,1
2026-09-30,FLT-1037,Hubli,2
2026-09-30,FLT-1045,Hubli,1
2026-09-30,FLT-1053,Hubli,1
2026-09-30,FLT-1098,Hubli,1
2026-09-30,HYD-1016,Hubli,1
2026-09-30,PMP-1023,Hubli,1
2026-09-30,PMP-1052,Hubli,1
2026-09-30,SEL-1014,Hubli,1
2026-09-30,SEL-1024,Hubli,1
2026-09-30,SEL-1037,Hubli,1
2026-09-30,SEL-1042,Hubli,2
2026-09-30,SEL-1052,Hubli,2
2026-09-30,SEL-1068,Hubli,1
2026-09-30,SEL-1070,Hubli,1
2026-09-30,SEL-1096,Hubli,1
2026-09-30,SEL-3310,Hubli,3
2026-10-01,BLT-1035,Bagalkot,2
2026-10-01,BLT-1053,Bagalkot,1
2026-10-01,BLT-1061,Bagalkot,1
2026-10-01,BLT-1066,Bagalkot,1
2026-10-01,BLT-1073,Bagalkot,1
2026-10-01,BLT-1080,Bagalkot,1
2026-10-01,BLT-1087,Bagalkot,1
2026-10-01,BLT-4105,Bagalkot,3
2026-10-01,BRG-1000,Bagalkot,1
2026-10-01,BRG-1049,Bagalkot,1
2026-10-01,BRG-1058,Bagalkot,1
2026-10-01,BRG-1081,Bagalkot,1
2026-10-01,CLT-1007,Bagalkot,1
2026-10-01,CLT-1037,Bagalkot,1
2026-10-01,CLT-1044,Bagalkot,1
2026-10-01,CLT-1057,Bagalkot,1
2026-10-01,CLT-1068,Bagalkot,3
2026-10-01,CLT-6120,Bagalkot,2
2026-10-01,ELE-1000,Bagalkot,1
2026-10-01,ELE-1010,Bagalkot,1
2026-10-01,ELE-1018,Bagalkot,1
2026-10-01,ELE-1023,Bagalkot,1
2026-10-01,ELE-1030,Bagalkot,1
2026-10-01,ELE-1044,Bagalkot,1
2026-10-01,ELE-1079,Bagalkot,3
2026-10-01,ELE-1086,Bagalkot,1
2026-10-01,FLT-1032,Bagalkot,1
2026-10-01,FLT-1063,Bagalkot,2
2026-10-01,FLT-1093,Bagalkot,1
2026-10-01,FLT-1098,Bagalkot,1
2026-10-01,HYD-1012,Bagalkot,1
2026-10-01,HYD-1016,Bagalkot,3
2026-10-01,HYD-1024,Bagalkot,4
2026-10-01,HYD-1028,Bagalkot,2
2026-10-01,HYD-1042,Bagalkot,3
2026-10-01,HYD-1074,Bagalkot,1
2026-10-01,PMP-1036,Bagalkot,1
2026-10-01,SEL-1002,Bagalkot,1
2026-10-01,SEL-1037,Bagalkot,2
2026-10-01,SEL-1042,Bagalkot,2
2026-10-01,SEL-1098,Bagalkot,1
2026-10-01,BLT-1016,Belgaum,1
2026-10-01,BLT-1032,Belgaum,2
2026-10-01,BLT-1073,Belgaum,3
2026-10-01,BLT-1087,Belgaum,1
2026-10-01,BRG-1000,Belgaum,1
2026-10-01,BRG-1058,Belgaum,1
2026-10-01,BRG-1064,Belgaum,1
2026-10-01,BRG-1075,Belgaum,1
2026-10-01,CLT-1004,Belgaum,4
2026-10-01,CLT-1007,Belgaum,1
2026-10-01,CLT-1021,Belgaum,1
2026-10-01,CLT-1037,Belgaum,1
2026-10-01,CLT-1044,Belgaum,1
2026-10-01,CLT-1053,Belgaum,1
2026-10-01,CLT-1081,Belgaum,1
2026-10-01,CLT-1092,Belgaum,2
2026-10-01,ELE-1030,Belgaum,1
2026-10-01,ELE-1039,Belgaum,3
2026-10-01,ELE-1086,Belgaum,1
2026-10-01,FLT-1001,Belgaum,1
2026-10-01,FLT-1009,Belgaum,2
2026-10-01,FLT-1021,Belgaum,1
2026-10-01,FLT-1037,Belgaum,2
2026-10-01,FLT-1079,Belgaum,1
2026-10-01,FLT-1086,Belgaum,1
2026-10-01,FLT-1098,Belgaum,1
2026-10-01,HYD-1004,Belgaum,1
2026-10-01,HYD-1016,Belgaum,2
2026-10-01,HYD-1024,Belgaum,2
2026-10-01,HYD-1042,Belgaum,1
2026-10-01,PMP-1056,Belgaum,2
2026-10-01,PMP-5012,Belgaum,2
2026-10-01,SEL-1002,Belgaum,1
2026-10-01,SEL-1024,Belgaum,2
2026-10-01,SEL-1029,Belgaum,3
2026-10-01,SEL-3310,Belgaum,1
2026-10-01,BLT-1012,Bijapur,1
2026-10-01,BLT-1026,Bijapur,1
2026-10-01,BLT-1053,Bijapur,1
2026-10-01,BLT-1061,Bijapur,1
2026-10-01,BLT-1093,Bijapur,2
2026-10-01,BLT-1098,Bijapur,1
2026-10-01,BLT-4105,Bijapur,1
2026-10-01,BRG-1025,Bijapur,1
2026-10-01,BRG-1075,Bijapur,1
2026-10-01,BRG-1081,Bijapur,1
2026-10-01,BRG-1092,Bijapur,1
2026-10-01,CLT-1007,Bijapur,1
2026-10-01,CLT-1053,Bijapur,1
2026-10-01,ELE-1010,Bijapur,2
2026-10-01,ELE-1023,Bijapur,1
2026-10-01,FLT-1009,Bijapur,1
2026-10-01,FLT-1016,Bijapur,2
2026-10-01,FLT-1074,Bijapur,2
2026-10-01,FLT-1079,Bijapur,2
2026-10-01,FLT-1086,Bijapur,1
2026-10-01,HYD-1024,Bijapur,2
2026-10-01,HYD-1042,Bijapur,7
2026-10-01,HYD-1063,Bijapur,1
2026-10-01,PMP-5012,Bijapur,2
2026-10-01,SEL-1037,Bijapur,3
2026-10-01,SEL-1042,Bijapur,3
2026-10-01,SEL-1096,Bijapur,2
2026-10-01,BLT-1003,Dharwad,1
2026-10-01,BLT-1035,Dharwad,2
2026-10-01,BLT-1080,Dharwad,1
2026-10-01,BLT-1087,Dharwad,1
2026-10-01,BRG-1000,Dharwad,1
2026-10-01,BRG-1025,Dharwad,1
2026-10-01,BRG-1058,Dharwad,1
2026-10-01,BRG-1081,Dharwad,1
2026-10-01,BRG-2207,Dharwad,1
2026-10-01,CLT-1028,Dharwad,1
2026-10-01,CLT-1057,Dharwad,4
2026-10-01,CLT-1074,Dharwad,1
2026-10-01,CLT-1081,Dharwad,2
2026-10-01,CLT-1089,Dharwad,1
2026-10-01,CLT-1092,Dharwad,2
2026-10-01,CLT-1099,Dharwad,2
2026-10-01,ELE-1000,Dharwad,1
2026-10-01,FLT-1021,Dharwad,1
2026-10-01,FLT-1022,Dharwad,1
2026-10-01,FLT-1037,Dharwad,1
2026-10-01,FLT-1053,Dharwad,4
2026-10-01,FLT-1093,Dharwad,1
2026-10-01,HYD-1004,Dharwad,1
2026-10-01,HYD-1024,Dharwad,1
2026-10-01,HYD-1051,Dharwad,2
2026-10-01,HYD-1074,Dharwad,1
2026-10-01,HYD-1081,Dharwad,1
2026-10-01,PMP-1002,Dharwad,2
2026-10-01,PMP-1009,Dharwad,1
2026-10-01,PMP-1032,Dharwad,1
2026-10-01,PMP-1063,Dharwad,1
2026-10-01,PMP-1089,Dharwad,1
2026-10-01,PMP-1091,Dharwad,1
2026-10-01,PMP-5012,Dharwad,5
2026-10-01,SEL-1002,Dharwad,1
2026-10-01,SEL-1042,Dharwad,1
2026-10-01,SEL-3310,Dharwad,1
2026-10-01,BLT-1012,Gokak,6
2026-10-01,BLT-1032,Gokak,1
2026-10-01,BLT-1035,Gokak,2
2026-10-01,BLT-1053,Gokak,4
2026-10-01,BLT-1087,Gokak,5
2026-10-01,BLT-1093,Gokak,2
2026-10-01,BLT-4105,Gokak,1
2026-10-01,BRG-1086,Gokak,2
2026-10-01,BRG-1099,Gokak,2
2026-10-01,CLT-1007,Gokak,1
2026-10-01,CLT-1074,Gokak,2
2026-10-01,CLT-1099,Gokak,4
2026-10-01,ELE-1000,Gokak,1
2026-10-01,ELE-1010,Gokak,1
2026-10-01,ELE-1044,Gokak,1
2026-10-01,ELE-1057,Gokak,1
2026-10-01,ELE-1100,Gokak,3
2026-10-01,FLT-1021,Gokak,3
2026-10-01,FLT-1037,Gokak,1
2026-10-01,FLT-1045,Gokak,1
2026-10-01,FLT-1098,Gokak,1
2026-10-01,HYD-1004,Gokak,1
2026-10-01,HYD-1012,Gokak,3
2026-10-01,HYD-1016,Gokak,1
2026-10-01,HYD-1028,Gokak,1
2026-10-01,HYD-1038,Gokak,1
2026-10-01,HYD-1074,Gokak,2
2026-10-01,HYD-1089,Gokak,1
2026-10-01,PMP-1023,Gokak,1
2026-10-01,PMP-1079,Gokak,2
2026-10-01,PMP-1091,Gokak,1
2026-10-01,SEL-1008,Gokak,1
2026-10-01,SEL-1068,Gokak,1
2026-10-01,SEL-1096,Gokak,1
2026-10-01,BLT-1003,Hubli,2
2026-10-01,BLT-1053,Hubli,4
2026-10-01,BLT-1080,Hubli,2
2026-10-01,BLT-4105,Hubli,1
2026-10-01,BRG-1025,Hubli,1
2026-10-01,BRG-1037,Hubli,1
2026-10-01,BRG-1049,Hubli,1
2026-10-01,BRG-1081,Hubli,1
2026-10-01,CLT-1007,Hubli,1
2026-10-01,CLT-1068,Hubli,1
2026-10-01,CLT-1074,Hubli,1
2026-10-01,CLT-1099,Hubli,2
2026-10-01,ELE-1010,Hubli,1
2026-10-01,ELE-1039,Hubli,1
2026-10-01,ELE-1073,Hubli,3
2026-10-01,ELE-1086,Hubli,1
2026-10-01,ELE-1092,Hubli,1
2026-10-01,FLT-1037,Hubli,1
2026-10-01,FLT-1053,Hubli,1
2026-10-01,HYD-1024,Hubli,2
2026-10-01,HYD-1028,Hubli,1
2026-10-01,HYD-1081,Hubli,1
2026-10-01,HYD-1089,Hubli,1
2026-10-01,PMP-1009,Hubli,1
2026-10-01,PMP-1023,Hubli,2
2026-10-01,PMP-1032,Hubli,1
2026-10-01,PMP-1089,Hubli,1
2026-10-01,PMP-1091,Hubli,1
2026-10-01,SEL-1002,Hubli,1
2026-10-01,SEL-1008,Hubli,1
2026-10-01,SEL-1014,Hubli,1
2026-10-01,SEL-1037,Hubli,1
2026-10-01,SEL-1042,Hubli,3
2026-10-01,SEL-1070,Hubli,2
2026-10-01,SEL-3310,Hubli,4
2026-10-02,BLT-1016,Bagalkot,2
2026-10-02,BLT-1026,Bagalkot,1
2026-10-02,BLT-1035,Bagalkot,2
2026-10-02,BLT-1053,Bagalkot,2
2026-10-02,BLT-1061,Bagalkot,1
2026-10-02,BLT-1066,Bagalkot,2
2026-10-02,BLT-1093,Bagalkot,1
2026-10-02,BRG-1033,Bagalkot,1
2026-10-02,BRG-1049,Bagalkot,1
2026-10-02,BRG-1081,Bagalkot,2
2026-10-02,BRG-1092,Bagalkot,2
2026-10-02,CLT-1007,Bagalkot,2
2026-10-02,CLT-6120,Bagalkot,1
2026-10-02,ELE-1000,Bagalkot,1
2026-10-02,ELE-1010,Bagalkot,2
2026-10-02,ELE-1018,Bagalkot,1
2026-10-02,ELE-1030,Bagalkot,1
2026-10-02,FLT-1001,Bagalkot,1
2026-10-02,FLT-1056,Bagalkot,6
2026-10-02,FLT-1063,Bagalkot,1
2026-10-02,FLT-1093,Bagalkot,1
2026-10-02,FLT-1098,Bagalkot,2
2026-10-02,HYD-1016,Bagalkot,1
2026-10-02,HYD-1024,Bagalkot,2
2026-10-02,HYD-1028,Bagalkot,1
2026-10-02,HYD-1042,Bagalkot,1
2026-10-02,HYD-1051,Bagalkot,1
2026-10-02,HYD-1098,Bagalkot,1
2026-10-02,PMP-1002,Bagalkot,3
2026-10-02,PMP-1009,Bagalkot,1
2026-10-02,PMP-1023,Bagalkot,1
2026-10-02,SEL-1029,Bagalkot,1
2026-10-02,SEL-1042,Bagalkot,2
2026-10-02,SEL-1052,Bagalkot,1
2026-10-02,SEL-1068,Bagalkot,1
2026-10-02,SEL-1085,Bagalkot,1
2026-10-02,SEL-1096,Bagalkot,2
2026-10-02,SEL-1098,Bagalkot,1
2026-10-02,BLT-1016,Belgaum,2
2026-10-02,BLT-1032,Belgaum,2
2026-10-02,BLT-1035,Belgaum,2
2026-10-02,BRG-1000,Belgaum,1
2026-10-02,BRG-1018,Belgaum,2
2026-10-02,BRG-1037,Belgaum,1
2026-10-02,BRG-1075,Belgaum,1
2026-10-02,BRG-1086,Belgaum,1
2026-10-02,BRG-1099,Belgaum,1
2026-10-02,CLT-1004,Belgaum,4
2026-10-02,CLT-1007,Belgaum,1
2026-10-02,CLT-1057,Belgaum,2
2026-10-02,CLT-1074,Belgaum,1
2026-10-02,CLT-1092,Belgaum,1
2026-10-02,ELE-1039,Belgaum,1
2026-10-02,ELE-1044,Belgaum,2
2026-10-02,FLT-1001,Belgaum,1
2026-10-02,FLT-1009,Belgaum,1
2026-10-02,FLT-1016,Belgaum,1
2026-10-02,FLT-1037,Belgaum,4
2026-10-02,FLT-1045,Belgaum,1
2026-10-02,FLT-1079,Belgaum,1
2026-10-02,FLT-1086,Belgaum,5
2026-10-02,FLT-1098,Belgaum,1
2026-10-02,HYD-1004,Belgaum,4
2026-10-02,HYD-1012,Belgaum,1
2026-10-02,HYD-1016,Belgaum,4
2026-10-02,HYD-1028,Belgaum,2
2026-10-02,PMP-1009,Belgaum,1
2026-10-02,PMP-1019,Belgaum,1
2026-10-02,PMP-5012,Belgaum,4
2026-10-02,SEL-1002,Belgaum,3
2026-10-02,SEL-1024,Belgaum,1
2026-10-02,SEL-1037,Belgaum,3
2026-10-02,SEL-3310,Belgaum,2
2026-10-02,BLT-1032,Bijapur,1
2026-10-02,BLT-1047,Bijapur,1
2026-10-02,BLT-1061,Bijapur,1
2026-10-02,BLT-1080,Bijapur,1
2026-10-02,BLT-1093,Bijapur,1
2026-10-02,BRG-1037,Bijapur,1
2026-10-02,BRG-1049,Bijapur,1
2026-10-02,BRG-1081,Bijapur,1
2026-10-02,BRG-1092,Bijapur,1
2026-10-02,CLT-1004,Bijapur,1
2026-10-02,CLT-1007,Bijapur,1
2026-10-02,CLT-1021,Bijapur,1
2026-10-02,CLT-1053,Bijapur,1
2026-10-02,CLT-6120,Bijapur,1
2026-10-02,ELE-1010,Bijapur,1
2026-10-02,FLT-1037,Bijapur,1
2026-10-02,FLT-1053,Bijapur,1
2026-10-02,FLT-1074,Bijapur,4
2026-10-02,HYD-1016,Bijapur,1
2026-10-02,HYD-1024,Bijapur,2
2026-10-02,HYD-1042,Bijapur,2
2026-10-02,HYD-1063,Bijapur,1
2026-10-02,HYD-1098,Bijapur,2
2026-10-02,PMP-1009,Bijapur,2
2026-10-02,PMP-1023,Bijapur,1
2026-10-02,PMP-1075,Bijapur,2
2026-10-02,SEL-1008,Bijapur,1
2026-10-02,SEL-1029,Bijapur,1
2026-10-02,SEL-1037,Bijapur,1
2026-10-02,SEL-1068,Bijapur,2
2026-10-02,BLT-1003,Dharwad,2
2026-10-02,BLT-1035,Dharwad,3
2026-10-02,BLT-1087,Dharwad,1
2026-10-02,BLT-1098,Dharwad,1
2026-10-02,BRG-1008,Dharwad,5
2026-10-02,BRG-1025,Dharwad,6
2026-10-02,BRG-1058,Dharwad,3
2026-10-02,BRG-1092,Dharwad,1
2026-10-02,BRG-1099,Dharwad,1
2026-10-02,CLT-1021,Dharwad,1
2026-10-02,CLT-1028,Dharwad,2
2026-10-02,CLT-1089,Dharwad,1
2026-10-02,CLT-1092,Dharwad,1
2026-10-02,FLT-1016,Dharwad,5
2026-10-02,FLT-1053,Dharwad,3
2026-10-02,FLT-1093,Dharwad,1
2026-10-02,HYD-1004,Dharwad,1
2026-10-02,HYD-1024,Dharwad,1
2026-10-02,HYD-1038,Dharwad,2
2026-10-02,HYD-1063,Dharwad,1
2026-10-02,HYD-1081,Dharwad,2
2026-10-02,PMP-1032,Dharwad,1
2026-10-02,PMP-1036,Dharwad,2
2026-10-02,PMP-1043,Dharwad,1
2026-10-02,PMP-1063,Dharwad,2
2026-10-02,PMP-1091,Dharwad,1
2026-10-02,PMP-5012,Dharwad,3
2026-10-02,SEL-1042,Dharwad,1
2026-10-02,SEL-1068,Dharwad,1
2026-10-02,SEL-1098,Dharwad,1
2026-10-02,BLT-1012,Gokak,1
2026-10-02,BLT-1026,Gokak,3
2026-10-02,BLT-1032,Gokak,1
2026-10-02,BLT-1053,Gokak,3
2026-10-02,BLT-1093,Gokak,1
2026-10-02,BLT-1098,Gokak,1
2026-10-02,BRG-1049,Gokak,1
2026-10-02,BRG-1064,Gokak,1
2026-10-02,CLT-1007,Gokak,1
2026-10-02,CLT-1044,Gokak,1
2026-10-02,CLT-1099,Gokak,2
2026-10-02,ELE-1010,Gokak,3
2026-10-02,ELE-1044,Gokak,1
2026-10-02,ELE-1100,Gokak,2
2026-10-02,FLT-1009,Gokak,1
2026-10-02,FLT-1021,Gokak,1
2026-10-02,FLT-1032,Gokak,1
2026-10-02,FLT-1098,Gokak,2
2026-10-02,HYD-1016,Gokak,1
2026-10-02,HYD-1074,Gokak,1
2026-10-02,HYD-1098,Gokak,1
2026-10-02,PMP-1023,Gokak,2
2026-10-02,PMP-1052,Gokak,1
2026-10-02,PMP-1091,Gokak,2
2026-10-02,PMP-5012,Gokak,2
2026-10-02,SEL-1037,Gokak,1
2026-10-02,SEL-1042,Gokak,2
2026-10-02,SEL-3310,Gokak,2
2026-10-02,BLT-1003,Hubli,1
2026-10-02,BLT-1016,Hubli,1
2026-10-02,BLT-1053,Hubli,1
2026-10-02,BLT-4105,Hubli,3
2026-10-02,BRG-1025,Hubli,1
2026-10-02,BRG-1037,Hubli,2
2026-10-02,BRG-1045,Hubli,1
2026-10-02,BRG-1049,Hubli,1
2026-10-02,BRG-1081,Hubli,2
2026-10-02,CLT-1016,Hubli,1
2026-10-02,CLT-1021,Hubli,1
2026-10-02,CLT-1037,Hubli,1
2026-10-02,CLT-1053,Hubli,1
2026-10-02,ELE-1010,Hubli,4
2026-10-02,ELE-1030,Hubli,1
2026-10-02,ELE-1057,Hubli,1
2026-10-02,ELE-1079,Hubli,1
2026-10-02,ELE-1086,Hubli,1
2026-10-02,ELE-1092,Hubli,3
2026-10-02,ELE-1100,Hubli,2
2026-10-02,FLT-1032,Hubli,1
2026-10-02,FLT-1045,Hubli,1
2026-10-02,FLT-1053,Hubli,1
2026-10-02,FLT-1074,Hubli,1
2026-10-02,FLT-1098,Hubli,1
2026-10-02,HYD-1012,Hubli,1
2026-10-02,HYD-1016,Hubli,2
2026-10-02,HYD-1028,Hubli,1
2026-10-02,HYD-1098,Hubli,1
2026-10-02,PMP-1019,Hubli,1
2026-10-02,PMP-1023,Hubli,2
2026-10-02,PMP-1052,Hubli,1
2026-10-02,PMP-1056,Hubli,1
2026-10-02,PMP-1089,Hubli,2
2026-10-02,PMP-1091,Hubli,1
2026-10-02,PMP-1098,Hubli,1
2026-10-02,SEL-1002,Hubli,1
2026-10-02,SEL-1037,Hubli,3
2026-10-02,SEL-3310,Hubli,1
2026-10-03,BLT-1016,Bagalkot,2
2026-10-03,BLT-1061,Bagalkot,2
2026-10-03,BLT-1073,Bagalkot,2
2026-10-03,BLT-1093,Bagalkot,3
2026-10-03,BLT-4105,Bagalkot,2
2026-10-03,BRG-1000,Bagalkot,3
2026-10-03,BRG-1018,Bagalkot,1
2026-10-03,BRG-1033,Bagalkot,1
2026-10-03,BRG-1081,Bagalkot,1
2026-10-03,BRG-1086,Bagalkot,1
2026-10-03,CLT-1007,Bagalkot,1
2026-10-03,CLT-1044,Bagalkot,1
2026-10-03,CLT-1081,Bagalkot,1
2026-10-03,CLT-1099,Bagalkot,2
2026-10-03,ELE-1010,Bagalkot,2
2026-10-03,ELE-1018,Bagalkot,2
2026-10-03,ELE-1044,Bagalkot,1
2026-10-03,FLT-1001,Bagalkot,1
2026-10-03,FLT-1009,Bagalkot,1
2026-10-03,FLT-1021,Bagalkot,1
2026-10-03,FLT-1063,Bagalkot,4
2026-10-03,FLT-1074,Bagalkot,1
2026-10-03,FLT-1086,Bagalkot,1
2026-10-03,FLT-1093,Bagalkot,1
2026-10-03,FLT-1098,Bagalkot,1
2026-10-03,HYD-1012,Bagalkot,2
2026-10-03,HYD-1016,Bagalkot,1
2026-10-03,HYD-1024,Bagalkot,1
2026-10-03,HYD-1028,Bagalkot,2
2026-10-03,HYD-1051,Bagalkot,1
2026-10-03,HYD-1095,Bagalkot,1
2026-10-03,HYD-1098,Bagalkot,1
2026-10-03,PMP-1036,Bagalkot,2
2026-10-03,PMP-1043,Bagalkot,1
2026-10-03,PMP-1052,Bagalkot,1
2026-10-03,PMP-1098,Bagalkot,2
2026-10-03,SEL-1052,Bagalkot,2
2026-10-03,BLT-1035,Belgaum,1
2026-10-03,BLT-1087,Belgaum,1
2026-10-03,BRG-1018,Belgaum,1
2026-10-03,BRG-1037,Belgaum,2
2026-10-03,BRG-1058,Belgaum,2
2026-10-03,BRG-1064,Belgaum,2
2026-10-03,BRG-1075,Belgaum,1
2026-10-03,BRG-1099,Belgaum,2
2026-10-03,CLT-1004,Belgaum,3
2026-10-03,CLT-1044,Belgaum,2
2026-10-03,CLT-1053,Belgaum,2
2026-10-03,CLT-1074,Belgaum,1
2026-10-03,CLT-1089,Belgaum,1
2026-10-03,CLT-1099,Belgaum,1
2026-10-03,CLT-6120,Belgaum,1
2026-10-03,ELE-1010,Belgaum,1
2026-10-03,ELE-1023,Belgaum,1
2026-10-03,ELE-1030,Belgaum,1
2026-10-03,ELE-1039,Belgaum,1
2026-10-03,ELE-1100,Belgaum,1
2026-10-03,FLT-1009,Belgaum,2
2026-10-03,FLT-1016,Belgaum,1
2026-10-03,FLT-1022,Belgaum,3
2026-10-03,FLT-1037,Belgaum,1
2026-10-03,FLT-1045,Belgaum,2
2026-10-03,FLT-1079,Belgaum,2
2026-10-03,FLT-1086,Belgaum,1
2026-10-03,FLT-1098,Belgaum,2
2026-10-03,HYD-1004,Belgaum,3
2026-10-03,HYD-1012,Belgaum,2
2026-10-03,HYD-1016,Belgaum,3
2026-10-03,HYD-1042,Belgaum,2
2026-10-03,HYD-1061,Belgaum,1
2026-10-03,HYD-1095,Belgaum,1
2026-10-03,PMP-1056,Belgaum,2
2026-10-03,PMP-1075,Belgaum,1
2026-10-03,SEL-1002,Belgaum,1
2026-10-03,SEL-1037,Belgaum,2
2026-10-03,SEL-1068,Belgaum,1
2026-10-03,SEL-1085,Belgaum,1
2026-10-03,SEL-3310,Belgaum,2
2026-10-03,BLT-1003,Bijapur,1
2026-10-03,BLT-1026,Bijapur,1
2026-10-03,BLT-1032,Bijapur,2
2026-10-03,BLT-1053,Bijapur,1
2026-10-03,BLT-1080,Bijapur,1
2026-10-03,BLT-1093,Bijapur,1
2026-10-03,BLT-4105,Bijapur,1
2026-10-03,BRG-1045,Bijapur,1
2026-10-03,BRG-1064,Bijapur,1
2026-10-03,BRG-1075,Bijapur,1
2026-10-03,CLT-1007,Bijapur,2
2026-10-03,CLT-1053,Bijapur,1
2026-10-03,ELE-1023,Bijapur,1
2026-10-03,FLT-1001,Bijapur,1
2026-10-03,FLT-1009,Bijapur,2
2026-10-03,FLT-1016,Bijapur,6
2026-10-03,FLT-1053,Bijapur,1
2026-10-03,FLT-1063,Bijapur,2
2026-10-03,FLT-1079,Bijapur,3
2026-10-03,FLT-1086,Bijapur,2
2026-10-03,HYD-1016,Bijapur,2
2026-10-03,HYD-1024,Bijapur,2
2026-10-03,HYD-1028,Bijapur,1
2026-10-03,HYD-1042,Bijapur,2
2026-10-03,PMP-1023,Bijapur,1
2026-10-03,PMP-1032,Bijapur,1
2026-10-03,PMP-1063,Bijapur,1
2026-10-03,PMP-1091,Bijapur,2
2026-10-03,PMP-5012,Bijapur,1
2026-10-03,SEL-1037,Bijapur,4
2026-10-03,SEL-1070,Bijapur,1
2026-10-03,SEL-1085,Bijapur,2
2026-10-03,SEL-1096,Bijapur,2
2026-10-03,BLT-1035,Dharwad,2
2026-10-03,BLT-1053,Dharwad,1
2026-10-03,BLT-1073,Dharwad,1
2026-10-03,BLT-1080,Dharwad,3
2026-10-03,BRG-1025,Dharwad,5
2026-10-03,BRG-1058,Dharwad,4
2026-10-03,BRG-1081,Dharwad,1
2026-10-03,CLT-1021,Dharwad,2
2026-10-03,CLT-1028,Dharwad,2
2026-10-03,CLT-1057,Dharwad,1
2026-10-03,CLT-1092,Dharwad,2
2026-10-03,ELE-1010,Dharwad,1
2026-10-03,FLT-1016,Dharwad,1
2026-10-03,FLT-1037,Dharwad,1
2026-10-03,FLT-1093,Dharwad,1
2026-10-03,HYD-1004,Dharwad,1
2026-10-03,HYD-1024,Dharwad,1
2026-10-03,HYD-1038,Dharwad,4
2026-10-03,HYD-1042,Dharwad,1
2026-10-03,HYD-1051,Dharwad,1
2026-10-03,HYD-1063,Dharwad,1
2026-10-03,HYD-1095,Dharwad,1
2026-10-03,PMP-1002,Dharwad,1
2026-10-03,PMP-1009,Dharwad,3
2026-10-03,PMP-1023,Dharwad,3
2026-10-03,PMP-1032,Dharwad,1
2026-10-03,PMP-1056,Dharwad,1
2026-10-03,PMP-1091,Dharwad,3
2026-10-03,PMP-1098,Dharwad,1
2026-10-03,PMP-5012,Dharwad,1
2026-10-03,SEL-1002,Dharwad,3
2026-10-03,SEL-1029,Dharwad,1
2026-10-03,SEL-1037,Dharwad,1
2026-10-03,BLT-1003,Gokak,1
2026-10-03,BLT-1053,Gokak,1
2026-10-03,BLT-1066,Gokak,1
2026-10-03,BLT-1087,Gokak,3
2026-10-03,BRG-1033,Gokak,1
2026-10-03,BRG-1037,Gokak,1
2026-10-03,BRG-1064,Gokak,1
2026-10-03,BRG-1086,Gokak,1
2026-10-03,BRG-1092,Gokak,1
2026-10-03,CLT-1004,Gokak,1
2026-10-03,CLT-1007,Gokak,1
2026-10-03,CLT-1016,Gokak,1
2026-10-03,CLT-1089,Gokak,1
2026-10-03,CLT-1099,Gokak,3
2026-10-03,ELE-1010,Gokak,3
2026-10-03,ELE-1044,Gokak,1
2026-10-03,ELE-1051,Gokak,1
2026-10-03,ELE-1073,Gokak,1
2026-10-03,ELE-1092,Gokak,1
2026-10-03,ELE-1100,Gokak,2
2026-10-03,FLT-1009,Gokak,1
2026-10-03,FLT-1021,Gokak,2
2026-10-03,FLT-1032,Gokak,2
2026-10-03,FLT-1045,Gokak,1
2026-10-03,HYD-1012,Gokak,3
2026-10-03,HYD-1016,Gokak,2
2026-10-03,HYD-1089,Gokak,1
2026-10-03,PMP-1023,Gokak,1
2026-10-03,PMP-1032,Gokak,1
2026-10-03,PMP-1056,Gokak,1
2026-10-03,SEL-1014,Gokak,2
2026-10-03,SEL-1029,Gokak,1
2026-10-03,SEL-1077,Gokak,2
2026-10-03,SEL-1085,Gokak,1
2026-10-03,BLT-1003,Hubli,1
2026-10-03,BLT-1053,Hubli,1
2026-10-03,BLT-1061,Hubli,1
2026-10-03,BLT-1080,Hubli,2
2026-10-03,BLT-4105,Hubli,1
2026-10-03,BRG-1025,Hubli,3
2026-10-03,BRG-1049,Hubli,3
2026-10-03,BRG-1081,Hubli,4
2026-10-03,CLT-1007,Hubli,1
2026-10-03,CLT-1016,Hubli,1
2026-10-03,CLT-1021,Hubli,1
2026-10-03,CLT-1099,Hubli,2
2026-10-03,ELE-1010,Hubli,1
2026-10-03,ELE-1044,Hubli,1
2026-10-03,ELE-1067,Hubli,1
2026-10-03,ELE-1073,Hubli,1
2026-10-03,FLT-1032,Hubli,3
2026-10-03,FLT-1045,Hubli,1
2026-10-03,FLT-1074,Hubli,1
2026-10-03,FLT-1079,Hubli,1
2026-10-03,FLT-1098,Hubli,2
2026-10-03,HYD-1016,Hubli,2
2026-10-03,HYD-1098,Hubli,1
2026-10-03,PMP-1023,Hubli,2
2026-10-03,PMP-1056,Hubli,1
2026-10-03,PMP-1063,Hubli,2
2026-10-03,PMP-1079,Hubli,2
2026-10-03,PMP-5012,Hubli,1
2026-10-03,SEL-1014,Hubli,2
2026-10-03,SEL-1029,Hubli,1
2026-10-03,SEL-1037,Hubli,3
2026-10-03,SEL-1042,Hubli,1
2026-10-03,SEL-1052,Hubli,1
2026-10-03,SEL-1068,Hubli,1
2026-10-03,SEL-1070,Hubli,1
2026-10-03,SEL-1096,Hubli,1
2026-10-03,SEL-3310,Hubli,2
2026-10-04,BLT-1016,Bagalkot,4
2026-10-04,BLT-1053,Bagalkot,1
2026-10-04,BLT-1061,Bagalkot,3
2026-10-04,BLT-1066,Bagalkot,2
2026-10-04,BLT-1073,Bagalkot,1
2026-10-04,BRG-1008,Bagalkot,1
2026-10-04,BRG-1025,Bagalkot,1
2026-10-04,BRG-1033,Bagalkot,3
2026-10-04,BRG-1037,Bagalkot,2
2026-10-04,BRG-1058,Bagalkot,1
2026-10-04,BRG-1064,Bagalkot,1
2026-10-04,BRG-1081,Bagalkot,1
2026-10-04,BRG-1086,Bagalkot,1
2026-10-04,BRG-1092,Bagalkot,1
2026-10-04,CLT-1007,Bagalkot,1
2026-10-04,CLT-1037,Bagalkot,1
2026-10-04,CLT-1044,Bagalkot,1
2026-10-04,CLT-1057,Bagalkot,1
2026-10-04,CLT-1089,Bagalkot,1
2026-10-04,ELE-1000,Bagalkot,1
2026-10-04,ELE-1018,Bagalkot,5
2026-10-04,ELE-1030,Bagalkot,1
2026-10-04,ELE-1044,Bagalkot,1
2026-10-04,ELE-1079,Bagalkot,3
2026-10-04,FLT-1009,Bagalkot,1
2026-10-04,FLT-1037,Bagalkot,1
2026-10-04,FLT-1074,Bagalkot,3
2026-10-04,FLT-1093,Bagalkot,1
2026-10-04,HYD-1012,Bagalkot,3
2026-10-04,HYD-1024,Bagalkot,2
2026-10-04,HYD-1028,Bagalkot,3
2026-10-04,HYD-1042,Bagalkot,3
2026-10-04,HYD-1051,Bagalkot,1
2026-10-04,HYD-1061,Bagalkot,1
2026-10-04,HYD-1095,Bagalkot,2
2026-10-04,HYD-1098,Bagalkot,1
2026-10-04,PMP-1023,Bagalkot,1
2026-10-04,PMP-1036,Bagalkot,1
2026-10-04,PMP-1098,Bagalkot,1
2026-10-04,SEL-1002,Bagalkot,1
2026-10-04,SEL-1029,Bagalkot,2
2026-10-04,SEL-1037,Bagalkot,1
2026-10-04,SEL-1042,Bagalkot,1
2026-10-04,SEL-1052,Bagalkot,1
2026-10-04,SEL-1085,Bagalkot,1
2026-10-04,SEL-1096,Bagalkot,1
2026-10-04,SEL-1098,Bagalkot,1
2026-10-04,BLT-1016,Belgaum,2
2026-10-04,BLT-1032,Belgaum,1
2026-10-04,BLT-1073,Belgaum,2
2026-10-04,BLT-1080,Belgaum,1
2026-10-04,BLT-1087,Belgaum,1
2026-10-04,BRG-1018,Belgaum,1
2026-10-04,BRG-1058,Belgaum,1
2026-10-04,BRG-1064,Belgaum,2
2026-10-04,CLT-1004,Belgaum,4
2026-10-04,CLT-1037,Belgaum,1
2026-10-04,CLT-1081,Belgaum,2
2026-10-04,CLT-1089,Belgaum,1
2026-10-04,ELE-1000,Belgaum,1
2026-10-04,ELE-1010,Belgaum,1
2026-10-04,ELE-1092,Belgaum,2
2026-10-04,FLT-1022,Belgaum,2
2026-10-04,FLT-1037,Belgaum,3
2026-10-04,FLT-1045,Belgaum,1
2026-10-04,FLT-1079,Belgaum,1
2026-10-04,FLT-1086,Belgaum,2
2026-10-04,FLT-1098,Belgaum,2
2026-10-04,HYD-1004,Belgaum,1
2026-10-04,HYD-1012,Belgaum,2
2026-10-04,HYD-1016,Belgaum,1
2026-10-04,HYD-1024,Belgaum,2
2026-10-04,HYD-1028,Belgaum,1
2026-10-04,HYD-1063,Belgaum,1
2026-10-04,HYD-1074,Belgaum,1
2026-10-04,HYD-1081,Belgaum,1
2026-10-04,PMP-1019,Belgaum,1
2026-10-04,PMP-1043,Belgaum,2
2026-10-04,PMP-1056,Belgaum,1
2026-10-04,PMP-1075,Belgaum,1
2026-10-04,PMP-5012,Belgaum,4
2026-10-04,SEL-1002,Belgaum,2
2026-10-04,SEL-1024,Belgaum,1
2026-10-04,SEL-1029,Belgaum,2
2026-10-04,SEL-1037,Belgaum,2
2026-10-04,SEL-1085,Belgaum,2
2026-10-04,BLT-1003,Bijapur,1
2026-10-04,BLT-1026,Bijapur,3
2026-10-04,BLT-1035,Bijapur,1
2026-10-04,BLT-1047,Bijapur,1
2026-10-04,BLT-1061,Bijapur,2
2026-10-04,BLT-1080,Bijapur,1
2026-10-04,BRG-1008,Bijapur,1
2026-10-04,BRG-1037,Bijapur,1
2026-10-04,BRG-1064,Bijapur,2
2026-10-04,BRG-2207,Bijapur,1
2026-10-04,CLT-1004,Bijapur,1
2026-10-04,CLT-1099,Bijapur,1
2026-10-04,FLT-1001,Bijapur,1
2026-10-04,FLT-1009,Bijapur,3
2026-10-04,FLT-1016,Bijapur,2
2026-10-04,FLT-1021,Bijapur,1
2026-10-04,FLT-1037,Bijapur,1
2026-10-04,FLT-1053,Bijapur,1
2026-10-04,FLT-1063,Bijapur,1
2026-10-04,FLT-1079,Bijapur,2
2026-10-04,FLT-1086,Bijapur,1
2026-10-04,FLT-1098,Bijapur,1
2026-10-04,HYD-1004,Bijapur,1
2026-10-04,HYD-1024,Bijapur,3
2026-10-04,HYD-1028,Bijapur,2
2026-10-04,HYD-1063,Bijapur,1
2026-10-04,HYD-1074,Bijapur,1
2026-10-04,PMP-1009,Bijapur,1
2026-10-04,PMP-1023,Bijapur,1
2026-10-04,PMP-1075,Bijapur,1
2026-10-04,PMP-1089,Bijapur,1
2026-10-04,PMP-1091,Bijapur,1
2026-10-04,PMP-5012,Bijapur,1
2026-10-04,SEL-1008,Bijapur,1
2026-10-04,SEL-1037,Bijapur,1
2026-10-04,SEL-1042,Bijapur,2
2026-10-04,SEL-1068,Bijapur,2
2026-10-04,SEL-1070,Bijapur,1
2026-10-04,BLT-1003,Dharwad,1
2026-10-04,BLT-1032,Dharwad,1
2026-10-04,BLT-1035,Dharwad,1
2026-10-04,BLT-1073,Dharwad,1
2026-10-04,BLT-1080,Dharwad,2
2026-10-04,BLT-1093,Dharwad,1
2026-10-04,BLT-1098,Dharwad,1
2026-10-04,BRG-1025,Dharwad,1
2026-10-04,BRG-1058,Dharwad,1
2026-10-04,BRG-1075,Dharwad,1
2026-10-04,BRG-1081,Dharwad,2
2026-10-04,BRG-1086,Dharwad,1
2026-10-04,CLT-1028,Dharwad,2
2026-10-04,CLT-1057,Dharwad,1
2026-10-04,CLT-1074,Dharwad,1
2026-10-04,CLT-1089,Dharwad,1
2026-10-04,CLT-1099,Dharwad,1
2026-10-04,CLT-6120,Dharwad,2
2026-10-04,ELE-1000,Dharwad,1
2026-10-04,ELE-1100,Dharwad,1
2026-10-04,FLT-1021,Dharwad,2
2026-10-04,FLT-1022,Dharwad,1
2026-10-04,FLT-1032,Dharwad,1
2026-10-04,FLT-1093,Dharwad,1
2026-10-04,HYD-1038,Dharwad,2
2026-10-04,HYD-1074,Dharwad,1
2026-10-04,HYD-1095,Dharwad,1
2026-10-04,PMP-1009,Dharwad,1
2026-10-04,PMP-1023,Dharwad,1
2026-10-04,PMP-1036,Dharwad,2
2026-10-04,PMP-1056,Dharwad,1
2026-10-04,PMP-1089,Dharwad,1
2026-10-04,PMP-1091,Dharwad,1
2026-10-04,PMP-5012,Dharwad,2
2026-10-04,SEL-1042,Dharwad,1
2026-10-04,SEL-3310,Dharwad,1
2026-10-04,BLT-1012,Gokak,2
2026-10-04,BLT-1026,Gokak,2
2026-10-04,BLT-1035,Gokak,1
2026-10-04,BLT-1053,Gokak,2
2026-10-04,BLT-1087,Gokak,2
2026-10-04,BLT-1093,Gokak,1
2026-10-04,BLT-4105,Gokak,1
2026-10-04,BRG-1064,Gokak,1
2026-10-04,BRG-1092,Gokak,1
2026-10-04,BRG-1099,Gokak,1
2026-10-04,CLT-1004,Gokak,1
2026-10-04,CLT-1016,Gokak,2
2026-10-04,CLT-1099,Gokak,1
2026-10-04,CLT-6120,Gokak,1
2026-10-04,ELE-1000,Gokak,1
2026-10-04,ELE-1010,Gokak,1
2026-10-04,ELE-1030,Gokak,2
2026-10-04,ELE-1044,Gokak,1
2026-10-04,ELE-1057,Gokak,1
2026-10-04,ELE-1092,Gokak,1
2026-10-04,ELE-1100,Gokak,2
2026-10-04,FLT-1009,Gokak,2
2026-10-04,FLT-1021,Gokak,4
2026-10-04,FLT-1037,Gokak,1
2026-10-04,FLT-1045,Gokak,1
2026-10-04,HYD-1004,Gokak,1
2026-10-04,HYD-1012,Gokak,1
2026-10-04,HYD-1016,Gokak,2
2026-10-04,HYD-1074,Gokak,5
2026-10-04,HYD-1098,Gokak,2
2026-10-04,PMP-1019,Gokak,1
2026-10-04,PMP-1023,Gokak,2
2026-10-04,PMP-1032,Gokak,1
2026-10-04,PMP-1075,Gokak,3
2026-10-04,PMP-1091,Gokak,2
2026-10-04,PMP-5012,Gokak,1
2026-10-04,SEL-1024,Gokak,2
2026-10-04,SEL-1029,Gokak,1
2026-10-04,SEL-1042,Gokak,1
2026-10-04,SEL-1070,Gokak,1
2026-10-04,SEL-1085,Gokak,1
2026-10-04,SEL-3310,Gokak,2
2026-10-04,BLT-1080,Hubli,1
2026-10-04,BRG-1000,Hubli,2
2026-10-04,BRG-1025,Hubli,1
2026-10-04,BRG-1049,Hubli,1
2026-10-04,BRG-1081,Hubli,3
2026-10-04,CLT-1016,Hubli,1
2026-10-04,CLT-1057,Hubli,1
2026-10-04,CLT-1068,Hubli,1
2026-10-04,CLT-1074,Hubli,1
2026-10-04,CLT-1089,Hubli,1
2026-10-04,CLT-1099,Hubli,1
2026-10-04,ELE-1010,Hubli,4
2026-10-04,ELE-1030,Hubli,2
2026-10-04,ELE-1079,Hubli,1
2026-10-04,FLT-1032,Hubli,1
2026-10-04,FLT-1079,Hubli,1
2026-10-04,HYD-1012,Hubli,1
2026-10-04,HYD-1016,Hubli,1
2026-10-04,PMP-1002,Hubli,1
2026-10-04,PMP-1023,Hubli,2
2026-10-04,PMP-1089,Hubli,2
2026-10-04,SEL-1002,Hubli,2
2026-10-04,SEL-1024,Hubli,1
2026-10-04,SEL-1037,Hubli,1
2026-10-04,SEL-1052,Hubli,1
2026-10-04,SEL-3310,Hubli,2
2026-10-05,BLT-1035,Bagalkot,1
2026-10-05,BLT-1053,Bagalkot,1
2026-10-05,BLT-1061,Bagalkot,1
2026-10-05,BLT-1087,Bagalkot,1
2026-10-05,BLT-1093,Bagalkot,1
2026-10-05,BLT-4105,Bagalkot,1
2026-10-05,BRG-1033,Bagalkot,1
2026-10-05,BRG-1045,Bagalkot,1
2026-10-05,BRG-1049,Bagalkot,1
2026-10-05,BRG-1092,Bagalkot,1
2026-10-05,CLT-1068,Bagalkot,1
2026-10-05,ELE-1000,Bagalkot,1
2026-10-05,ELE-1023,Bagalkot,1
2026-10-05,FLT-1056,Bagalkot,1
2026-10-05,FLT-1063,Bagalkot,2
2026-10-05,FLT-1074,Bagalkot,3
2026-10-05,FLT-1093,Bagalkot,1
2026-10-05,FLT-1098,Bagalkot,3
2026-10-05,HYD-1016,Bagalkot,2
2026-10-05,HYD-1024,Bagalkot,3
2026-10-05,HYD-1028,Bagalkot,3
2026-10-05,HYD-1051,Bagalkot,2
2026-10-05,HYD-1074,Bagalkot,1
2026-10-05,HYD-1098,Bagalkot,1
2026-10-05,PMP-1019,Bagalkot,1
2026-10-05,PMP-1036,Bagalkot,1
2026-10-05,PMP-1063,Bagalkot,1
2026-10-05,PMP-1098,Bagalkot,1
2026-10-05,PMP-5012,Bagalkot,1
2026-10-05,SEL-1002,Bagalkot,1
2026-10-05,SEL-1029,Bagalkot,1
2026-10-05,SEL-1042,Bagalkot,3
2026-10-05,SEL-1052,Bagalkot,2
2026-10-05,SEL-1070,Bagalkot,1
2026-10-05,SEL-1085,Bagalkot,1
2026-10-05,SEL-1098,Bagalkot,1
2026-10-05,BLT-1016,Belgaum,1
2026-10-05,BLT-1073,Belgaum,4
2026-10-05,BLT-1080,Belgaum,1
2026-10-05,BLT-1087,Belgaum,1
2026-10-05,BRG-1018,Belgaum,3
2026-10-05,BRG-1025,Belgaum,1
2026-10-05,BRG-1037,Belgaum,1
2026-10-05,BRG-1058,Belgaum,2
2026-10-05,BRG-1075,Belgaum,1
2026-10-05,CLT-1004,Belgaum,1
2026-10-05,CLT-1007,Belgaum,1
2026-10-05,CLT-1021,Belgaum,1
2026-10-05,CLT-1057,Belgaum,1
2026-10-05,CLT-1081,Belgaum,1
2026-10-05,CLT-1089,Belgaum,1
2026-10-05,CLT-1092,Belgaum,1
2026-10-05,ELE-1010,Belgaum,2
2026-10-05,ELE-1023,Belgaum,2
2026-10-05,ELE-1030,Belgaum,1
2026-10-05,ELE-1039,Belgaum,1
2026-10-05,ELE-1092,Belgaum,2
2026-10-05,ELE-1100,Belgaum,1
2026-10-05,FLT-1016,Belgaum,1
2026-10-05,FLT-1022,Belgaum,1
2026-10-05,FLT-1045,Belgaum,3
2026-10-05,FLT-1086,Belgaum,4
2026-10-05,FLT-1098,Belgaum,1
2026-10-05,HYD-1024,Belgaum,1
2026-10-05,HYD-1042,Belgaum,1
2026-10-05,HYD-1061,Belgaum,1
2026-10-05,HYD-1081,Belgaum,2
2026-10-05,PMP-1019,Belgaum,1
2026-10-05,PMP-1036,Belgaum,1
2026-10-05,PMP-1043,Belgaum,1
2026-10-05,PMP-1056,Belgaum,1
2026-10-05,PMP-1075,Belgaum,2
2026-10-05,PMP-5012,Belgaum,2
2026-10-05,SEL-1002,Belgaum,3
2026-10-05,SEL-1008,Belgaum,3
2026-10-05,SEL-1024,Belgaum,1
2026-10-05,SEL-3310,Belgaum,2
2026-10-05,BLT-1026,Bijapur,1
2026-10-05,BLT-1061,Bijapur,1
2026-10-05,BLT-1093,Bijapur,4
2026-10-05,BLT-1098,Bijapur,1
2026-10-05,BLT-4105,Bijapur,1
2026-10-05,BRG-1033,Bijapur,1
2026-10-05,BRG-1037,Bijapur,1
2026-10-05,BRG-1064,Bijapur,3
2026-10-05,BRG-1075,Bijapur,1
2026-10-05,CLT-1021,Bijapur,1
2026-10-05,CLT-1089,Bijapur,1
2026-10-05,CLT-1099,Bijapur,2
2026-10-05,ELE-1000,Bijapur,1
2026-10-05,ELE-1023,Bijapur,3
2026-10-05,ELE-1044,Bijapur,1
2026-10-05,FLT-1001,Bijapur,2
2026-10-05,FLT-1009,Bijapur,3
2026-10-05,FLT-1016,Bijapur,1
2026-10-05,FLT-1021,Bijapur,2
2026-10-05,FLT-1037,Bijapur,1
2026-10-05,FLT-1053,Bijapur,4
2026-10-05,FLT-1063,Bijapur,1
2026-10-05,FLT-1093,Bijapur,1
2026-10-05,HYD-1016,Bijapur,1
2026-10-05,HYD-1024,Bijapur,2
2026-10-05,HYD-1042,Bijapur,5
2026-10-05,HYD-1051,Bijapur,2
2026-10-05,PMP-1009,Bijapur,2
2026-10-05,PMP-1032,Bijapur,1
2026-10-05,PMP-1075,Bijapur,1
2026-10-05,PMP-1089,Bijapur,1
2026-10-05,PMP-5012,Bijapur,2
2026-10-05,SEL-1029,Bijapur,1
2026-10-05,SEL-1068,Bijapur,1
2026-10-05,SEL-1070,Bijapur,1
2026-10-05,SEL-1085,Bijapur,1
2026-10-05,SEL-1096,Bijapur,1
2026-10-05,BLT-1003,Dharwad,2
2026-10-05,BLT-1035,Dharwad,1
2026-10-05,BLT-1066,Dharwad,1
2026-10-05,BLT-1073,Dharwad,1
2026-10-05,BLT-1080,Dharwad,2
2026-10-05,BLT-1098,Dharwad,1
2026-10-05,BRG-1025,Dharwad,2
2026-10-05,BRG-1058,Dharwad,1
2026-10-05,BRG-1075,Dharwad,1
2026-10-05,BRG-1081,Dharwad,1
2026-10-05,CLT-1028,Dharwad,1
2026-10-05,CLT-1057,Dharwad,1
2026-10-05,CLT-1074,Dharwad,1
2026-10-05,CLT-1089,Dharwad,1
2026-10-05,CLT-1099,Dharwad,1
2026-10-05,ELE-1010,Dharwad,1
2026-10-05,FLT-1045,Dharwad,1
2026-10-05,FLT-1053,Dharwad,3
2026-10-05,FLT-1093,Dharwad,1
2026-10-05,HYD-1024,Dharwad,3
2026-10-05,HYD-1038,Dharwad,3
2026-10-05,HYD-1042,Dharwad,1
2026-10-05,HYD-1051,Dharwad,1
2026-10-05,HYD-1081,Dharwad,2
2026-10-05,PMP-1032,Dharwad,1
2026-10-05,PMP-1036,Dharwad,1
2026-10-05,PMP-1089,Dharwad,1
2026-10-05,PMP-1091,Dharwad,1
2026-10-05,PMP-1098,Dharwad,1
2026-10-05,PMP-5012,Dharwad,2
2026-10-05,BLT-1032,Gokak,1
2026-10-05,BLT-1053,Gokak,3
2026-10-05,BLT-1087,Gokak,2
2026-10-05,BRG-1008,Gokak,1
2026-10-05,BRG-1037,Gokak,1
2026-10-05,BRG-1099,Gokak,1
2026-10-05,CLT-1016,Gokak,1
2026-10-05,CLT-1044,Gokak,1
2026-10-05,CLT-1099,Gokak,1
2026-10-05,ELE-1010,Gokak,4
2026-10-05,ELE-1018,Gokak,2
2026-10-05,ELE-1030,Gokak,1
2026-10-05,ELE-1044,Gokak,1
2026-10-05,ELE-1100,Gokak,2
2026-10-05,FLT-1009,Gokak,1
2026-10-05,FLT-1021,Gokak,2
2026-10-05,FLT-1045,Gokak,1
2026-10-05,HYD-1012,Gokak,2
2026-10-05,HYD-1038,Gokak,1
2026-10-05,HYD-1074,Gokak,4
2026-10-05,PMP-1019,Gokak,1
2026-10-05,PMP-1043,Gokak,1
2026-10-05,PMP-1079,Gokak,3
2026-10-05,PMP-5012,Gokak,1
2026-10-05,SEL-1008,Gokak,1
2026-10-05,SEL-1014,Gokak,1
2026-10-05,SEL-1024,Gokak,1
2026-10-05,SEL-1029,Gokak,3
2026-10-05,SEL-1077,Gokak,1
2026-10-05,SEL-1085,Gokak,2
2026-10-05,SEL-3310,Gokak,1
2026-10-05,BLT-1003,Hubli,1
2026-10-05,BRG-1000,Hubli,2
2026-10-05,BRG-1025,Hubli,1
2026-10-05,BRG-1081,Hubli,2
2026-10-05,CLT-1016,Hubli,1
2026-10-05,CLT-1099,Hubli,1
2026-10-05,ELE-1010,Hubli,1
2026-10-05,ELE-1018,Hubli,1
2026-10-05,ELE-1030,Hubli,2
2026-10-05,ELE-1067,Hubli,1
2026-10-05,ELE-1079,Hubli,2
2026-10-05,ELE-1086,Hubli,1
2026-10-05,FLT-1037,Hubli,3
2026-10-05,FLT-1074,Hubli,1
2026-10-05,HYD-1024,Hubli,1
2026-10-05,HYD-1028,Hubli,1
2026-10-05,HYD-1095,Hubli,2
2026-10-05,PMP-1009,Hubli,1
2026-10-05,PMP-1052,Hubli,1
2026-10-05,PMP-1063,Hubli,2
2026-10-05,PMP-1079,Hubli,1
2026-10-05,PMP-1091,Hubli,1
2026-10-05,PMP-1098,Hubli,1
2026-10-05,SEL-1002,Hubli,3
2026-10-05,SEL-1014,Hubli,1
2026-10-05,SEL-1042,Hubli,1
2026-10-05,SEL-1070,Hubli,1
2026-10-06,BLT-1016,Bagalkot,2
2026-10-06,BLT-1035,Bagalkot,1
2026-10-06,BLT-1047,Bagalkot,1
2026-10-06,BLT-1053,Bagalkot,1
2026-10-06,BLT-1061,Bagalkot,1
2026-10-06,BLT-1080,Bagalkot,1
2026-10-06,BLT-1093,Bagalkot,1
2026-10-06,BLT-4105,Bagalkot,1
2026-10-06,BRG-1000,Bagalkot,1
2026-10-06,BRG-1033,Bagalkot,1
2026-10-06,BRG-1086,Bagalkot,1
2026-10-06,CLT-1057,Bagalkot,1
2026-10-06,ELE-1018,Bagalkot,2
2026-10-06,ELE-1023,Bagalkot,1
2026-10-06,FLT-1009,Bagalkot,3
2026-10-06,FLT-1032,Bagalkot,1
2026-10-06,HYD-1012,Bagalkot,2
2026-10-06,HYD-1024,Bagalkot,6
2026-10-06,HYD-1042,Bagalkot,2
2026-10-06,HYD-1098,Bagalkot,3
2026-10-06,PMP-1002,Bagalkot,1
2026-10-06,PMP-5012,Bagalkot,1
2026-10-06,SEL-1029,Bagalkot,1
2026-10-06,SEL-1037,Bagalkot,2
2026-10-06,SEL-1052,Bagalkot,2
2026-10-06,SEL-1085,Bagalkot,3
2026-10-06,SEL-1098,Bagalkot,1
2026-10-06,BLT-1073,Belgaum,2
2026-10-06,BLT-1080,Belgaum,1
2026-10-06,BLT-1087,Belgaum,1
2026-10-06,BRG-1000,Belgaum,1
2026-10-06,BRG-1037,Belgaum,2
2026-10-06,BRG-1064,Belgaum,4
2026-10-06,CLT-1004,Belgaum,1
2026-10-06,CLT-1037,Belgaum,2
2026-10-06,CLT-1099,Belgaum,1
2026-10-06,ELE-1000,Belgaum,1
2026-10-06,ELE-1039,Belgaum,1
2026-10-06,FLT-1001,Belgaum,1
2026-10-06,FLT-1022,Belgaum,1
2026-10-06,FLT-1037,Belgaum,1
2026-10-06,FLT-1045,Belgaum,1
2026-10-06,FLT-1063,Belgaum,1
2026-10-06,FLT-1086,Belgaum,5
2026-10-06,HYD-1012,Belgaum,1
2026-10-06,HYD-1016,Belgaum,1
2026-10-06,HYD-1095,Belgaum,1
2026-10-06,PMP-1056,Belgaum,1
2026-10-06,PMP-5012,Belgaum,2
2026-10-06,SEL-1002,Belgaum,1
2026-10-06,SEL-1037,Belgaum,1
2026-10-06,SEL-1068,Belgaum,1
2026-10-06,SEL-1085,Belgaum,1
2026-10-06,SEL-3310,Belgaum,1
2026-10-06,BLT-1026,Bijapur,1
2026-10-06,BLT-1035,Bijapur,1
2026-10-06,BLT-1061,Bijapur,1
2026-10-06,BLT-1066,Bijapur,1
2026-10-06,BLT-1080,Bijapur,1
2026-10-06,BLT-1093,Bijapur,1
2026-10-06,BLT-4105,Bijapur,1
2026-10-06,BRG-1008,Bijapur,1
2026-10-06,BRG-1037,Bijapur,1
2026-10-06,BRG-1064,Bijapur,2
2026-10-06,BRG-1075,Bijapur,2
2026-10-06,BRG-1092,Bijapur,1
2026-10-06,CLT-1021,Bijapur,1
2026-10-06,CLT-1044,Bijapur,1
2026-10-06,CLT-1053,Bijapur,2
2026-10-06,ELE-1023,Bijapur,1
2026-10-06,FLT-1001,Bijapur,1
2026-10-06,FLT-1009,Bijapur,1
2026-10-06,FLT-1037,Bijapur,1
2026-10-06,FLT-1045,Bijapur,1
2026-10-06,FLT-1053,Bijapur,2
2026-10-06,FLT-1086,Bijapur,2
2026-10-06,FLT-1093,Bijapur,1
2026-10-06,FLT-1098,Bijapur,1
2026-10-06,HYD-1004,Bijapur,1
2026-10-06,HYD-1024,Bijapur,2
2026-10-06,HYD-1028,Bijapur,1
2026-10-06,HYD-1042,Bijapur,1
2026-10-06,HYD-1063,Bijapur,3
2026-10-06,HYD-1098,Bijapur,1
2026-10-06,PMP-1009,Bijapur,2
2026-10-06,PMP-1023,Bijapur,1
2026-10-06,PMP-1032,Bijapur,2
2026-10-06,PMP-1063,Bijapur,1
2026-10-06,PMP-1079,Bijapur,1
2026-10-06,PMP-1091,Bijapur,1
2026-10-06,SEL-1042,Bijapur,1
2026-10-06,SEL-1068,Bijapur,2
2026-10-06,SEL-1070,Bijapur,1
2026-10-06,SEL-1096,Bijapur,1
2026-10-06,BLT-1035,Dharwad,3
2026-10-06,BLT-1053,Dharwad,1
2026-10-06,BLT-1087,Dharwad,1
2026-10-06,BLT-4105,Dharwad,1
2026-10-06,BRG-1000,Dharwad,1
2026-10-06,BRG-1008,Dharwad,1
2026-10-06,BRG-1025,Dharwad,3
2026-10-06,BRG-1081,Dharwad,1
2026-10-06,BRG-1086,Dharwad,1
2026-10-06,BRG-1092,Dharwad,1
2026-10-06,BRG-1099,Dharwad,1
2026-10-06,CLT-1028,Dharwad,1
2026-10-06,CLT-1037,Dharwad,1
2026-10-06,CLT-1057,Dharwad,2
2026-10-06,CLT-1068,Dharwad,2
2026-10-06,CLT-1089,Dharwad,2
2026-10-06,ELE-1000,Dharwad,1
2026-10-06,ELE-1030,Dharwad,1
2026-10-06,ELE-1086,Dharwad,1
2026-10-06,ELE-1092,Dharwad,1
2026-10-06,FLT-1016,Dharwad,1
2026-10-06,FLT-1022,Dharwad,1
2026-10-06,HYD-1004,Dharwad,1
2026-10-06,HYD-1038,Dharwad,3
2026-10-06,HYD-1063,Dharwad,3
2026-10-06,HYD-1095,Dharwad,2
2026-10-06,PMP-1002,Dharwad,2
2026-10-06,PMP-1009,Dharwad,1
2026-10-06,PMP-1032,Dharwad,3
2026-10-06,PMP-1036,Dharwad,1
2026-10-06,PMP-1063,Dharwad,1
2026-10-06,PMP-1091,Dharwad,2
2026-10-06,SEL-1042,Dharwad,1
2026-10-06,SEL-1068,Dharwad,2
2026-10-06,SEL-3310,Dharwad,1
2026-10-06,BLT-1087,Gokak,1
2026-10-06,BLT-1093,Gokak,1
2026-10-06,BRG-1049,Gokak,1
2026-10-06,BRG-1064,Gokak,1
2026-10-06,BRG-1086,Gokak,1
2026-10-06,BRG-1092,Gokak,1
2026-10-06,BRG-1099,Gokak,1
2026-10-06,CLT-1007,Gokak,1
2026-10-06,CLT-1016,Gokak,1
2026-10-06,CLT-1044,Gokak,1
2026-10-06,CLT-1074,Gokak,1
2026-10-06,CLT-1099,Gokak,2
2026-10-06,CLT-6120,Gokak,2
2026-10-06,ELE-1000,Gokak,4
2026-10-06,ELE-1010,Gokak,1
2026-10-06,ELE-1044,Gokak,1
2026-10-06,ELE-1051,Gokak,1
2026-10-06,ELE-1100,Gokak,1
2026-10-06,FLT-1021,Gokak,1
2026-10-06,FLT-1037,Gokak,2
2026-10-06,FLT-1056,Gokak,1
2026-10-06,FLT-1098,Gokak,1
2026-10-06,HYD-1004,Gokak,2
2026-10-06,HYD-1012,Gokak,1
2026-10-06,HYD-1016,Gokak,1
2026-10-06,HYD-1028,Gokak,2
2026-10-06,HYD-1038,Gokak,1
2026-10-06,HYD-1089,Gokak,2
2026-10-06,PMP-1023,Gokak,1
2026-10-06,PMP-1032,Gokak,1
2026-10-06,PMP-1036,Gokak,1
2026-10-06,PMP-1052,Gokak,1
2026-10-06,PMP-1079,Gokak,1
2026-10-06,PMP-1091,Gokak,2
2026-10-06,PMP-5012,Gokak,2
2026-10-06,SEL-1008,Gokak,2
2026-10-06,SEL-1029,Gokak,2
2026-10-06,SEL-1042,Gokak,2
2026-10-06,SEL-1077,Gokak,1
2026-10-06,SEL-3310,Gokak,1
2026-10-06,BLT-1016,Hubli,1
2026-10-06,BLT-1026,Hubli,1
2026-10-06,BLT-1053,Hubli,1
2026-10-06,BRG-1064,Hubli,1
2026-10-06,BRG-1081,Hubli,2
2026-10-06,CLT-1007,Hubli,2
2026-10-06,CLT-1021,Hubli,1
2026-10-06,CLT-1099,Hubli,1
2026-10-06,CLT-6120,Hubli,1
2026-10-06,ELE-1010,Hubli,1
2026-10-06,ELE-1044,Hubli,1
2026-10-06,ELE-1073,Hubli,1
2026-10-06,ELE-1079,Hubli,1
2026-10-06,ELE-1086,Hubli,2
2026-10-06,ELE-1092,Hubli,1
2026-10-06,ELE-1100,Hubli,1
2026-10-06,FLT-1032,Hubli,1
2026-10-06,FLT-1037,Hubli,4
2026-10-06,FLT-1053,Hubli,1
2026-10-06,FLT-1079,Hubli,1
2026-10-06,FLT-1098,Hubli,2
2026-10-06,HYD-1016,Hubli,3
2026-10-06,HYD-1024,Hubli,3
2026-10-06,HYD-1028,Hubli,1
2026-10-06,HYD-1095,Hubli,1
2026-10-06,PMP-1019,Hubli,3
2026-10-06,PMP-1023,Hubli,3
2026-10-06,PMP-1052,Hubli,1
2026-10-06,PMP-1063,Hubli,2
2026-10-06,PMP-1089,Hubli,3
2026-10-06,PMP-1091,Hubli,1
2026-10-06,SEL-1002,Hubli,3
2026-10-06,SEL-1014,Hubli,2
2026-10-06,SEL-1068,Hubli,1
2026-10-06,SEL-1077,Hubli,1
2026-10-06,SEL-3310,Hubli,1
2026-10-07,BLT-1012,Bagalkot,1
2026-10-07,BLT-1016,Bagalkot,1
2026-10-07,BLT-1026,Bagalkot,1
2026-10-07,BLT-1035,Bagalkot,4
2026-10-07,BLT-1053,Bagalkot,1
2026-10-07,BLT-1061,Bagalkot,3
2026-10-07,BLT-1080,Bagalkot,2
2026-10-07,BLT-1087,Bagalkot,1
2026-10-07,BLT-1093,Bagalkot,2
2026-10-07,BLT-4105,Bagalkot,1
2026-10-07,BRG-1008,Bagalkot,1
2026-10-07,BRG-1018,Bagalkot,1
2026-10-07,BRG-1033,Bagalkot,1
2026-10-07,BRG-1058,Bagalkot,2
2026-10-07,BRG-1081,Bagalkot,1
2026-10-07,BRG-1092,Bagalkot,2
2026-10-07,CLT-1028,Bagalkot,1
2026-10-07,CLT-1044,Bagalkot,1
2026-10-07,CLT-1068,Bagalkot,2
2026-10-07,ELE-1000,Bagalkot,1
2026-10-07,ELE-1018,Bagalkot,1
2026-10-07,ELE-1067,Bagalkot,1
2026-10-07,FLT-1009,Bagalkot,1
2026-10-07,FLT-1021,Bagalkot,1
2026-10-07,FLT-1056,Bagalkot,1
2026-10-07,FLT-1063,Bagalkot,1
2026-10-07,FLT-1074,Bagalkot,2
2026-10-07,FLT-1093,Bagalkot,2
2026-10-07,FLT-1098,Bagalkot,2
2026-10-07,HYD-1012,Bagalkot,1
2026-10-07,HYD-1024,Bagalkot,4
2026-10-07,HYD-1028,Bagalkot,2
2026-10-07,HYD-1042,Bagalkot,3
2026-10-07,HYD-1095,Bagalkot,1
2026-10-07,HYD-1098,Bagalkot,1
2026-10-07,PMP-1036,Bagalkot,1
2026-10-07,PMP-1043,Bagalkot,1
2026-10-07,PMP-1052,Bagalkot,1
2026-10-07,PMP-1089,Bagalkot,1
2026-10-07,PMP-1098,Bagalkot,1
2026-10-07,SEL-1029,Bagalkot,1
2026-10-07,SEL-1042,Bagalkot,1
2026-10-07,SEL-1085,Bagalkot,1
2026-10-07,SEL-1098,Bagalkot,1
2026-10-07,BLT-1016,Belgaum,1
2026-10-07,BLT-1073,Belgaum,2
2026-10-07,BLT-1087,Belgaum,2
2026-10-07,BLT-4105,Belgaum,1
2026-10-07,BRG-1018,Belgaum,2
2026-10-07,BRG-1037,Belgaum,2
2026-10-07,BRG-1058,Belgaum,1
2026-10-07,BRG-1064,Belgaum,2
2026-10-07,BRG-1075,Belgaum,1
2026-10-07,BRG-1086,Belgaum,1
2026-10-07,BRG-1099,Belgaum,1
2026-10-07,CLT-1007,Belgaum,1
2026-10-07,CLT-1044,Belgaum,1
2026-10-07,CLT-1089,Belgaum,2
2026-10-07,CLT-6120,Belgaum,2
2026-10-07,ELE-1039,Belgaum,1
2026-10-07,ELE-1092,Belgaum,1
2026-10-07,FLT-1001,Belgaum,1
2026-10-07,FLT-1016,Belgaum,2
2026-10-07,FLT-1021,Belgaum,1
2026-10-07,FLT-1022,Belgaum,1
2026-10-07,FLT-1037,Belgaum,2
2026-10-07,FLT-1045,Belgaum,2
2026-10-07,HYD-1004,Belgaum,1
2026-10-07,HYD-1012,Belgaum,1
2026-10-07,HYD-1016,Belgaum,2
2026-10-07,HYD-1038,Belgaum,1
2026-10-07,HYD-1063,Belgaum,1
2026-10-07,HYD-1095,Belgaum,1
2026-10-07,PMP-1056,Belgaum,1
2026-10-07,PMP-5012,Belgaum,2
2026-10-07,SEL-1002,Belgaum,2
2026-10-07,SEL-1008,Belgaum,1
2026-10-07,SEL-1037,Belgaum,1
2026-10-07,SEL-3310,Belgaum,5
2026-10-07,BLT-1026,Bijapur,3
2026-10-07,BLT-1032,Bijapur,1
2026-10-07,BLT-1047,Bijapur,1
2026-10-07,BLT-1061,Bijapur,1
2026-10-07,BLT-1098,Bijapur,1
2026-10-07,BRG-1033,Bijapur,1
2026-10-07,BRG-1049,Bijapur,1
2026-10-07,BRG-1064,Bijapur,1
2026-10-07,BRG-1075,Bijapur,2
2026-10-07,CLT-1021,Bijapur,1
2026-10-07,CLT-1044,Bijapur,2
2026-10-07,CLT-1053,Bijapur,2
2026-10-07,ELE-1023,Bijapur,1
2026-10-07,FLT-1001,Bijapur,1
2026-10-07,FLT-1009,Bijapur,4
2026-10-07,FLT-1016,Bijapur,3
2026-10-07,FLT-1032,Bijapur,1
2026-10-07,FLT-1037,Bijapur,1
2026-10-07,FLT-1053,Bijapur,1
2026-10-07,FLT-1063,Bijapur,1
2026-10-07,FLT-1074,Bijapur,2
2026-10-07,FLT-1079,Bijapur,1
2026-10-07,FLT-1086,Bijapur,1
2026-10-07,FLT-1093,Bijapur,1
2026-10-07,HYD-1024,Bijapur,4
2026-10-07,HYD-1028,Bijapur,1
2026-10-07,HYD-1042,Bijapur,2
2026-10-07,HYD-1063,Bijapur,1
2026-10-07,HYD-1098,Bijapur,1
2026-10-07,PMP-1009,Bijapur,2
2026-10-07,PMP-1023,Bijapur,2
2026-10-07,PMP-1032,Bijapur,1
2026-10-07,PMP-1075,Bijapur,1
2026-10-07,PMP-1079,Bijapur,1
2026-10-07,PMP-1089,Bijapur,1
2026-10-07,PMP-5012,Bijapur,2
2026-10-07,SEL-1029,Bijapur,2
2026-10-07,SEL-1037,Bijapur,1
2026-10-07,SEL-1042,Bijapur,1
2026-10-07,SEL-1068,Bijapur,1
2026-10-07,SEL-1070,Bijapur,1
2026-10-07,SEL-1096,Bijapur,1
2026-10-07,BLT-1003,Dharwad,1
2026-10-07,BLT-1047,Dharwad,1
2026-10-07,BLT-1080,Dharwad,1
2026-10-07,BLT-1087,Dharwad,1
2026-10-07,BRG-1000,Dharwad,1
2026-10-07,BRG-1025,Dharwad,5
2026-10-07,BRG-1075,Dharwad,1
2026-10-07,BRG-1092,Dharwad,1
2026-10-07,CLT-1057,Dharwad,2
2026-10-07,CLT-1068,Dharwad,1
2026-10-07,ELE-1000,Dharwad,2
2026-10-07,ELE-1086,Dharwad,1
2026-10-07,ELE-1092,Dharwad,1
2026-10-07,FLT-1016,Dharwad,2
2026-10-07,FLT-1022,Dharwad,1
2026-10-07,FLT-1037,Dharwad,1
2026-10-07,FLT-1045,Dharwad,1
2026-10-07,FLT-1053,Dharwad,2
2026-10-07,FLT-1093,Dharwad,3
2026-10-07,HYD-1004,Dharwad,1
2026-10-07,HYD-1038,Dharwad,1
2026-10-07,HYD-1051,Dharwad,3
2026-10-07,PMP-1002,Dharwad,2
2026-10-07,PMP-1009,Dharwad,2
2026-10-07,PMP-1036,Dharwad,1
2026-10-07,PMP-1091,Dharwad,1
2026-10-07,PMP-1098,Dharwad,1
2026-10-07,SEL-1002,Dharwad,2
2026-10-07,SEL-1042,Dharwad,1
2026-10-07,SEL-1070,Dharwad,1
2026-10-07,BLT-1012,Gokak,1
2026-10-07,BLT-1035,Gokak,1
2026-10-07,BLT-1053,Gokak,5
2026-10-07,BLT-1087,Gokak,5
2026-10-07,BLT-4105,Gokak,1
2026-10-07,BRG-1064,Gokak,2
2026-10-07,BRG-1099,Gokak,2
2026-10-07,CLT-1007,Gokak,2
2026-10-07,CLT-1016,Gokak,1
2026-10-07,CLT-1044,Gokak,1
2026-10-07,ELE-1010,Gokak,2
2026-10-07,ELE-1100,Gokak,4
2026-10-07,FLT-1016,Gokak,1
2026-10-07,FLT-1021,Gokak,1
2026-10-07,FLT-1037,Gokak,1
2026-10-07,HYD-1004,Gokak,1
2026-10-07,HYD-1016,Gokak,1
2026-10-07,HYD-1028,Gokak,1
2026-10-07,HYD-1038,Gokak,1
2026-10-07,HYD-1074,Gokak,4
2026-10-07,HYD-1089,Gokak,2
2026-10-07,HYD-1098,Gokak,1
2026-10-07,PMP-1056,Gokak,1
2026-10-07,PMP-1075,Gokak,1
2026-10-07,PMP-5012,Gokak,1
2026-10-07,SEL-1008,Gokak,1
2026-10-07,SEL-1029,Gokak,1
2026-10-07,SEL-3310,Gokak,3
2026-10-07,BLT-1016,Hubli,1
2026-10-07,BLT-1061,Hubli,1
2026-10-07,BLT-1080,Hubli,3
2026-10-07,BRG-1000,Hubli,1
2026-10-07,BRG-1033,Hubli,1
2026-10-07,BRG-1037,Hubli,1
2026-10-07,BRG-1081,Hubli,3
2026-10-07,CLT-1007,Hubli,1
2026-10-07,CLT-1016,Hubli,1
2026-10-07,CLT-1037,Hubli,1
2026-10-07,CLT-1053,Hubli,1
2026-10-07,CLT-1068,Hubli,2
2026-10-07,CLT-1099,Hubli,1
2026-10-07,ELE-1039,Hubli,1
2026-10-07,ELE-1057,Hubli,1
2026-10-07,ELE-1086,Hubli,2
2026-10-07,ELE-1100,Hubli,1
2026-10-07,FLT-1009,Hubli,2
2026-10-07,FLT-1074,Hubli,1
2026-10-07,FLT-1079,Hubli,1
2026-10-07,HYD-1016,Hubli,1
2026-10-07,HYD-1024,Hubli,1
2026-10-07,HYD-1028,Hubli,1
2026-10-07,HYD-1063,Hubli,1
2026-10-07,HYD-1098,Hubli,2
2026-10-07,PMP-1009,Hubli,1
2026-10-07,PMP-1019,Hubli,3
2026-10-07,PMP-1023,Hubli,3
2026-10-07,PMP-1032,Hubli,1
2026-10-07,PMP-1079,Hubli,1
2026-10-07,PMP-1089,Hubli,1
2026-10-07,PMP-1098,Hubli,1
2026-10-07,SEL-1008,Hubli,1
2026-10-07,SEL-1014,Hubli,1
2026-10-07,SEL-1042,Hubli,1
2026-10-07,SEL-1052,Hubli,1
2026-10-07,SEL-1077,Hubli,1
2026-10-07,SEL-1096,Hubli,1
2026-10-07,SEL-3310,Hubli,1
2026-10-08,BLT-1016,Bagalkot,4
2026-10-08,BLT-1035,Bagalkot,1
2026-10-08,BLT-1053,Bagalkot,3
2026-10-08,BLT-1061,Bagalkot,1
2026-10-08,BLT-1087,Bagalkot,1
2026-10-08,BLT-4105,Bagalkot,2
2026-10-08,BRG-1008,Bagalkot,1
2026-10-08,BRG-1018,Bagalkot,2
2026-10-08,BRG-1081,Bagalkot,1
2026-10-08,BRG-1092,Bagalkot,1
2026-10-08,CLT-1068,Bagalkot,1
2026-10-08,CLT-1099,Bagalkot,1
2026-10-08,ELE-1010,Bagalkot,2
2026-10-08,ELE-1018,Bagalkot,4
2026-10-08,ELE-1023,Bagalkot,2
2026-10-08,ELE-1030,Bagalkot,1
2026-10-08,ELE-1044,Bagalkot,1
2026-10-08,ELE-1079,Bagalkot,1
2026-10-08,ELE-1086,Bagalkot,1
2026-10-08,FLT-1022,Bagalkot,2
2026-10-08,FLT-1056,Bagalkot,1
2026-10-08,FLT-1074,Bagalkot,2
2026-10-08,FLT-1093,Bagalkot,1
2026-10-08,FLT-1098,Bagalkot,1
2026-10-08,HYD-1016,Bagalkot,1
2026-10-08,HYD-1024,Bagalkot,2
2026-10-08,HYD-1028,Bagalkot,2
2026-10-08,HYD-1074,Bagalkot,1
2026-10-08,PMP-1009,Bagalkot,1
2026-10-08,PMP-1036,Bagalkot,1
2026-10-08,SEL-1002,Bagalkot,2
2026-10-08,SEL-1037,Bagalkot,1
2026-10-08,SEL-1042,Bagalkot,5
2026-10-08,SEL-1085,Bagalkot,1
2026-10-08,SEL-1098,Bagalkot,2
2026-10-08,BLT-1032,Belgaum,2
2026-10-08,BLT-1080,Belgaum,1
2026-10-08,BLT-1087,Belgaum,1
2026-10-08,BRG-1037,Belgaum,1
2026-10-08,BRG-1058,Belgaum,1
2026-10-08,BRG-1099,Belgaum,2
2026-10-08,CLT-1004,Belgaum,3
2026-10-08,CLT-1021,Belgaum,1
2026-10-08,CLT-1089,Belgaum,1
2026-10-08,CLT-1099,Belgaum,4
2026-10-08,ELE-1010,Belgaum,1
2026-10-08,ELE-1023,Belgaum,2
2026-10-08,ELE-1039,Belgaum,1
2026-10-08,ELE-1092,Belgaum,1
2026-10-08,FLT-1009,Belgaum,1
2026-10-08,FLT-1021,Belgaum,1
2026-10-08,FLT-1045,Belgaum,2
2026-10-08,FLT-1079,Belgaum,1
2026-10-08,FLT-1086,Belgaum,3
2026-10-08,FLT-1098,Belgaum,1
2026-10-08,HYD-1012,Belgaum,1
2026-10-08,HYD-1016,Belgaum,3
2026-10-08,HYD-1024,Belgaum,1
2026-10-08,HYD-1063,Belgaum,1
2026-10-08,PMP-1056,Belgaum,1
2026-10-08,PMP-1075,Belgaum,2
2026-10-08,PMP-5012,Belgaum,3
2026-10-08,SEL-1002,Belgaum,1
2026-10-08,SEL-1024,Belgaum,1
2026-10-08,SEL-1085,Belgaum,3
2026-10-08,BLT-1032,Bijapur,2
2026-10-08,BLT-1080,Bijapur,1
2026-10-08,BLT-1098,Bijapur,2
2026-10-08,BRG-1037,Bijapur,1
2026-10-08,BRG-1064,Bijapur,2
2026-10-08,BRG-1081,Bijapur,1
2026-10-08,CLT-1007,Bijapur,2
2026-10-08,CLT-1016,Bijapur,1
2026-10-08,FLT-1001,Bijapur,2
2026-10-08,FLT-1016,Bijapur,1
2026-10-08,FLT-1037,Bijapur,1
2026-10-08,FLT-1053,Bijapur,2
2026-10-08,FLT-1074,Bijapur,2
2026-10-08,FLT-1079,Bijapur,1
2026-10-08,HYD-1024,Bijapur,2
2026-10-08,HYD-1042,Bijapur,1
2026-10-08,HYD-1051,Bijapur,2
2026-10-08,HYD-1063,Bijapur,2
2026-10-08,PMP-1009,Bijapur,1
2026-10-08,PMP-1032,Bijapur,1
2026-10-08,PMP-1089,Bijapur,3
2026-10-08,PMP-5012,Bijapur,2
2026-10-08,SEL-1029,Bijapur,2
2026-10-08,SEL-1042,Bijapur,2
2026-10-08,SEL-1085,Bijapur,1
2026-10-08,SEL-1096,Bijapur,3
2026-10-08,BLT-1035,Dharwad,2
2026-10-08,BLT-1073,Dharwad,1
2026-10-08,BLT-1080,Dharwad,3
2026-10-08,BLT-1087,Dharwad,1
2026-10-08,BLT-4105,Dharwad,1
2026-10-08,BRG-1008,Dharwad,2
2026-10-08,BRG-1018,Dharwad,1
2026-10-08,BRG-1025,Dharwad,3
2026-10-08,BRG-1075,Dharwad,1
2026-10-08,BRG-1092,Dharwad,3
2026-10-08,CLT-1021,Dharwad,1
2026-10-08,CLT-1028,Dharwad,1
2026-10-08,CLT-1053,Dharwad,1
2026-10-08,CLT-1057,Dharwad,1
2026-10-08,CLT-1074,Dharwad,1
2026-10-08,CLT-1081,Dharwad,4
2026-10-08,CLT-1089,Dharwad,1
2026-10-08,ELE-1000,Dharwad,1
2026-10-08,ELE-1051,Dharwad,1
2026-10-08,ELE-1073,Dharwad,1
2026-10-08,ELE-1092,Dharwad,1
2026-10-08,FLT-1016,Dharwad,1
2026-10-08,FLT-1022,Dharwad,3
2026-10-08,FLT-1093,Dharwad,2
2026-10-08,HYD-1004,Dharwad,1
2026-10-08,HYD-1024,Dharwad,1
2026-10-08,HYD-1081,Dharwad,1
2026-10-08,PMP-1009,Dharwad,1
2026-10-08,PMP-1056,Dharwad,2
2026-10-08,PMP-1091,Dharwad,2
2026-10-08,SEL-1037,Dharwad,1
2026-10-08,BLT-1016,Gokak,1
2026-10-08,BLT-1053,Gokak,1
2026-10-08,BLT-1093,Gokak,1
2026-10-08,BRG-1037,Gokak,1
2026-10-08,BRG-1099,Gokak,1
2026-10-08,CLT-1007,Gokak,1
2026-10-08,CLT-1074,Gokak,3
2026-10-08,ELE-1010,Gokak,3
2026-10-08,ELE-1030,Gokak,1
2026-10-08,ELE-1044,Gokak,1
2026-10-08,ELE-1073,Gokak,1
2026-10-08,ELE-1100,Gokak,1
2026-10-08,FLT-1009,Gokak,1
2026-10-08,FLT-1021,Gokak,3
2026-10-08,FLT-1086,Gokak,1
2026-10-08,FLT-1098,Gokak,1
2026-10-08,HYD-1004,Gokak,1
2026-10-08,HYD-1012,Gokak,2
2026-10-08,HYD-1016,Gokak,2
2026-10-08,HYD-1074,Gokak,1
2026-10-08,HYD-1089,Gokak,1
2026-10-08,PMP-1019,Gokak,2
2026-10-08,PMP-1036,Gokak,1
2026-10-08,PMP-1043,Gokak,2
2026-10-08,PMP-1052,Gokak,2
2026-10-08,PMP-5012,Gokak,1
2026-10-08,SEL-1008,Gokak,1
2026-10-08,SEL-1024,Gokak,1
2026-10-08,SEL-1029,Gokak,1
2026-10-08,SEL-1042,Gokak,1
2026-10-08,SEL-1085,Gokak,2
2026-10-08,BLT-1003,Hubli,3
2026-10-08,BLT-1026,Hubli,1
2026-10-08,BLT-1080,Hubli,1
2026-10-08,BRG-1025,Hubli,1
2026-10-08,BRG-1045,Hubli,1
2026-10-08,BRG-1049,Hubli,2
2026-10-08,BRG-1081,Hubli,4
2026-10-08,CLT-1004,Hubli,2
2026-10-08,CLT-1007,Hubli,1
2026-10-08,CLT-1016,Hubli,2
2026-10-08,CLT-1068,Hubli,1
2026-10-08,CLT-1089,Hubli,1
2026-10-08,CLT-1099,Hubli,2
2026-10-08,ELE-1010,Hubli,2
2026-10-08,ELE-1030,Hubli,1
2026-10-08,ELE-1067,Hubli,1
2026-10-08,ELE-1079,Hubli,1
2026-10-08,ELE-1092,Hubli,1
2026-10-08,ELE-1100,Hubli,1
2026-10-08,FLT-1009,Hubli,1
2026-10-08,FLT-1032,Hubli,2
2026-10-08,FLT-1037,Hubli,3
2026-10-08,FLT-1045,Hubli,1
2026-10-08,FLT-1063,Hubli,1
2026-10-08,FLT-1074,Hubli,1
2026-10-08,FLT-1079,Hubli,1
2026-10-08,HYD-1024,Hubli,2
2026-10-08,HYD-1028,Hubli,1
2026-10-08,HYD-1081,Hubli,1
2026-10-08,HYD-1095,Hubli,4
2026-10-08,HYD-1098,Hubli,1
2026-10-08,PMP-1009,Hubli,1
2026-10-08,PMP-1023,Hubli,1
2026-10-08,PMP-1091,Hubli,2
2026-10-08,SEL-1002,Hubli,2
2026-10-08,SEL-1014,Hubli,2
2026-10-08,SEL-1042,Hubli,1
2026-10-08,SEL-1068,Hubli,2
2026-10-08,SEL-1070,Hubli,1
2026-10-08,SEL-1096,Hubli,1
2026-10-08,SEL-3310,Hubli,2
2026-10-09,BLT-1016,Bagalkot,1
2026-10-09,BLT-1035,Bagalkot,3
2026-10-09,BLT-1053,Bagalkot,4
2026-10-09,BLT-1061,Bagalkot,3
2026-10-09,BLT-1087,Bagalkot,2
2026-10-09,BLT-1093,Bagalkot,1
2026-10-09,BLT-4105,Bagalkot,1
2026-10-09,BRG-1000,Bagalkot,1
2026-10-09,BRG-1018,Bagalkot,1
2026-10-09,BRG-1033,Bagalkot,3
2026-10-09,BRG-1081,Bagalkot,2
2026-10-09,BRG-1086,Bagalkot,3
2026-10-09,BRG-1092,Bagalkot,1
2026-10-09,BRG-1099,Bagalkot,1
2026-10-09,CLT-1007,Bagalkot,1
2026-10-09,CLT-1081,Bagalkot,1
2026-10-09,CLT-1099,Bagalkot,1
2026-10-09,ELE-1010,Bagalkot,4
2026-10-09,ELE-1018,Bagalkot,2
2026-10-09,ELE-1023,Bagalkot,2
2026-10-09,FLT-1009,Bagalkot,2
2026-10-09,FLT-1021,Bagalkot,2
2026-10-09,FLT-1022,Bagalkot,1
2026-10-09,FLT-1056,Bagalkot,1
2026-10-09,FLT-1063,Bagalkot,1
2026-10-09,FLT-1074,Bagalkot,3
2026-10-09,FLT-1086,Bagalkot,1
2026-10-09,FLT-1093,Bagalkot,1
2026-10-09,FLT-1098,Bagalkot,1
2026-10-09,HYD-1012,Bagalkot,2
2026-10-09,HYD-1016,Bagalkot,1
2026-10-09,HYD-1024,Bagalkot,2
2026-10-09,HYD-1042,Bagalkot,1
2026-10-09,PMP-1002,Bagalkot,1
2026-10-09,PMP-1036,Bagalkot,1
2026-10-09,PMP-1052,Bagalkot,1
2026-10-09,PMP-1089,Bagalkot,1
2026-10-09,PMP-1098,Bagalkot,2
2026-10-09,SEL-1002,Bagalkot,3
2026-10-09,SEL-1029,Bagalkot,1
2026-10-09,SEL-1037,Bagalkot,1
2026-10-09,SEL-1085,Bagalkot,1
2026-10-09,SEL-1098,Bagalkot,1
2026-10-09,BLT-1016,Belgaum,1
2026-10-09,BLT-1073,Belgaum,1
2026-10-09,BLT-1087,Belgaum,2
2026-10-09,BRG-1000,Belgaum,1
2026-10-09,BRG-1018,Belgaum,1
2026-10-09,BRG-1064,Belgaum,1
2026-10-09,BRG-1099,Belgaum,1
2026-10-09,CLT-1021,Belgaum,1
2026-10-09,CLT-1057,Belgaum,1
2026-10-09,CLT-1089,Belgaum,1
2026-10-09,CLT-1092,Belgaum,1
2026-10-09,CLT-1099,Belgaum,1
2026-10-09,CLT-6120,Belgaum,2
2026-10-09,ELE-1092,Belgaum,1
2026-10-09,ELE-1100,Belgaum,1
2026-10-09,FLT-1009,Belgaum,1
2026-10-09,FLT-1021,Belgaum,1
2026-10-09,FLT-1022,Belgaum,2
2026-10-09,FLT-1045,Belgaum,1
2026-10-09,FLT-1079,Belgaum,2
2026-10-09,FLT-1086,Belgaum,1
2026-10-09,HYD-1016,Belgaum,2
2026-10-09,HYD-1024,Belgaum,2
2026-10-09,HYD-1081,Belgaum,1
2026-10-09,HYD-1095,Belgaum,1
2026-10-09,HYD-1098,Belgaum,2
2026-10-09,PMP-1043,Belgaum,1
2026-10-09,PMP-1056,Belgaum,1
2026-10-09,PMP-1075,Belgaum,1
2026-10-09,PMP-5012,Belgaum,1
2026-10-09,SEL-1002,Belgaum,1
2026-10-09,SEL-1024,Belgaum,1
2026-10-09,SEL-3310,Belgaum,3
2026-10-09,BLT-1012,Bijapur,1
2026-10-09,BLT-1026,Bijapur,2
2026-10-09,BLT-1032,Bijapur,3
2026-10-09,BLT-1093,Bijapur,1
2026-10-09,BLT-1098,Bijapur,1
2026-10-09,BLT-4105,Bijapur,1
2026-10-09,BRG-1033,Bijapur,1
2026-10-09,BRG-1049,Bijapur,2
2026-10-09,BRG-1064,Bijapur,1
2026-10-09,BRG-1075,Bijapur,2
2026-10-09,CLT-1007,Bijapur,2
2026-10-09,ELE-1023,Bijapur,3
2026-10-09,FLT-1001,Bijapur,2
2026-10-09,FLT-1009,Bijapur,1
2026-10-09,FLT-1037,Bijapur,1
2026-10-09,FLT-1053,Bijapur,1
2026-10-09,FLT-1074,Bijapur,1
2026-10-09,FLT-1086,Bijapur,1
2026-10-09,FLT-1093,Bijapur,1
2026-10-09,HYD-1024,Bijapur,2
2026-10-09,HYD-1028,Bijapur,2
2026-10-09,HYD-1042,Bijapur,1
2026-10-09,PMP-1009,Bijapur,2
2026-10-09,PMP-1023,Bijapur,1
2026-10-09,PMP-1089,Bijapur,2
2026-10-09,PMP-1098,Bijapur,1
2026-10-09,SEL-1037,Bijapur,1
2026-10-09,SEL-1042,Bijapur,1
2026-10-09,SEL-1068,Bijapur,1
2026-10-09,SEL-1077,Bijapur,1
2026-10-09,SEL-1096,Bijapur,3
2026-10-09,BLT-1003,Dharwad,1
2026-10-09,BLT-1035,Dharwad,2
2026-10-09,BLT-1053,Dharwad,2
2026-10-09,BLT-1066,Dharwad,1
2026-10-09,BLT-1080,Dharwad,1
2026-10-09,BRG-1000,Dharwad,1
2026-10-09,BRG-1008,Dharwad,2
2026-10-09,BRG-1025,Dharwad,1
2026-10-09,BRG-1081,Dharwad,2
2026-10-09,BRG-1099,Dharwad,1
2026-10-09,BRG-2207,Dharwad,1
2026-10-09,CLT-1021,Dharwad,1
2026-10-09,CLT-1028,Dharwad,4
2026-10-09,CLT-1057,Dharwad,1
2026-10-09,CLT-1081,Dharwad,1
2026-10-09,CLT-1089,Dharwad,1
2026-10-09,ELE-1000,Dharwad,1
2026-10-09,FLT-1016,Dharwad,2
2026-10-09,FLT-1022,Dharwad,3
2026-10-09,FLT-1037,Dharwad,1
2026-10-09,FLT-1053,Dharwad,4
2026-10-09,HYD-1038,Dharwad,2
2026-10-09,HYD-1051,Dharwad,1
2026-10-09,HYD-1063,Dharwad,1
2026-10-09,HYD-1081,Dharwad,1
2026-10-09,HYD-1095,Dharwad,1
2026-10-09,PMP-1002,Dharwad,1
2026-10-09,PMP-1009,Dharwad,1
2026-10-09,PMP-1032,Dharwad,1
2026-10-09,PMP-1036,Dharwad,1
2026-10-09,PMP-1043,Dharwad,1
2026-10-09,PMP-1091,Dharwad,1
2026-10-09,PMP-5012,Dharwad,1
2026-10-09,SEL-1002,Dharwad,1
2026-10-09,SEL-1014,Dharwad,1
2026-10-09,SEL-1029,Dharwad,1
2026-10-09,SEL-1042,Dharwad,1
2026-10-09,SEL-1068,Dharwad,1
2026-10-09,BLT-1026,Gokak,1
2026-10-09,BLT-1032,Gokak,1
2026-10-09,BLT-1053,Gokak,1
2026-10-09,BLT-1066,Gokak,1
2026-10-09,BLT-1087,Gokak,1
2026-10-09,BLT-1093,Gokak,1
2026-10-09,BRG-1092,Gokak,1
2026-10-09,CLT-1099,Gokak,2
2026-10-09,CLT-6120,Gokak,2
2026-10-09,ELE-1000,Gokak,3
2026-10-09,ELE-1010,Gokak,1
2026-10-09,ELE-1030,Gokak,1
2026-10-09,ELE-1044,Gokak,3
2026-10-09,ELE-1100,Gokak,3
2026-10-09,FLT-1009,Gokak,1
2026-10-09,FLT-1016,Gokak,1
2026-10-09,FLT-1021,Gokak,2
2026-10-09,FLT-1037,Gokak,1
2026-10-09,FLT-1045,Gokak,3
2026-10-09,HYD-1004,Gokak,2
2026-10-09,HYD-1016,Gokak,1
2026-10-09,HYD-1028,Gokak,1
2026-10-09,HYD-1038,Gokak,1
2026-10-09,HYD-1074,Gokak,2
2026-10-09,PMP-1019,Gokak,1
2026-10-09,PMP-1023,Gokak,2
2026-10-09,PMP-1043,Gokak,1
2026-10-09,PMP-1091,Gokak,2
2026-10-09,SEL-1008,Gokak,1
2026-10-09,SEL-1024,Gokak,1
2026-10-09,SEL-1029,Gokak,1
2026-10-09,SEL-1042,Gokak,1
2026-10-09,SEL-1077,Gokak,1
2026-10-09,SEL-3310,Gokak,1
2026-10-09,BLT-1003,Hubli,2
2026-10-09,BLT-1032,Hubli,1
2026-10-09,BLT-1053,Hubli,1
2026-10-09,BLT-1080,Hubli,1
2026-10-09,BRG-1025,Hubli,2
2026-10-09,BRG-1033,Hubli,2
2026-10-09,BRG-1037,Hubli,1
2026-10-09,BRG-1081,Hubli,3
2026-10-09,CLT-1007,Hubli,1
2026-10-09,CLT-1037,Hubli,2
2026-10-09,CLT-1057,Hubli,2
2026-10-09,ELE-1000,Hubli,1
2026-10-09,ELE-1057,Hubli,1
2026-10-09,ELE-1092,Hubli,1
2026-10-09,FLT-1016,Hubli,1
2026-10-09,FLT-1037,Hubli,2
2026-10-09,FLT-1098,Hubli,1
2026-10-09,HYD-1012,Hubli,1
2026-10-09,HYD-1016,Hubli,1
2026-10-09,HYD-1028,Hubli,1
2026-10-09,HYD-1038,Hubli,1
2026-10-09,HYD-1089,Hubli,1
2026-10-09,HYD-1098,Hubli,1
2026-10-09,PMP-1023,Hubli,1
2026-10-09,PMP-1063,Hubli,1
2026-10-09,PMP-1079,Hubli,1
2026-10-09,PMP-1089,Hubli,2
2026-10-09,SEL-1002,Hubli,1
2026-10-09,SEL-1008,Hubli,1
2026-10-09,SEL-1014,Hubli,1
2026-10-09,SEL-1024,Hubli,1
2026-10-09,SEL-1037,Hubli,1
2026-10-09,SEL-3310,Hubli,3
2026-10-10,BLT-1012,Bagalkot,1
2026-10-10,BLT-1016,Bagalkot,1
2026-10-10,BLT-1035,Bagalkot,1
2026-10-10,BLT-1047,Bagalkot,2
2026-10-10,BLT-1061,Bagalkot,3
2026-10-10,BLT-1073,Bagalkot,2
2026-10-10,BLT-1093,Bagalkot,2
2026-10-10,BLT-4105,Bagalkot,1
2026-10-10,BRG-1000,Bagalkot,1
2026-10-10,BRG-1008,Bagalkot,1
2026-10-10,BRG-1018,Bagalkot,1
2026-10-10,BRG-1033,Bagalkot,1
2026-10-10,BRG-1064,Bagalkot,1
2026-10-10,BRG-1086,Bagalkot,1
2026-10-10,BRG-1092,Bagalkot,1
2026-10-10,CLT-1007,Bagalkot,1
2026-10-10,CLT-1021,Bagalkot,1
2026-10-10,CLT-1057,Bagalkot,1
2026-10-10,ELE-1010,Bagalkot,2
2026-10-10,ELE-1018,Bagalkot,1
2026-10-10,ELE-1023,Bagalkot,2
2026-10-10,ELE-1030,Bagalkot,1
2026-10-10,ELE-1079,Bagalkot,1
2026-10-10,ELE-1086,Bagalkot,1
2026-10-10,FLT-1009,Bagalkot,2
2026-10-10,FLT-1053,Bagalkot,1
2026-10-10,FLT-1056,Bagalkot,1
2026-10-10,FLT-1063,Bagalkot,2
2026-10-10,FLT-1074,Bagalkot,1
2026-10-10,FLT-1093,Bagalkot,2
2026-10-10,HYD-1004,Bagalkot,1
2026-10-10,HYD-1028,Bagalkot,3
2026-10-10,HYD-1042,Bagalkot,1
2026-10-10,HYD-1051,Bagalkot,1
2026-10-10,HYD-1095,Bagalkot,2
2026-10-10,HYD-1098,Bagalkot,3
2026-10-10,PMP-1098,Bagalkot,1
2026-10-10,PMP-5012,Bagalkot,1
2026-10-10,SEL-1037,Bagalkot,1
2026-10-10,SEL-1068,Bagalkot,2
2026-10-10,SEL-1085,Bagalkot,1
2026-10-10,SEL-1098,Bagalkot,1
2026-10-10,BLT-1032,Belgaum,1
2026-10-10,BLT-1080,Belgaum,2
2026-10-10,BRG-1058,Belgaum,2
2026-10-10,BRG-1075,Belgaum,1
2026-10-10,CLT-1004,Belgaum,2
2026-10-10,CLT-1021,Belgaum,1
2026-10-10,CLT-1044,Belgaum,1
2026-10-10,CLT-1057,Belgaum,2
2026-10-10,CLT-1089,Belgaum,1
2026-10-10,CLT-6120,Belgaum,1
2026-10-10,ELE-1039,Belgaum,2
2026-10-10,FLT-1001,Belgaum,1
2026-10-10,FLT-1009,Belgaum,1
2026-10-10,FLT-1016,Belgaum,1
2026-10-10,FLT-1037,Belgaum,1
2026-10-10,FLT-1079,Belgaum,1
2026-10-10,FLT-1086,Belgaum,2
2026-10-10,FLT-1098,Belgaum,2
2026-10-10,HYD-1012,Belgaum,1
2026-10-10,HYD-1016,Belgaum,3
2026-10-10,HYD-1038,Belgaum,1
2026-10-10,HYD-1042,Belgaum,1
2026-10-10,HYD-1081,Belgaum,1
2026-10-10,SEL-1002,Belgaum,3
2026-10-10,SEL-1008,Belgaum,1
2026-10-10,SEL-1037,Belgaum,2
2026-10-10,SEL-1085,Belgaum,1
2026-10-10,SEL-3310,Belgaum,3
2026-10-10,BLT-1047,Bijapur,1
2026-10-10,BLT-1053,Bijapur,1
2026-10-10,BRG-1008,Bijapur,1
2026-10-10,BRG-1037,Bijapur,1
2026-10-10,CLT-1007,Bijapur,5
2026-10-10,CLT-1053,Bijapur,1
2026-10-10,CLT-1089,Bijapur,1
2026-10-10,CLT-1099,Bijapur,1
2026-10-10,ELE-1010,Bijapur,2
2026-10-10,ELE-1067,Bijapur,1
2026-10-10,FLT-1001,Bijapur,1
2026-10-10,FLT-1009,Bijapur,2
2026-10-10,FLT-1016,Bijapur,2
2026-10-10,FLT-1021,Bijapur,3
2026-10-10,FLT-1045,Bijapur,2
2026-10-10,FLT-1086,Bijapur,3
2026-10-10,HYD-1004,Bijapur,1
2026-10-10,HYD-1024,Bijapur,1
2026-10-10,HYD-1028,Bijapur,1
2026-10-10,HYD-1042,Bijapur,2
2026-10-10,HYD-1063,Bijapur,1
2026-10-10,HYD-1074,Bijapur,1
2026-10-10,HYD-1098,Bijapur,1
2026-10-10,PMP-1009,Bijapur,3
2026-10-10,PMP-1023,Bijapur,1
2026-10-10,PMP-1032,Bijapur,1
2026-10-10,PMP-1063,Bijapur,3
2026-10-10,PMP-1079,Bijapur,1
2026-10-10,PMP-1091,Bijapur,2
2026-10-10,PMP-5012,Bijapur,1
2026-10-10,SEL-1037,Bijapur,2
2026-10-10,SEL-1042,Bijapur,2
2026-10-10,SEL-1052,Bijapur,1
2026-10-10,SEL-1070,Bijapur,2
2026-10-10,SEL-1096,Bijapur,2
2026-10-10,BLT-1080,Dharwad,2
2026-10-10,BLT-1093,Dharwad,1
2026-10-10,BRG-1008,Dharwad,2
2026-10-10,BRG-1025,Dharwad,3
2026-10-10,BRG-1092,Dharwad,2
2026-10-10,BRG-1099,Dharwad,2
2026-10-10,BRG-2207,Dharwad,1
2026-10-10,CLT-1021,Dharwad,4
2026-10-10,CLT-1057,Dharwad,1
2026-10-10,CLT-1068,Dharwad,1
2026-10-10,CLT-1081,Dharwad,2
2026-10-10,CLT-1092,Dharwad,2
2026-10-10,ELE-1030,Dharwad,1
2026-10-10,ELE-1051,Dharwad,1
2026-10-10,ELE-1086,Dharwad,2
2026-10-10,FLT-1016,Dharwad,2
2026-10-10,FLT-1021,Dharwad,2
2026-10-10,FLT-1022,Dharwad,1
2026-10-10,FLT-1053,Dharwad,2
2026-10-10,FLT-1093,Dharwad,1
2026-10-10,HYD-1004,Dharwad,1
2026-10-10,HYD-1024,Dharwad,1
2026-10-10,HYD-1038,Dharwad,5
2026-10-10,HYD-1051,Dharwad,2
2026-10-10,HYD-1081,Dharwad,1
2026-10-10,HYD-1095,Dharwad,1
2026-10-10,PMP-1009,Dharwad,1
2026-10-10,PMP-1023,Dharwad,2
2026-10-10,PMP-1043,Dharwad,1
2026-10-10,PMP-1056,Dharwad,2
2026-10-10,PMP-1079,Dharwad,2
2026-10-10,PMP-1089,Dharwad,1
2026-10-10,PMP-1091,Dharwad,1
2026-10-10,PMP-5012,Dharwad,3
2026-10-10,SEL-1037,Dharwad,1
2026-10-10,SEL-1042,Dharwad,2
2026-10-10,SEL-3310,Dharwad,1
2026-10-10,BLT-1026,Gokak,1
2026-10-10,BLT-1032,Gokak,1
2026-10-10,BLT-1053,Gokak,2
2026-10-10,BLT-1066,Gokak,2
2026-10-10,BLT-1087,Gokak,1
2026-10-10,BLT-1093,Gokak,1
2026-10-10,BLT-1098,Gokak,1
2026-10-10,CLT-1074,Gokak,1
2026-10-10,CLT-1099,Gokak,2
2026-10-10,ELE-1000,Gokak,2
2026-10-10,ELE-1010,Gokak,2
2026-10-10,ELE-1044,Gokak,1
2026-10-10,ELE-1073,Gokak,1
2026-10-10,ELE-1092,Gokak,1
2026-10-10,ELE-1100,Gokak,2
2026-10-10,FLT-1009,Gokak,1
2026-10-10,FLT-1016,Gokak,1
2026-10-10,FLT-1021,Gokak,4
2026-10-10,FLT-1037,Gokak,1
2026-10-10,FLT-1056,Gokak,1
2026-10-10,FLT-1098,Gokak,1
2026-10-10,HYD-1004,Gokak,1
2026-10-10,HYD-1016,Gokak,1
2026-10-10,HYD-1038,Gokak,1
2026-10-10,HYD-1074,Gokak,2
2026-10-10,PMP-1043,Gokak,1
2026-10-10,PMP-1052,Gokak,4
2026-10-10,PMP-1075,Gokak,2
2026-10-10,PMP-1079,Gokak,1
2026-10-10,PMP-5012,Gokak,1
2026-10-10,SEL-1042,Gokak,1
2026-10-10,SEL-1070,Gokak,1
2026-10-10,SEL-1085,Gokak,1
2026-10-10,BLT-1053,Hubli,1
2026-10-10,BRG-1033,Hubli,1
2026-10-10,BRG-1037,Hubli,1
2026-10-10,BRG-1081,Hubli,3
2026-10-10,CLT-1004,Hubli,1
2026-10-10,CLT-1016,Hubli,1
2026-10-10,CLT-1057,Hubli,1
2026-10-10,CLT-1074,Hubli,1
2026-10-10,ELE-1010,Hubli,3
2026-10-10,ELE-1030,Hubli,1
2026-10-10,ELE-1039,Hubli,1
2026-10-10,FLT-1009,Hubli,1
2026-10-10,FLT-1032,Hubli,2
2026-10-10,FLT-1074,Hubli,1
2026-10-10,PMP-1002,Hubli,2
2026-10-10,PMP-1023,Hubli,1
2026-10-10,PMP-1056,Hubli,2
2026-10-10,PMP-1089,Hubli,1
2026-10-10,SEL-1014,Hubli,1
2026-10-10,SEL-1037,Hubli,1
2026-10-10,SEL-1042,Hubli,2
2026-10-10,SEL-1068,Hubli,2
2026-10-10,SEL-1070,Hubli,2
2026-10-10,SEL-3310,Hubli,1
2026-10-11,BLT-1016,Bagalkot,1
2026-10-11,BLT-1026,Bagalkot,1
2026-10-11,BLT-1032,Bagalkot,1
2026-10-11,BLT-1035,Bagalkot,1
2026-10-11,BLT-1066,Bagalkot,1
2026-10-11,BLT-1093,Bagalkot,2
2026-10-11,BRG-1000,Bagalkot,1
2026-10-11,BRG-1008,Bagalkot,1
2026-10-11,BRG-1018,Bagalkot,1
2026-10-11,BRG-1025,Bagalkot,3
2026-10-11,BRG-1033,Bagalkot,1
2026-10-11,BRG-1058,Bagalkot,1
2026-10-11,BRG-1064,Bagalkot,1
2026-10-11,BRG-1081,Bagalkot,2
2026-10-11,BRG-1092,Bagalkot,2
2026-10-11,BRG-2207,Bagalkot,1
2026-10-11,CLT-1004,Bagalkot,1
2026-10-11,CLT-1007,Bagalkot,2
2026-10-11,CLT-1068,Bagalkot,1
2026-10-11,CLT-1081,Bagalkot,1
2026-10-11,CLT-1099,Bagalkot,3
2026-10-11,ELE-1018,Bagalkot,3
2026-10-11,ELE-1023,Bagalkot,2
2026-10-11,ELE-1044,Bagalkot,1
2026-10-11,FLT-1001,Bagalkot,2
2026-10-11,FLT-1021,Bagalkot,1
2026-10-11,FLT-1022,Bagalkot,1
2026-10-11,FLT-1032,Bagalkot,1
2026-10-11,FLT-1063,Bagalkot,1
2026-10-11,FLT-1074,Bagalkot,1
2026-10-11,FLT-1093,Bagalkot,1
2026-10-11,HYD-1024,Bagalkot,4
2026-10-11,HYD-1028,Bagalkot,2
2026-10-11,HYD-1051,Bagalkot,1
2026-10-11,HYD-1074,Bagalkot,2
2026-10-11,HYD-1095,Bagalkot,1
2026-10-11,HYD-1098,Bagalkot,1
2026-10-11,PMP-1036,Bagalkot,1
2026-10-11,PMP-1098,Bagalkot,1
2026-10-11,SEL-1085,Bagalkot,1
2026-10-11,BLT-1066,Belgaum,1
2026-10-11,BLT-1073,Belgaum,6
2026-10-11,BLT-1087,Belgaum,2
2026-10-11,BRG-1037,Belgaum,4
2026-10-11,BRG-1058,Belgaum,1
2026-10-11,BRG-1064,Belgaum,1
2026-10-11,BRG-1075,Belgaum,1
2026-10-11,CLT-1004,Belgaum,1
2026-10-11,CLT-1021,Belgaum,1
2026-10-11,CLT-1053,Belgaum,1
2026-10-11,CLT-1057,Belgaum,1
2026-10-11,CLT-1081,Belgaum,1
2026-10-11,CLT-1089,Belgaum,1
2026-10-11,ELE-1023,Belgaum,2
2026-10-11,ELE-1039,Belgaum,3
2026-10-11,ELE-1051,Belgaum,1
2026-10-11,FLT-1021,Belgaum,3
2026-10-11,FLT-1022,Belgaum,2
2026-10-11,FLT-1037,Belgaum,1
2026-10-11,FLT-1045,Belgaum,1
2026-10-11,FLT-1053,Belgaum,1
2026-10-11,HYD-1004,Belgaum,1
2026-10-11,HYD-1016,Belgaum,1
2026-10-11,HYD-1024,Belgaum,4
2026-10-11,PMP-1043,Belgaum,1
2026-10-11,PMP-1056,Belgaum,1
2026-10-11,PMP-5012,Belgaum,5
2026-10-11,SEL-1002,Belgaum,1
2026-10-11,SEL-1008,Belgaum,1
2026-10-11,SEL-1024,Belgaum,1
2026-10-11,SEL-1037,Belgaum,3
2026-10-11,SEL-1068,Belgaum,3
2026-10-11,SEL-1085,Belgaum,1
2026-10-11,SEL-3310,Belgaum,3
2026-10-11,BLT-1032,Bijapur,1
2026-10-11,BLT-1035,Bijapur,1
2026-10-11,BLT-1047,Bijapur,1
2026-10-11,BLT-1061,Bijapur,1
2026-10-11,BLT-1093,Bijapur,1
2026-10-11,BLT-4105,Bijapur,1
2026-10-11,BRG-1008,Bijapur,1
2026-10-11,BRG-1033,Bijapur,1
2026-10-11,BRG-1049,Bijapur,1
2026-10-11,BRG-1064,Bijapur,1
2026-10-11,BRG-1081,Bijapur,1
2026-10-11,CLT-1044,Bijapur,1
2026-10-11,CLT-1089,Bijapur,1
2026-10-11,CLT-1099,Bijapur,2
2026-10-11,ELE-1023,Bijapur,1
2026-10-11,FLT-1009,Bijapur,3
2026-10-11,FLT-1016,Bijapur,1
2026-10-11,FLT-1053,Bijapur,1
2026-10-11,FLT-1056,Bijapur,1
2026-10-11,FLT-1079,Bijapur,1
2026-10-11,FLT-1086,Bijapur,2
2026-10-11,FLT-1093,Bijapur,1
2026-10-11,FLT-1098,Bijapur,1
2026-10-11,HYD-1016,Bijapur,1
2026-10-11,HYD-1024,Bijapur,1
2026-10-11,HYD-1028,Bijapur,2
2026-10-11,HYD-1042,Bijapur,4
2026-10-11,HYD-1063,Bijapur,3
2026-10-11,HYD-1074,Bijapur,1
2026-10-11,HYD-1098,Bijapur,1
2026-10-11,PMP-1063,Bijapur,1
2026-10-11,PMP-1091,Bijapur,1
2026-10-11,PMP-5012,Bijapur,2
2026-10-11,SEL-1037,Bijapur,1
2026-10-11,SEL-1068,Bijapur,2
2026-10-11,SEL-1070,Bijapur,3
2026-10-11,SEL-1085,Bijapur,1
2026-10-11,BLT-1035,Dharwad,3
2026-10-11,BLT-1047,Dharwad,1
2026-10-11,BLT-1073,Dharwad,2
2026-10-11,BLT-1080,Dharwad,1
2026-10-11,BRG-1008,Dharwad,1
2026-10-11,BRG-1018,Dharwad,1
2026-10-11,BRG-1025,Dharwad,4
2026-10-11,BRG-1058,Dharwad,1
2026-10-11,BRG-1092,Dharwad,1
2026-10-11,CLT-1021,Dharwad,1
2026-10-11,CLT-1028,Dharwad,1
2026-10-11,CLT-1037,Dharwad,1
2026-10-11,CLT-1057,Dharwad,2
2026-10-11,CLT-1074,Dharwad,1
2026-10-11,CLT-1089,Dharwad,1
2026-10-11,CLT-1092,Dharwad,1
2026-10-11,ELE-1000,Dharwad,1
2026-10-11,ELE-1023,Dharwad,1
2026-10-11,ELE-1092,Dharwad,2
2026-10-11,ELE-1100,Dharwad,1
2026-10-11,FLT-1016,Dharwad,1
2026-10-11,FLT-1037,Dharwad,1
2026-10-11,FLT-1093,Dharwad,1
2026-10-11,HYD-1038,Dharwad,2
2026-10-11,HYD-1051,Dharwad,1
2026-10-11,HYD-1095,Dharwad,2
2026-10-11,PMP-1002,Dharwad,1
2026-10-11,PMP-1009,Dharwad,2
2026-10-11,PMP-1032,Dharwad,3
2026-10-11,PMP-1036,Dharwad,2
2026-10-11,PMP-1063,Dharwad,2
2026-10-11,PMP-1091,Dharwad,1
2026-10-11,PMP-5012,Dharwad,2
2026-10-11,SEL-1002,Dharwad,1
2026-10-11,SEL-1042,Dharwad,1
2026-10-11,SEL-1068,Dharwad,1
2026-10-11,SEL-1096,Dharwad,1
2026-10-11,BLT-1012,Gokak,1
2026-10-11,BLT-1026,Gokak,1
2026-10-11,BLT-1053,Gokak,1
2026-10-11,BLT-1066,Gokak,1
2026-10-11,BLT-1087,Gokak,3
2026-10-11,BLT-1093,Gokak,2
2026-10-11,BLT-4105,Gokak,2
2026-10-11,BRG-1008,Gokak,1
2026-10-11,BRG-1064,Gokak,1
2026-10-11,BRG-1086,Gokak,1
2026-10-11,BRG-1092,Gokak,2
2026-10-11,BRG-1099,Gokak,6
2026-10-11,CLT-1016,Gokak,2
2026-10-11,CLT-1021,Gokak,1
2026-10-11,CLT-1044,Gokak,1
2026-10-11,CLT-1074,Gokak,1
2026-10-11,CLT-1099,Gokak,1
2026-10-11,ELE-1010,Gokak,1
2026-10-11,ELE-1018,Gokak,1
2026-10-11,ELE-1044,Gokak,1
2026-10-11,ELE-1051,Gokak,1
2026-10-11,ELE-1067,Gokak,1
2026-10-11,ELE-1100,Gokak,2
2026-10-11,FLT-1021,Gokak,2
2026-10-11,FLT-1032,Gokak,1
2026-10-11,FLT-1045,Gokak,1
2026-10-11,FLT-1086,Gokak,1
2026-10-11,FLT-1098,Gokak,3
2026-10-11,HYD-1004,Gokak,1
2026-10-11,HYD-1028,Gokak,2
2026-10-11,HYD-1074,Gokak,1
2026-10-11,PMP-1023,Gokak,1
2026-10-11,PMP-1043,Gokak,1
2026-10-11,PMP-1052,Gokak,2
2026-10-11,PMP-1056,Gokak,1
2026-10-11,PMP-1075,Gokak,1
2026-10-11,PMP-1091,Gokak,3
2026-10-11,PMP-5012,Gokak,1
2026-10-11,SEL-1008,Gokak,4
2026-10-11,SEL-1024,Gokak,1
2026-10-11,SEL-1029,Gokak,1
2026-10-11,SEL-1042,Gokak,3
2026-10-11,SEL-1077,Gokak,1
2026-10-11,SEL-1085,Gokak,2
2026-10-11,BLT-1003,Hubli,1
2026-10-11,BLT-1016,Hubli,2
2026-10-11,BLT-1032,Hubli,1
2026-10-11,BLT-1080,Hubli,2
2026-10-11,BLT-1093,Hubli,1
2026-10-11,BLT-4105,Hubli,3
2026-10-11,BRG-1025,Hubli,2
2026-10-11,BRG-1049,Hubli,3
2026-10-11,BRG-1081,Hubli,4
2026-10-11,CLT-1007,Hubli,2
2026-10-11,CLT-1016,Hubli,2
2026-10-11,CLT-1037,Hubli,1
2026-10-11,CLT-1068,Hubli,1
2026-10-11,CLT-1074,Hubli,1
2026-10-11,CLT-1099,Hubli,2
2026-10-11,CLT-6120,Hubli,2
2026-10-11,ELE-1010,Hubli,1
2026-10-11,ELE-1079,Hubli,1
2026-10-11,FLT-1032,Hubli,1
2026-10-11,FLT-1037,Hubli,2
2026-10-11,FLT-1053,Hubli,1
2026-10-11,FLT-1056,Hubli,1
2026-10-11,HYD-1024,Hubli,2
2026-10-11,HYD-1028,Hubli,1
2026-10-11,HYD-1095,Hubli,1
2026-10-11,HYD-1098,Hubli,1
2026-10-11,PMP-1002,Hubli,1
2026-10-11,PMP-1009,Hubli,1
2026-10-11,PMP-1023,Hubli,2
2026-10-11,PMP-1056,Hubli,1
2026-10-11,PMP-1063,Hubli,1
2026-10-11,PMP-1079,Hubli,1
2026-10-11,PMP-1089,Hubli,1
2026-10-11,PMP-1098,Hubli,1
2026-10-11,SEL-1014,Hubli,1
2026-10-11,SEL-1037,Hubli,1
2026-10-11,SEL-1042,Hubli,3
2026-10-11,SEL-1052,Hubli,1
2026-10-11,SEL-3310,Hubli,1
2026-10-12,BLT-1012,Bagalkot,2
2026-10-12,BLT-1016,Bagalkot,1
2026-10-12,BLT-1035,Bagalkot,2
2026-10-12,BLT-1047,Bagalkot,1
2026-10-12,BLT-1066,Bagalkot,1
2026-10-12,BLT-1080,Bagalkot,1
2026-10-12,BLT-1093,Bagalkot,2
2026-10-12,BLT-4105,Bagalkot,2
2026-10-12,BRG-1000,Bagalkot,1
2026-10-12,BRG-1033,Bagalkot,2
2026-10-12,BRG-1049,Bagalkot,1
2026-10-12,BRG-1081,Bagalkot,1
2026-10-12,BRG-1086,Bagalkot,3
2026-10-12,BRG-1092,Bagalkot,1
2026-10-12,CLT-1099,Bagalkot,1
2026-10-12,CLT-6120,Bagalkot,1
2026-10-12,ELE-1018,Bagalkot,3
2026-10-12,ELE-1030,Bagalkot,1
2026-10-12,ELE-1057,Bagalkot,1
2026-10-12,FLT-1001,Bagalkot,3
2026-10-12,FLT-1009,Bagalkot,1
2026-10-12,FLT-1021,Bagalkot,1
2026-10-12,FLT-1032,Bagalkot,1
2026-10-12,FLT-1098,Bagalkot,1
2026-10-12,HYD-1012,Bagalkot,2
2026-10-12,HYD-1024,Bagalkot,3
2026-10-12,HYD-1028,Bagalkot,1
2026-10-12,HYD-1042,Bagalkot,1
2026-10-12,HYD-1051,Bagalkot,1
2026-10-12,HYD-1074,Bagalkot,1
2026-10-12,HYD-1095,Bagalkot,1
2026-10-12,PMP-1036,Bagalkot,1
2026-10-12,PMP-1052,Bagalkot,1
2026-10-12,PMP-1098,Bagalkot,1
2026-10-12,SEL-1002,Bagalkot,2
2026-10-12,SEL-1029,Bagalkot,1
2026-10-12,SEL-1037,Bagalkot,2
2026-10-12,SEL-1042,Bagalkot,2
2026-10-12,SEL-1085,Bagalkot,1
2026-10-12,SEL-1098,Bagalkot,2
2026-10-12,BLT-1016,Belgaum,3
2026-10-12,BLT-1032,Belgaum,1
2026-10-12,BLT-1073,Belgaum,1
2026-10-12,BLT-1087,Belgaum,3
2026-10-12,BRG-1000,Belgaum,1
2026-10-12,BRG-1018,Belgaum,2
2026-10-12,BRG-1037,Belgaum,2
2026-10-12,BRG-1058,Belgaum,3
2026-10-12,BRG-1064,Belgaum,1
2026-10-12,BRG-1075,Belgaum,1
2026-10-12,CLT-1004,Belgaum,3
2026-10-12,CLT-1028,Belgaum,1
2026-10-12,CLT-1081,Belgaum,1
2026-10-12,CLT-1089,Belgaum,1
2026-10-12,CLT-1099,Belgaum,2
2026-10-12,ELE-1030,Belgaum,2
2026-10-12,ELE-1039,Belgaum,2
2026-10-12,ELE-1051,Belgaum,1
2026-10-12,ELE-1086,Belgaum,1
2026-10-12,ELE-1092,Belgaum,1
2026-10-12,FLT-1001,Belgaum,3
2026-10-12,FLT-1009,Belgaum,1
2026-10-12,FLT-1016,Belgaum,1
2026-10-12,FLT-1021,Belgaum,1
2026-10-12,FLT-1022,Belgaum,1
2026-10-12,FLT-1045,Belgaum,2
2026-10-12,FLT-1079,Belgaum,1
2026-10-12,FLT-1086,Belgaum,2
2026-10-12,FLT-1098,Belgaum,2
2026-10-12,HYD-1004,Belgaum,2
2026-10-12,HYD-1016,Belgaum,2
2026-10-12,HYD-1024,Belgaum,1
2026-10-12,HYD-1081,Belgaum,1
2026-10-12,HYD-1095,Belgaum,1
2026-10-12,HYD-1098,Belgaum,1
2026-10-12,PMP-5012,Belgaum,4
2026-10-12,SEL-1002,Belgaum,1
2026-10-12,SEL-1008,Belgaum,2
2026-10-12,SEL-1029,Belgaum,3
2026-10-12,SEL-1085,Belgaum,1
2026-10-12,SEL-3310,Belgaum,1
2026-10-12,BLT-1035,Bijapur,2
2026-10-12,BLT-1080,Bijapur,1
2026-10-12,BLT-4105,Bijapur,2
2026-10-12,BRG-1000,Bijapur,1
2026-10-12,BRG-1037,Bijapur,1
2026-10-12,BRG-1045,Bijapur,1
2026-10-12,BRG-1064,Bijapur,2
2026-10-12,BRG-1075,Bijapur,2
2026-10-12,CLT-1007,Bijapur,1
2026-10-12,CLT-1044,Bijapur,1
2026-10-12,FLT-1009,Bijapur,1
2026-10-12,FLT-1016,Bijapur,2
2026-10-12,FLT-1032,Bijapur,1
2026-10-12,FLT-1053,Bijapur,3
2026-10-12,FLT-1086,Bijapur,2
2026-10-12,FLT-1098,Bijapur,1
2026-10-12,HYD-1016,Bijapur,1
2026-10-12,HYD-1024,Bijapur,2
2026-10-12,HYD-1042,Bijapur,2
2026-10-12,HYD-1051,Bijapur,1
2026-10-12,HYD-1063,Bijapur,2
2026-10-12,PMP-1009,Bijapur,4
2026-10-12,PMP-1023,Bijapur,3
2026-10-12,PMP-1063,Bijapur,1
2026-10-12,PMP-1075,Bijapur,1
2026-10-12,PMP-1089,Bijapur,2
2026-10-12,PMP-1091,Bijapur,1
2026-10-12,PMP-1098,Bijapur,1
2026-10-12,SEL-1029,Bijapur,1
2026-10-12,SEL-1037,Bijapur,1
2026-10-12,SEL-1042,Bijapur,2
2026-10-12,SEL-1070,Bijapur,3
2026-10-12,SEL-1085,Bijapur,1
2026-10-12,SEL-1096,Bijapur,1
2026-10-12,BLT-1003,Dharwad,2
2026-10-12,BLT-1035,Dharwad,3
2026-10-12,BLT-1053,Dharwad,1
2026-10-12,BLT-4105,Dharwad,1
2026-10-12,BRG-1008,Dharwad,1
2026-10-12,BRG-1025,Dharwad,5
2026-10-12,BRG-1075,Dharwad,1
2026-10-12,BRG-1081,Dharwad,2
2026-10-12,BRG-1086,Dharwad,2
2026-10-12,BRG-1092,Dharwad,1
2026-10-12,CLT-1021,Dharwad,4
2026-10-12,CLT-1028,Dharwad,4
2026-10-12,CLT-1057,Dharwad,1
2026-10-12,CLT-1089,Dharwad,3
2026-10-12,CLT-1092,Dharwad,2
2026-10-12,ELE-1000,Dharwad,2
2026-10-12,ELE-1051,Dharwad,1
2026-10-12,ELE-1086,Dharwad,1
2026-10-12,FLT-1001,Dharwad,1
2026-10-12,FLT-1016,Dharwad,2
2026-10-12,FLT-1021,Dharwad,1
2026-10-12,FLT-1022,Dharwad,1
2026-10-12,FLT-1045,Dharwad,1
2026-10-12,FLT-1053,Dharwad,2
2026-10-12,HYD-1051,Dharwad,2
2026-10-12,HYD-1074,Dharwad,1
2026-10-12,HYD-1095,Dharwad,2
2026-10-12,PMP-1002,Dharwad,1
2026-10-12,PMP-1009,Dharwad,2
2026-10-12,PMP-1023,Dharwad,1
2026-10-12,PMP-1036,Dharwad,1
2026-10-12,PMP-1056,Dharwad,1
2026-10-12,PMP-1063,Dharwad,1
2026-10-12,PMP-5012,Dharwad,1
2026-10-12,SEL-1042,Dharwad,1
2026-10-12,SEL-3310,Dharwad,1
2026-10-12,BLT-1012,Gokak,1
2026-10-12,BLT-1026,Gokak,1
2026-10-12,BLT-1032,Gokak,1
2026-10-12,BLT-1087,Gokak,4
2026-10-12,BLT-1098,Gokak,1
2026-10-12,BLT-4105,Gokak,1
2026-10-12,BRG-1064,Gokak,2
2026-10-12,CLT-1007,Gokak,1
2026-10-12,CLT-1016,Gokak,2
2026-10-12,CLT-1044,Gokak,2
2026-10-12,CLT-1074,Gokak,1
2026-10-12,CLT-1099,Gokak,1
2026-10-12,ELE-1010,Gokak,2
2026-10-12,ELE-1018,Gokak,1
2026-10-12,ELE-1092,Gokak,1
2026-10-12,ELE-1100,Gokak,2
2026-10-12,FLT-1016,Gokak,1
2026-10-12,FLT-1021,Gokak,2
2026-10-12,FLT-1032,Gokak,1
2026-10-12,FLT-1037,Gokak,3
2026-10-12,FLT-1098,Gokak,1
2026-10-12,HYD-1004,Gokak,1
2026-10-12,HYD-1012,Gokak,1
2026-10-12,HYD-1074,Gokak,2
2026-10-12,HYD-1081,Gokak,1
2026-10-12,HYD-1089,Gokak,1
2026-10-12,PMP-1023,Gokak,2
2026-10-12,PMP-1052,Gokak,2
2026-10-12,PMP-1075,Gokak,1
2026-10-12,PMP-1091,Gokak,1
2026-10-12,PMP-5012,Gokak,1
2026-10-12,SEL-1024,Gokak,1
2026-10-12,SEL-1029,Gokak,1
2026-10-12,SEL-1077,Gokak,2
2026-10-12,SEL-1085,Gokak,1
2026-10-12,SEL-3310,Gokak,1
2026-10-12,BLT-1003,Hubli,3
2026-10-12,BLT-1016,Hubli,4
2026-10-12,BLT-1053,Hubli,1
2026-10-12,BLT-1061,Hubli,1
2026-10-12,BLT-4105,Hubli,1
2026-10-12,BRG-1025,Hubli,2
2026-10-12,BRG-1037,Hubli,1
2026-10-12,BRG-1045,Hubli,1
2026-10-12,BRG-1049,Hubli,2
2026-10-12,BRG-1064,Hubli,1
2026-10-12,BRG-1081,Hubli,2
2026-10-12,CLT-1007,Hubli,1
2026-10-12,CLT-1021,Hubli,1
2026-10-12,CLT-1074,Hubli,1
2026-10-12,ELE-1010,Hubli,2
2026-10-12,ELE-1044,Hubli,1
2026-10-12,ELE-1067,Hubli,1
2026-10-12,ELE-1086,Hubli,3
2026-10-12,FLT-1009,Hubli,1
2026-10-12,FLT-1037,Hubli,3
2026-10-12,FLT-1074,Hubli,1
2026-10-12,FLT-1098,Hubli,1
2026-10-12,HYD-1095,Hubli,1
2026-10-12,PMP-1019,Hubli,1
2026-10-12,PMP-1052,Hubli,1
2026-10-12,PMP-1079,Hubli,1
2026-10-12,PMP-1089,Hubli,1
2026-10-12,PMP-1091,Hubli,1
2026-10-12,SEL-1037,Hubli,2
2026-10-12,SEL-1042,Hubli,1
2026-10-12,SEL-1096,Hubli,2
2026-10-12,SEL-3310,Hubli,2
2026-10-13,BLT-1016,Bagalkot,2
2026-10-13,BLT-1032,Bagalkot,1
2026-10-13,BLT-1035,Bagalkot,1
2026-10-13,BLT-1053,Bagalkot,2
2026-10-13,BLT-1061,Bagalkot,2
2026-10-13,BLT-1066,Bagalkot,1
2026-10-13,BLT-1080,Bagalkot,1
2026-10-13,BLT-1087,Bagalkot,1
2026-10-13,BLT-1093,Bagalkot,3
2026-10-13,BLT-1098,Bagalkot,1
2026-10-13,BLT-4105,Bagalkot,2
2026-10-13,BRG-1033,Bagalkot,3
2026-10-13,BRG-1045,Bagalkot,1
2026-10-13,BRG-1086,Bagalkot,1
2026-10-13,BRG-1092,Bagalkot,1
2026-10-13,CLT-1057,Bagalkot,2
2026-10-13,CLT-1068,Bagalkot,2
2026-10-13,CLT-1099,Bagalkot,1
2026-10-13,ELE-1018,Bagalkot,3
2026-10-13,ELE-1044,Bagalkot,1
2026-10-13,ELE-1079,Bagalkot,1
2026-10-13,FLT-1009,Bagalkot,3
2026-10-13,FLT-1032,Bagalkot,1
2026-10-13,FLT-1056,Bagalkot,1
2026-10-13,FLT-1063,Bagalkot,2
2026-10-13,FLT-1074,Bagalkot,1
2026-10-13,FLT-1093,Bagalkot,2
2026-10-13,FLT-1098,Bagalkot,3
2026-10-13,HYD-1012,Bagalkot,1
2026-10-13,HYD-1024,Bagalkot,3
2026-10-13,HYD-1028,Bagalkot,3
2026-10-13,HYD-1042,Bagalkot,1
2026-10-13,HYD-1098,Bagalkot,1
2026-10-13,PMP-1036,Bagalkot,2
2026-10-13,PMP-1043,Bagalkot,1
2026-10-13,PMP-1052,Bagalkot,1
2026-10-13,PMP-1089,Bagalkot,2
2026-10-13,PMP-1098,Bagalkot,1
2026-10-13,SEL-1002,Bagalkot,1
2026-10-13,SEL-1037,Bagalkot,2
2026-10-13,SEL-1052,Bagalkot,2
2026-10-13,SEL-1068,Bagalkot,1
2026-10-13,SEL-1085,Bagalkot,1
2026-10-13,BLT-1073,Belgaum,2
2026-10-13,BLT-1080,Belgaum,1
2026-10-13,BLT-1087,Belgaum,2
2026-10-13,BLT-4105,Belgaum,1
2026-10-13,BRG-1000,Belgaum,1
2026-10-13,BRG-1018,Belgaum,2
2026-10-13,BRG-1058,Belgaum,3
2026-10-13,BRG-1064,Belgaum,1
2026-10-13,CLT-1004,Belgaum,3
2026-10-13,CLT-1074,Belgaum,1
2026-10-13,CLT-1089,Belgaum,1
2026-10-13,CLT-1099,Belgaum,2
2026-10-13,ELE-1023,Belgaum,1
2026-10-13,FLT-1021,Belgaum,1
2026-10-13,FLT-1022,Belgaum,4
2026-10-13,FLT-1045,Belgaum,4
2026-10-13,FLT-1079,Belgaum,1
2026-10-13,FLT-1086,Belgaum,3
2026-10-13,FLT-1098,Belgaum,1
2026-10-13,HYD-1016,Belgaum,2
2026-10-13,PMP-1036,Belgaum,1
2026-10-13,PMP-1043,Belgaum,1
2026-10-13,PMP-1056,Belgaum,1
2026-10-13,PMP-1075,Belgaum,1
2026-10-13,PMP-5012,Belgaum,2
2026-10-13,SEL-1002,Belgaum,1
2026-10-13,SEL-1024,Belgaum,2
2026-10-13,SEL-1029,Belgaum,1
2026-10-13,SEL-3310,Belgaum,2
2026-10-13,BLT-1026,Bijapur,1
2026-10-13,BRG-1008,Bijapur,1
2026-10-13,BRG-1033,Bijapur,1
2026-10-13,BRG-1037,Bijapur,1
2026-10-13,BRG-1064,Bijapur,1
2026-10-13,BRG-1081,Bijapur,1
2026-10-13,CLT-1016,Bijapur,1
2026-10-13,CLT-1053,Bijapur,1
2026-10-13,CLT-1089,Bijapur,1
2026-10-13,ELE-1067,Bijapur,1
2026-10-13,FLT-1001,Bijapur,1
2026-10-13,FLT-1053,Bijapur,2
2026-10-13,FLT-1093,Bijapur,1
2026-10-13,HYD-1024,Bijapur,3
2026-10-13,HYD-1028,Bijapur,1
2026-10-13,HYD-1042,Bijapur,4
2026-10-13,HYD-1098,Bijapur,3
2026-10-13,PMP-1002,Bijapur,1
2026-10-13,PMP-1009,Bijapur,2
2026-10-13,PMP-1023,Bijapur,1
2026-10-13,PMP-1075,Bijapur,1
2026-10-13,PMP-1079,Bijapur,1
2026-10-13,PMP-1089,Bijapur,1
2026-10-13,PMP-5012,Bijapur,2
2026-10-13,SEL-1014,Bijapur,1
2026-10-13,SEL-1037,Bijapur,2
2026-10-13,SEL-1042,Bijapur,2
2026-10-13,SEL-1052,Bijapur,1
2026-10-13,SEL-1068,Bijapur,1
2026-10-13,SEL-1070,Bijapur,1
2026-10-13,BLT-1003,Dharwad,1
2026-10-13,BLT-1047,Dharwad,1
2026-10-13,BLT-1073,Dharwad,2
2026-10-13,BLT-1080,Dharwad,2
2026-10-13,BLT-1093,Dharwad,1
2026-10-13,BRG-1000,Dharwad,2
2026-10-13,BRG-1008,Dharwad,2
2026-10-13,BRG-1025,Dharwad,2
2026-10-13,BRG-1058,Dharwad,1
2026-10-13,BRG-1064,Dharwad,1
2026-10-13,BRG-1075,Dharwad,1
2026-10-13,BRG-1092,Dharwad,1
2026-10-13,BRG-1099,Dharwad,1
2026-10-13,CLT-1021,Dharwad,1
2026-10-13,CLT-1037,Dharwad,1
2026-10-13,CLT-1057,Dharwad,3
2026-10-13,CLT-1068,Dharwad,1
2026-10-13,CLT-1089,Dharwad,1
2026-10-13,ELE-1000,Dharwad,1
2026-10-13,ELE-1010,Dharwad,2
2026-10-13,ELE-1044,Dharwad,1
2026-10-13,ELE-1100,Dharwad,1
2026-10-13,FLT-1001,Dharwad,1
2026-10-13,FLT-1021,Dharwad,2
2026-10-13,FLT-1037,Dharwad,1
2026-10-13,FLT-1074,Dharwad,1
2026-10-13,HYD-1038,Dharwad,4
2026-10-13,HYD-1051,Dharwad,2
2026-10-13,HYD-1095,Dharwad,1
2026-10-13,PMP-1002,Dharwad,2
2026-10-13,PMP-1009,Dharwad,1
2026-10-13,PMP-1023,Dharwad,2
2026-10-13,PMP-1036,Dharwad,1
2026-10-13,PMP-1043,Dharwad,4
2026-10-13,PMP-1056,Dharwad,1
2026-10-13,PMP-1079,Dharwad,1
2026-10-13,PMP-1089,Dharwad,1
2026-10-13,SEL-1002,Dharwad,1
2026-10-13,SEL-1042,Dharwad,1
2026-10-13,SEL-3310,Dharwad,3
2026-10-13,BLT-1003,Gokak,1
2026-10-13,BLT-1012,Gokak,2
2026-10-13,BLT-1032,Gokak,1
2026-10-13,BLT-1053,Gokak,2
2026-10-13,BRG-1008,Gokak,1
2026-10-13,BRG-1037,Gokak,1
2026-10-13,BRG-1064,Gokak,1
2026-10-13,BRG-1099,Gokak,2
2026-10-13,CLT-1004,Gokak,1
2026-10-13,CLT-1074,Gokak,1
2026-10-13,CLT-6120,Gokak,1
2026-10-13,ELE-1000,Gokak,3
2026-10-13,ELE-1010,Gokak,3
2026-10-13,ELE-1018,Gokak,2
2026-10-13,ELE-1030,Gokak,1
2026-10-13,ELE-1044,Gokak,1
2026-10-13,ELE-1067,Gokak,1
2026-10-13,ELE-1092,Gokak,1
2026-10-13,ELE-1100,Gokak,1
2026-10-13,FLT-1009,Gokak,1
2026-10-13,FLT-1021,Gokak,2
2026-10-13,FLT-1032,Gokak,1
2026-10-13,FLT-1037,Gokak,1
2026-10-13,FLT-1098,Gokak,1
2026-10-13,HYD-1012,Gokak,2
2026-10-13,HYD-1016,Gokak,1
2026-10-13,HYD-1028,Gokak,1
2026-10-13,HYD-1074,Gokak,4
2026-10-13,HYD-1098,Gokak,3
2026-10-13,PMP-1019,Gokak,1
2026-10-13,PMP-1052,Gokak,1
2026-10-13,PMP-1079,Gokak,1
2026-10-13,SEL-1042,Gokak,3
2026-10-13,SEL-1068,Gokak,1
2026-10-13,SEL-1077,Gokak,1
2026-10-13,SEL-1085,Gokak,2
2026-10-13,SEL-1096,Gokak,1
2026-10-13,SEL-3310,Gokak,2
2026-10-13,BLT-1003,Hubli,2
2026-10-13,BLT-1026,Hubli,1
2026-10-13,BLT-1053,Hubli,1
2026-10-13,BLT-1080,Hubli,1
2026-10-13,BRG-1025,Hubli,1
2026-10-13,BRG-1037,Hubli,1
2026-10-13,BRG-1045,Hubli,1
2026-10-13,BRG-1081,Hubli,2
2026-10-13,CLT-1007,Hubli,1
2026-10-13,CLT-1016,Hubli,1
2026-10-13,CLT-1099,Hubli,2
2026-10-13,ELE-1000,Hubli,1
2026-10-13,ELE-1010,Hubli,3
2026-10-13,ELE-1044,Hubli,1
2026-10-13,ELE-1092,Hubli,1
2026-10-13,FLT-1009,Hubli,1
2026-10-13,FLT-1032,Hubli,2
2026-10-13,FLT-1037,Hubli,2
2026-10-13,FLT-1045,Hubli,1
2026-10-13,FLT-1098,Hubli,1
2026-10-13,HYD-1016,Hubli,1
2026-10-13,HYD-1081,Hubli,1
2026-10-13,PMP-1019,Hubli,1
2026-10-13,PMP-1023,Hubli,1
2026-10-13,PMP-1052,Hubli,1
2026-10-13,PMP-1056,Hubli,2
2026-10-13,PMP-1089,Hubli,1
2026-10-13,PMP-1091,Hubli,1
2026-10-13,PMP-1098,Hubli,1
2026-10-13,SEL-1014,Hubli,2
2026-10-13,SEL-1037,Hubli,1
2026-10-13,SEL-1068,Hubli,1
2026-10-13,SEL-1070,Hubli,1
2026-10-13,SEL-1077,Hubli,1
2026-10-13,SEL-3310,Hubli,4
2026-10-14,BLT-1012,Bagalkot,1
2026-10-14,BLT-1016,Bagalkot,2
2026-10-14,BLT-1032,Bagalkot,1
2026-10-14,BLT-1035,Bagalkot,2
2026-10-14,BLT-1066,Bagalkot,1
2026-10-14,BLT-1093,Bagalkot,1
2026-10-14,BRG-1049,Bagalkot,1
2026-10-14,BRG-1081,Bagalkot,1
2026-10-14,BRG-1092,Bagalkot,1
2026-10-14,CLT-1004,Bagalkot,1
2026-10-14,CLT-1057,Bagalkot,1
2026-10-14,CLT-1068,Bagalkot,1
2026-10-14,ELE-1023,Bagalkot,1
2026-10-14,ELE-1030,Bagalkot,1
2026-10-14,FLT-1001,Bagalkot,1
2026-10-14,FLT-1009,Bagalkot,1
2026-10-14,FLT-1032,Bagalkot,1
2026-10-14,FLT-1056,Bagalkot,2
2026-10-14,FLT-1074,Bagalkot,3
2026-10-14,FLT-1098,Bagalkot,1
2026-10-14,HYD-1016,Bagalkot,1
2026-10-14,HYD-1024,Bagalkot,2
2026-10-14,HYD-1028,Bagalkot,1
2026-10-14,HYD-1042,Bagalkot,1
2026-10-14,HYD-1051,Bagalkot,1
2026-10-14,HYD-1061,Bagalkot,1
2026-10-14,HYD-1095,Bagalkot,1
2026-10-14,HYD-1098,Bagalkot,2
2026-10-14,PMP-1002,Bagalkot,2
2026-10-14,PMP-1009,Bagalkot,1
2026-10-14,PMP-1052,Bagalkot,1
2026-10-14,SEL-1042,Bagalkot,2
2026-10-14,SEL-1085,Bagalkot,1
2026-10-14,SEL-1098,Bagalkot,1
2026-10-14,BLT-1032,Belgaum,1
2026-10-14,BLT-1073,Belgaum,1
2026-10-14,BLT-1087,Belgaum,2
2026-10-14,BLT-4105,Belgaum,1
2026-10-14,BRG-1018,Belgaum,1
2026-10-14,BRG-1037,Belgaum,2
2026-10-14,BRG-1058,Belgaum,1
2026-10-14,BRG-1064,Belgaum,1
2026-10-14,BRG-1075,Belgaum,2
2026-10-14,BRG-1086,Belgaum,1
2026-10-14,CLT-1004,Belgaum,1
2026-10-14,CLT-1037,Belgaum,1
2026-10-14,CLT-1053,Belgaum,1
2026-10-14,CLT-1074,Belgaum,1
2026-10-14,CLT-1081,Belgaum,2
2026-10-14,CLT-1089,Belgaum,1
2026-10-14,ELE-1023,Belgaum,3
2026-10-14,ELE-1030,Belgaum,1
2026-10-14,ELE-1039,Belgaum,1
2026-10-14,FLT-1009,Belgaum,1
2026-10-14,FLT-1016,Belgaum,1
2026-10-14,FLT-1021,Belgaum,3
2026-10-14,FLT-1022,Belgaum,3
2026-10-14,FLT-1045,Belgaum,1
2026-10-14,HYD-1004,Belgaum,2
2026-10-14,HYD-1016,Belgaum,2
2026-10-14,HYD-1024,Belgaum,1
2026-10-14,PMP-1056,Belgaum,1
2026-10-14,PMP-5012,Belgaum,1
2026-10-14,SEL-1037,Belgaum,2
2026-10-14,SEL-1059,Belgaum,1
2026-10-14,BLT-1012,Bijapur,2
2026-10-14,BLT-1026,Bijapur,1
2026-10-14,BLT-1032,Bijapur,4
2026-10-14,BLT-1035,Bijapur,1
2026-10-14,BLT-1061,Bijapur,1
2026-10-14,BLT-1098,Bijapur,2
2026-10-14,BLT-4105,Bijapur,2
2026-10-14,BRG-1000,Bijapur,1
2026-10-14,BRG-1064,Bijapur,1
2026-10-14,BRG-1075,Bijapur,1
2026-10-14,BRG-1092,Bijapur,1
2026-10-14,CLT-1044,Bijapur,1
2026-10-14,CLT-1053,Bijapur,3
2026-10-14,ELE-1000,Bijapur,1
2026-10-14,ELE-1010,Bijapur,1
2026-10-14,FLT-1001,Bijapur,1
2026-10-14,FLT-1009,Bijapur,1
2026-10-14,FLT-1053,Bijapur,1
2026-10-14,FLT-1056,Bijapur,1
2026-10-14,FLT-1063,Bijapur,1
2026-10-14,FLT-1074,Bijapur,1
2026-10-14,FLT-1079,Bijapur,2
2026-10-14,FLT-1086,Bijapur,1
2026-10-14,HYD-1004,Bijapur,2
2026-10-14,HYD-1016,Bijapur,1
2026-10-14,HYD-1042,Bijapur,2
2026-10-14,HYD-1063,Bijapur,1
2026-10-14,PMP-1009,Bijapur,1
2026-10-14,PMP-1032,Bijapur,1
2026-10-14,PMP-1091,Bijapur,3
2026-10-14,PMP-5012,Bijapur,1
2026-10-14,SEL-1037,Bijapur,1
2026-10-14,SEL-1042,Bijapur,2
2026-10-14,SEL-1068,Bijapur,1
2026-10-14,SEL-1096,Bijapur,1
2026-10-14,BLT-1003,Dharwad,2
2026-10-14,BLT-1032,Dharwad,1
2026-10-14,BLT-1035,Dharwad,1
2026-10-14,BLT-1053,Dharwad,1
2026-10-14,BLT-1073,Dharwad,1
2026-10-14,BLT-1080,Dharwad,2
2026-10-14,BLT-4105,Dharwad,2
2026-10-14,BRG-1018,Dharwad,1
2026-10-14,BRG-1025,Dharwad,2
2026-10-14,BRG-1058,Dharwad,1
2026-10-14,BRG-1075,Dharwad,2
2026-10-14,BRG-1081,Dharwad,1
2026-10-14,BRG-1092,Dharwad,2
2026-10-14,CLT-1057,Dharwad,2
2026-10-14,CLT-1068,Dharwad,1
2026-10-14,CLT-1081,Dharwad,2
2026-10-14,CLT-1092,Dharwad,1
2026-10-14,ELE-1000,Dharwad,2
2026-10-14,ELE-1010,Dharwad,1
2026-10-14,ELE-1018,Dharwad,1
2026-10-14,ELE-1073,Dharwad,1
2026-10-14,FLT-1001,Dharwad,1
2026-10-14,FLT-1016,Dharwad,2
2026-10-14,FLT-1022,Dharwad,1
2026-10-14,FLT-1045,Dharwad,1
2026-10-14,FLT-1093,Dharwad,2
2026-10-14,HYD-1004,Dharwad,1
2026-10-14,HYD-1024,Dharwad,3
2026-10-14,HYD-1038,Dharwad,1
2026-10-14,HYD-1051,Dharwad,2
2026-10-14,PMP-1002,Dharwad,1
2026-10-14,PMP-1009,Dharwad,2
2026-10-14,PMP-1032,Dharwad,1
2026-10-14,PMP-5012,Dharwad,2
2026-10-14,SEL-1002,Dharwad,1
2026-10-14,SEL-1029,Dharwad,1
2026-10-14,SEL-1042,Dharwad,1
2026-10-14,SEL-1068,Dharwad,1
2026-10-14,SEL-3310,Dharwad,1
2026-10-14,BLT-1003,Gokak,1
2026-10-14,BLT-1026,Gokak,2
2026-10-14,BLT-1032,Gokak,2
2026-10-14,BLT-1053,Gokak,2
2026-10-14,BLT-1087,Gokak,5
2026-10-14,BLT-1093,Gokak,1
2026-10-14,BLT-1098,Gokak,2
2026-10-14,BRG-1033,Gokak,1
2026-10-14,BRG-1037,Gokak,2
2026-10-14,BRG-1081,Gokak,1
2026-10-14,BRG-1092,Gokak,1
2026-10-14,BRG-1099,Gokak,1
2026-10-14,CLT-1044,Gokak,1
2026-10-14,CLT-1099,Gokak,1
2026-10-14,ELE-1010,Gokak,2
2026-10-14,ELE-1018,Gokak,1
2026-10-14,ELE-1044,Gokak,1
2026-10-14,ELE-1100,Gokak,1
2026-10-14,FLT-1021,Gokak,1
2026-10-14,FLT-1045,Gokak,1
2026-10-14,HYD-1004,Gokak,1
2026-10-14,HYD-1012,Gokak,1
2026-10-14,HYD-1016,Gokak,2
2026-10-14,HYD-1038,Gokak,1
2026-10-14,HYD-1074,Gokak,1
2026-10-14,HYD-1081,Gokak,1
2026-10-14,PMP-1043,Gokak,1
2026-10-14,PMP-1052,Gokak,3
2026-10-14,PMP-1079,Gokak,1
2026-10-14,PMP-5012,Gokak,1
2026-10-14,SEL-1008,Gokak,3
2026-10-14,SEL-1024,Gokak,1
2026-10-14,SEL-1042,Gokak,1
2026-10-14,SEL-1070,Gokak,1
2026-10-14,SEL-1077,Gokak,1
2026-10-14,SEL-1085,Gokak,2
2026-10-14,SEL-3310,Gokak,1
2026-10-14,BLT-1003,Hubli,1
2026-10-14,BLT-1016,Hubli,2
2026-10-14,BLT-1080,Hubli,1
2026-10-14,BLT-4105,Hubli,1
2026-10-14,BRG-1000,Hubli,1
2026-10-14,BRG-1045,Hubli,1
2026-10-14,BRG-1081,Hubli,5
2026-10-14,CLT-1016,Hubli,1
2026-10-14,CLT-1057,Hubli,2
2026-10-14,CLT-1068,Hubli,1
2026-10-14,CLT-1089,Hubli,1
2026-10-14,CLT-1099,Hubli,1
2026-10-14,ELE-1000,Hubli,1
2026-10-14,ELE-1030,Hubli,1
2026-10-14,ELE-1044,Hubli,1
2026-10-14,ELE-1086,Hubli,2
2026-10-14,FLT-1037,Hubli,1
2026-10-14,FLT-1079,Hubli,1
2026-10-14,FLT-1098,Hubli,1
2026-10-14,HYD-1012,Hubli,1
2026-10-14,HYD-1024,Hubli,1
2026-10-14,HYD-1063,Hubli,2
2026-10-14,PMP-1002,Hubli,1
2026-10-14,PMP-1023,Hubli,2
2026-10-14,PMP-1056,Hubli,1
2026-10-14,PMP-1079,Hubli,1
2026-10-14,PMP-1089,Hubli,1
2026-10-14,PMP-1091,Hubli,2
2026-10-14,SEL-1002,Hubli,1
2026-10-14,SEL-1008,Hubli,1
2026-10-14,SEL-1037,Hubli,2
2026-10-14,SEL-1042,Hubli,2
2026-10-14,SEL-1070,Hubli,1
2026-10-14,SEL-1077,Hubli,1
2026-10-14,SEL-3310,Hubli,1
2026-10-15,BLT-1016,Bagalkot,3
2026-10-15,BLT-1035,Bagalkot,2
2026-10-15,BLT-1053,Bagalkot,1
2026-10-15,BLT-1061,Bagalkot,1
2026-10-15,BLT-1066,Bagalkot,2
2026-10-15,BLT-1087,Bagalkot,1
2026-10-15,BLT-1093,Bagalkot,1
2026-10-15,BLT-4105,Bagalkot,1
2026-10-15,BRG-1018,Bagalkot,2
2026-10-15,BRG-1033,Bagalkot,1
2026-10-15,BRG-1058,Bagalkot,1
2026-10-15,BRG-1081,Bagalkot,1
2026-10-15,BRG-1092,Bagalkot,2
2026-10-15,CLT-1081,Bagalkot,1
2026-10-15,CLT-1099,Bagalkot,1
2026-10-15,ELE-1010,Bagalkot,3
2026-10-15,ELE-1030,Bagalkot,1
2026-10-15,ELE-1044,Bagalkot,2
2026-10-15,ELE-1051,Bagalkot,1
2026-10-15,FLT-1001,Bagalkot,1
2026-10-15,FLT-1009,Bagalkot,1
2026-10-15,FLT-1022,Bagalkot,2
2026-10-15,FLT-1032,Bagalkot,1
2026-10-15,FLT-1056,Bagalkot,1
2026-10-15,FLT-1063,Bagalkot,1
2026-10-15,FLT-1074,Bagalkot,1
2026-10-15,FLT-1093,Bagalkot,1
2026-10-15,FLT-1098,Bagalkot,1
2026-10-15,HYD-1012,Bagalkot,1
2026-10-15,HYD-1016,Bagalkot,2
2026-10-15,HYD-1024,Bagalkot,2
2026-10-15,HYD-1051,Bagalkot,1
2026-10-15,HYD-1074,Bagalkot,1
2026-10-15,PMP-1036,Bagalkot,1
2026-10-15,PMP-5012,Bagalkot,2
2026-10-15,SEL-1002,Bagalkot,1
2026-10-15,SEL-1029,Bagalkot,1
2026-10-15,SEL-1037,Bagalkot,1
2026-10-15,SEL-1042,Bagalkot,2
2026-10-15,SEL-1052,Bagalkot,2
2026-10-15,SEL-1059,Bagalkot,1
2026-10-15,SEL-1096,Bagalkot,1
2026-10-15,SEL-1098,Bagalkot,1
2026-10-15,BLT-1032,Belgaum,1
2026-10-15,BLT-1087,Belgaum,2
2026-10-15,BRG-1018,Belgaum,4
2026-10-15,BRG-1037,Belgaum,1
2026-10-15,BRG-1058,Belgaum,2
2026-10-15,BRG-1064,Belgaum,1
2026-10-15,BRG-1075,Belgaum,2
2026-10-15,CLT-1004,Belgaum,2
2026-10-15,CLT-1028,Belgaum,2
2026-10-15,CLT-1037,Belgaum,1
2026-10-15,CLT-1057,Belgaum,1
2026-10-15,CLT-1089,Belgaum,3
2026-10-15,CLT-1092,Belgaum,1
2026-10-15,CLT-1099,Belgaum,1
2026-10-15,ELE-1039,Belgaum,1
2026-10-15,ELE-1092,Belgaum,1
2026-10-15,FLT-1001,Belgaum,1
2026-10-15,FLT-1009,Belgaum,3
2026-10-15,FLT-1022,Belgaum,1
2026-10-15,FLT-1037,Belgaum,1
2026-10-15,FLT-1045,Belgaum,2
2026-10-15,FLT-1079,Belgaum,4
2026-10-15,FLT-1086,Belgaum,2
2026-10-15,HYD-1012,Belgaum,3
2026-10-15,HYD-1016,Belgaum,2
2026-10-15,HYD-1024,Belgaum,1
2026-10-15,HYD-1038,Belgaum,1
2026-10-15,HYD-1042,Belgaum,1
2026-10-15,HYD-1074,Belgaum,2
2026-10-15,PMP-1009,Belgaum,1
2026-10-15,PMP-1056,Belgaum,1
2026-10-15,PMP-1091,Belgaum,1
2026-10-15,PMP-5012,Belgaum,3
2026-10-15,SEL-1002,Belgaum,3
2026-10-15,SEL-1037,Belgaum,3
2026-10-15,SEL-1085,Belgaum,2
2026-10-15,SEL-3310,Belgaum,1
2026-10-15,BLT-1026,Bijapur,1
2026-10-15,BLT-1035,Bijapur,2
2026-10-15,BLT-1053,Bijapur,1
2026-10-15,BLT-1061,Bijapur,1
2026-10-15,BLT-1093,Bijapur,1
2026-10-15,BLT-4105,Bijapur,1
2026-10-15,BRG-1064,Bijapur,3
2026-10-15,BRG-1075,Bijapur,1
2026-10-15,CLT-1007,Bijapur,2
2026-10-15,CLT-1053,Bijapur,3
2026-10-15,CLT-1099,Bijapur,1
2026-10-15,CLT-6120,Bijapur,1
2026-10-15,ELE-1023,Bijapur,3
2026-10-15,FLT-1009,Bijapur,3
2026-10-15,FLT-1016,Bijapur,2
2026-10-15,FLT-1021,Bijapur,1
2026-10-15,FLT-1053,Bijapur,1
2026-10-15,FLT-1056,Bijapur,1
2026-10-15,FLT-1074,Bijapur,1
2026-10-15,FLT-1079,Bijapur,1
2026-10-15,FLT-1086,Bijapur,1
2026-10-15,HYD-1024,Bijapur,1
2026-10-15,HYD-1028,Bijapur,2
2026-10-15,HYD-1042,Bijapur,1
2026-10-15,HYD-1063,Bijapur,2
2026-10-15,HYD-1098,Bijapur,1
2026-10-15,PMP-1009,Bijapur,1
2026-10-15,PMP-1063,Bijapur,1
2026-10-15,PMP-1075,Bijapur,2
2026-10-15,PMP-1089,Bijapur,1
2026-10-15,PMP-1091,Bijapur,2
2026-10-15,PMP-5012,Bijapur,3
2026-10-15,SEL-1008,Bijapur,1
2026-10-15,SEL-1037,Bijapur,1
2026-10-15,SEL-1052,Bijapur,1
2026-10-15,SEL-1068,Bijapur,2
2026-10-15,SEL-1085,Bijapur,1
2026-10-15,SEL-1096,Bijapur,3
2026-10-15,BLT-1003,Dharwad,1
2026-10-15,BLT-1012,Dharwad,1
2026-10-15,BLT-1035,Dharwad,1
2026-10-15,BLT-1047,Dharwad,1
2026-10-15,BLT-1053,Dharwad,1
2026-10-15,BLT-1080,Dharwad,1
2026-10-15,BRG-1000,Dharwad,1
2026-10-15,BRG-1081,Dharwad,1
2026-10-15,BRG-1086,Dharwad,1
2026-10-15,BRG-1092,Dharwad,1
2026-10-15,BRG-1099,Dharwad,1
2026-10-15,BRG-2207,Dharwad,1
2026-10-15,CLT-1004,Dharwad,1
2026-10-15,CLT-1021,Dharwad,3
2026-10-15,CLT-1044,Dharwad,1
2026-10-15,CLT-1074,Dharwad,2
2026-10-15,CLT-1089,Dharwad,1
2026-10-15,ELE-1000,Dharwad,2
2026-10-15,ELE-1010,Dharwad,1
2026-10-15,ELE-1023,Dharwad,2
2026-10-15,ELE-1073,Dharwad,2
2026-10-15,ELE-1086,Dharwad,1
2026-10-15,FLT-1016,Dharwad,5
2026-10-15,FLT-1021,Dharwad,1
2026-10-15,FLT-1022,Dharwad,1
2026-10-15,FLT-1032,Dharwad,1
2026-10-15,FLT-1037,Dharwad,1
2026-10-15,FLT-1045,Dharwad,1
2026-10-15,FLT-1053,Dharwad,1
2026-10-15,HYD-1004,Dharwad,1
2026-10-15,HYD-1024,Dharwad,2
2026-10-15,HYD-1038,Dharwad,3
2026-10-15,HYD-1051,Dharwad,2
2026-10-15,HYD-1095,Dharwad,1
2026-10-15,PMP-1023,Dharwad,3
2026-10-15,PMP-1036,Dharwad,1
2026-10-15,PMP-1063,Dharwad,2
2026-10-15,PMP-1079,Dharwad,1
2026-10-15,PMP-1091,Dharwad,1
2026-10-15,PMP-5012,Dharwad,2
2026-10-15,SEL-1002,Dharwad,3
2026-10-15,SEL-1042,Dharwad,2
2026-10-15,SEL-1068,Dharwad,2
2026-10-15,SEL-3310,Dharwad,3
2026-10-15,BLT-1012,Gokak,1
2026-10-15,BLT-1026,Gokak,3
2026-10-15,BLT-1087,Gokak,1
2026-10-15,BLT-1093,Gokak,1
2026-10-15,BLT-1098,Gokak,1
2026-10-15,BLT-4105,Gokak,3
2026-10-15,BRG-1000,Gokak,2
2026-10-15,BRG-1033,Gokak,1
2026-10-15,BRG-1037,Gokak,1
2026-10-15,BRG-1064,Gokak,2
2026-10-15,CLT-1053,Gokak,1
2026-10-15,CLT-1057,Gokak,1
2026-10-15,CLT-1074,Gokak,1
2026-10-15,CLT-1099,Gokak,1
2026-10-15,ELE-1000,Gokak,2
2026-10-15,ELE-1010,Gokak,2
2026-10-15,ELE-1018,Gokak,1
2026-10-15,ELE-1030,Gokak,2
2026-10-15,ELE-1057,Gokak,1
2026-10-15,ELE-1100,Gokak,1
2026-10-15,FLT-1021,Gokak,3
2026-10-15,FLT-1045,Gokak,1
2026-10-15,FLT-1056,Gokak,1
2026-10-15,FLT-1098,Gokak,2
2026-10-15,HYD-1012,Gokak,1
2026-10-15,HYD-1028,Gokak,1
2026-10-15,PMP-1052,Gokak,2
2026-10-15,PMP-1075,Gokak,1
2026-10-15,PMP-1091,Gokak,2
2026-10-15,SEL-1024,Gokak,1
2026-10-15,SEL-1077,Gokak,1
2026-10-15,SEL-1085,Gokak,1
2026-10-15,SEL-3310,Gokak,3
2026-10-15,BLT-1003,Hubli,3
2026-10-15,BLT-1032,Hubli,1
2026-10-15,BLT-1035,Hubli,1
2026-10-15,BLT-1053,Hubli,1
2026-10-15,BLT-1080,Hubli,2
2026-10-15,BLT-4105,Hubli,3
2026-10-15,BRG-1025,Hubli,1
2026-10-15,BRG-1033,Hubli,1
2026-10-15,BRG-1081,Hubli,3
2026-10-15,BRG-1092,Hubli,1
2026-10-15,BRG-2207,Hubli,1
2026-10-15,CLT-1007,Hubli,3
2026-10-15,CLT-1028,Hubli,1
2026-10-15,CLT-1037,Hubli,2
2026-10-15,CLT-1068,Hubli,1
2026-10-15,CLT-1074,Hubli,1
2026-10-15,ELE-1010,Hubli,2
2026-10-15,ELE-1030,Hubli,1
2026-10-15,ELE-1092,Hubli,1
2026-10-15,FLT-1032,Hubli,1
2026-10-15,FLT-1053,Hubli,1
2026-10-15,FLT-1056,Hubli,1
2026-10-15,FLT-1074,Hubli,1
2026-10-15,HYD-1024,Hubli,1
2026-10-15,HYD-1063,Hubli,1
2026-10-15,HYD-1089,Hubli,2
2026-10-15,HYD-1095,Hubli,1
2026-10-15,PMP-1023,Hubli,1
2026-10-15,PMP-1056,Hubli,1
2026-10-15,PMP-1063,Hubli,1
2026-10-15,PMP-1079,Hubli,1
2026-10-15,PMP-1089,Hubli,3
2026-10-15,SEL-1002,Hubli,1
2026-10-15,SEL-1014,Hubli,1
2026-10-15,SEL-1037,Hubli,3
2026-10-15,SEL-1096,Hubli,2
2026-10-16,BLT-1016,Bagalkot,2
2026-10-16,BLT-1035,Bagalkot,1
2026-10-16,BLT-1061,Bagalkot,2
2026-10-16,BLT-1093,Bagalkot,2
2026-10-16,BLT-4105,Bagalkot,1
2026-10-16,BRG-1000,Bagalkot,2
2026-10-16,BRG-1018,Bagalkot,1
2026-10-16,BRG-1092,Bagalkot,1
2026-10-16,CLT-1057,Bagalkot,2
2026-10-16,CLT-1081,Bagalkot,1
2026-10-16,CLT-6120,Bagalkot,1
2026-10-16,ELE-1000,Bagalkot,1
2026-10-16,ELE-1018,Bagalkot,2
2026-10-16,ELE-1030,Bagalkot,2
2026-10-16,ELE-1044,Bagalkot,1
2026-10-16,ELE-1057,Bagalkot,1
2026-10-16,ELE-1079,Bagalkot,1
2026-10-16,FLT-1009,Bagalkot,2
2026-10-16,FLT-1056,Bagalkot,1
2026-10-16,FLT-1063,Bagalkot,3
2026-10-16,FLT-1074,Bagalkot,1
2026-10-16,FLT-1093,Bagalkot,1
2026-10-16,HYD-1004,Bagalkot,1
2026-10-16,HYD-1012,Bagalkot,1
2026-10-16,HYD-1024,Bagalkot,4
2026-10-16,HYD-1095,Bagalkot,1
2026-10-16,SEL-1002,Bagalkot,1
2026-10-16,SEL-1037,Bagalkot,1
2026-10-16,SEL-1042,Bagalkot,1
2026-10-16,SEL-1085,Bagalkot,5
2026-10-16,SEL-1098,Bagalkot,2
2026-10-16,BLT-1032,Belgaum,1
2026-10-16,BLT-1035,Belgaum,1
2026-10-16,BLT-1080,Belgaum,2
2026-10-16,BLT-1087,Belgaum,1
2026-10-16,BRG-1018,Belgaum,1
2026-10-16,BRG-1037,Belgaum,4
2026-10-16,BRG-1058,Belgaum,1
2026-10-16,BRG-1064,Belgaum,1
2026-10-16,BRG-1075,Belgaum,2
2026-10-16,BRG-1099,Belgaum,1
2026-10-16,CLT-1004,Belgaum,1
2026-10-16,CLT-1021,Belgaum,1
2026-10-16,CLT-1053,Belgaum,1
2026-10-16,CLT-1074,Belgaum,1
2026-10-16,CLT-1089,Belgaum,1
2026-10-16,CLT-1092,Belgaum,1
2026-10-16,ELE-1030,Belgaum,1
2026-10-16,ELE-1092,Belgaum,1
2026-10-16,FLT-1001,Belgaum,1
2026-10-16,FLT-1009,Belgaum,2
2026-10-16,FLT-1022,Belgaum,1
2026-10-16,FLT-1037,Belgaum,1
2026-10-16,FLT-1045,Belgaum,1
2026-10-16,FLT-1053,Belgaum,1
2026-10-16,FLT-1063,Belgaum,1
2026-10-16,FLT-1079,Belgaum,1
2026-10-16,FLT-1086,Belgaum,3
2026-10-16,HYD-1016,Belgaum,1
2026-10-16,HYD-1024,Belgaum,1
2026-10-16,HYD-1042,Belgaum,1
2026-10-16,HYD-1074,Belgaum,1
2026-10-16,HYD-1095,Belgaum,1
2026-10-16,HYD-1098,Belgaum,1
2026-10-16,PMP-1036,Belgaum,1
2026-10-16,PMP-1056,Belgaum,1
2026-10-16,PMP-1075,Belgaum,1
2026-10-16,PMP-5012,Belgaum,3
2026-10-16,SEL-1002,Belgaum,2
2026-10-16,SEL-1008,Belgaum,1
2026-10-16,SEL-1024,Belgaum,1
2026-10-16,SEL-1037,Belgaum,1
2026-10-16,SEL-1085,Belgaum,2
2026-10-16,SEL-3310,Belgaum,1
2026-10-16,BLT-1032,Bijapur,2
2026-10-16,BLT-1093,Bijapur,1
2026-10-16,BLT-1098,Bijapur,1
2026-10-16,BLT-4105,Bijapur,1
2026-10-16,BRG-1008,Bijapur,1
2026-10-16,BRG-1033,Bijapur,2
2026-10-16,BRG-1049,Bijapur,2
2026-10-16,BRG-1064,Bijapur,1
2026-10-16,BRG-1075,Bijapur,1
2026-10-16,BRG-2207,Bijapur,1
2026-10-16,CLT-1007,Bijapur,3
2026-10-16,CLT-1021,Bijapur,1
2026-10-16,CLT-1099,Bijapur,1
2026-10-16,ELE-1010,Bijapur,1
2026-10-16,FLT-1001,Bijapur,1
2026-10-16,FLT-1009,Bijapur,1
2026-10-16,FLT-1037,Bijapur,1
2026-10-16,FLT-1079,Bijapur,1
2026-10-16,FLT-1086,Bijapur,1
2026-10-16,HYD-1024,Bijapur,3
2026-10-16,HYD-1028,Bijapur,2
2026-10-16,HYD-1042,Bijapur,4
2026-10-16,HYD-1063,Bijapur,1
2026-10-16,PMP-1075,Bijapur,1
2026-10-16,PMP-1091,Bijapur,2
2026-10-16,PMP-5012,Bijapur,4
2026-10-16,SEL-1014,Bijapur,1
2026-10-16,SEL-1037,Bijapur,1
2026-10-16,SEL-1042,Bijapur,1
2026-10-16,BLT-1073,Dharwad,2
2026-10-16,BLT-1080,Dharwad,1
2026-10-16,BLT-1087,Dharwad,1
2026-10-16,BLT-1098,Dharwad,1
2026-10-16,BLT-4105,Dharwad,1
2026-10-16,BRG-1008,Dharwad,1
2026-10-16,BRG-1025,Dharwad,5
2026-10-16,BRG-1058,Dharwad,4
2026-10-16,BRG-1081,Dharwad,1
2026-10-16,CLT-1021,Dharwad,2
2026-10-16,CLT-1028,Dharwad,2
2026-10-16,CLT-1057,Dharwad,1
2026-10-16,CLT-1068,Dharwad,3
2026-10-16,CLT-1081,Dharwad,1
2026-10-16,CLT-1089,Dharwad,1
2026-10-16,CLT-1092,Dharwad,3
2026-10-16,ELE-1000,Dharwad,2
2026-10-16,ELE-1073,Dharwad,1
2026-10-16,ELE-1086,Dharwad,1
2026-10-16,FLT-1016,Dharwad,3
2026-10-16,FLT-1021,Dharwad,1
2026-10-16,FLT-1022,Dharwad,3
2026-10-16,FLT-1037,Dharwad,1
2026-10-16,FLT-1053,Dharwad,2
2026-10-16,FLT-1093,Dharwad,1
2026-10-16,HYD-1038,Dharwad,3
2026-10-16,HYD-1051,Dharwad,1
2026-10-16,HYD-1063,Dharwad,1
2026-10-16,HYD-1081,Dharwad,1
2026-10-16,HYD-1095,Dharwad,4
2026-10-16,PMP-1002,Dharwad,2
2026-10-16,PMP-1036,Dharwad,2
2026-10-16,PMP-1043,Dharwad,1
2026-10-16,PMP-1063,Dharwad,2
2026-10-16,PMP-1079,Dharwad,3
2026-10-16,PMP-1091,Dharwad,3
2026-10-16,PMP-5012,Dharwad,1
2026-10-16,SEL-1002,Dharwad,1
2026-10-16,SEL-1098,Dharwad,1
2026-10-16,BLT-1003,Gokak,1
2026-10-16,BLT-1012,Gokak,1
2026-10-16,BLT-1026,Gokak,2
2026-10-16,BLT-1032,Gokak,1
2026-10-16,BLT-1053,Gokak,3
2026-10-16,BLT-1098,Gokak,1
2026-10-16,BRG-1049,Gokak,1
2026-10-16,BRG-1086,Gokak,1
2026-10-16,BRG-1092,Gokak,1
2026-10-16,BRG-1099,Gokak,2
2026-10-16,CLT-1004,Gokak,1
2026-10-16,CLT-1016,Gokak,1
2026-10-16,CLT-1074,Gokak,1
2026-10-16,CLT-1099,Gokak,2
2026-10-16,ELE-1018,Gokak,1
2026-10-16,ELE-1030,Gokak,1
2026-10-16,ELE-1100,Gokak,3
2026-10-16,FLT-1009,Gokak,1
2026-10-16,FLT-1021,Gokak,1
2026-10-16,FLT-1037,Gokak,1
2026-10-16,FLT-1045,Gokak,1
2026-10-16,FLT-1098,Gokak,1
2026-10-16,HYD-1004,Gokak,1
2026-10-16,HYD-1012,Gokak,3
2026-10-16,HYD-1028,Gokak,2
2026-10-16,HYD-1074,Gokak,2
2026-10-16,PMP-1043,Gokak,1
2026-10-16,PMP-1052,Gokak,2
2026-10-16,PMP-1075,Gokak,1
2026-10-16,PMP-1079,Gokak,1
2026-10-16,PMP-5012,Gokak,1
2026-10-16,SEL-1042,Gokak,2
2026-10-16,SEL-1068,Gokak,1
2026-10-16,SEL-1070,Gokak,1
2026-10-16,SEL-1077,Gokak,3
2026-10-16,SEL-1085,Gokak,1
2026-10-16,BLT-1003,Hubli,4
2026-10-16,BLT-1032,Hubli,1
2026-10-16,BLT-1035,Hubli,1
2026-10-16,BLT-1053,Hubli,1
2026-10-16,BLT-1061,Hubli,1
2026-10-16,BLT-4105,Hubli,2
2026-10-16,BRG-1033,Hubli,1
2026-10-16,BRG-1081,Hubli,6
2026-10-16,CLT-1004,Hubli,1
2026-10-16,CLT-1007,Hubli,1
2026-10-16,CLT-1016,Hubli,3
2026-10-16,CLT-1037,Hubli,1
2026-10-16,CLT-1057,Hubli,1
2026-10-16,CLT-1074,Hubli,2
2026-10-16,CLT-1099,Hubli,2
2026-10-16,ELE-1010,Hubli,1
2026-10-16,ELE-1086,Hubli,2
2026-10-16,ELE-1092,Hubli,1
2026-10-16,FLT-1009,Hubli,2
2026-10-16,FLT-1016,Hubli,1
2026-10-16,FLT-1037,Hubli,3
2026-10-16,FLT-1053,Hubli,1
2026-10-16,FLT-1074,Hubli,1
2026-10-16,HYD-1016,Hubli,2
2026-10-16,HYD-1024,Hubli,1
2026-10-16,HYD-1028,Hubli,1
2026-10-16,PMP-1019,Hubli,1
2026-10-16,PMP-1023,Hubli,1
2026-10-16,PMP-1052,Hubli,1
2026-10-16,PMP-1063,Hubli,1
2026-10-16,PMP-1091,Hubli,1
2026-10-16,SEL-1042,Hubli,1
2026-10-16,SEL-1068,Hubli,1
2026-10-16,SEL-1077,Hubli,1
2026-10-16,SEL-1096,Hubli,1
2026-10-16,SEL-3310,Hubli,1
2026-10-17,BLT-1035,Bagalkot,2
2026-10-17,BLT-1066,Bagalkot,3
2026-10-17,BLT-1093,Bagalkot,1
2026-10-17,BLT-4105,Bagalkot,1
2026-10-17,BRG-1000,Bagalkot,1
2026-10-17,BRG-1025,Bagalkot,1
2026-10-17,BRG-1049,Bagalkot,1
2026-10-17,BRG-1086,Bagalkot,1
2026-10-17,CLT-6120,Bagalkot,1
2026-10-17,ELE-1018,Bagalkot,4
2026-10-17,ELE-1023,Bagalkot,2
2026-10-17,ELE-1030,Bagalkot,2
2026-10-17,ELE-1044,Bagalkot,1
2026-10-17,FLT-1001,Bagalkot,2
2026-10-17,FLT-1021,Bagalkot,1
2026-10-17,FLT-1022,Bagalkot,1
2026-10-17,FLT-1032,Bagalkot,1
2026-10-17,FLT-1056,Bagalkot,1
2026-10-17,FLT-1074,Bagalkot,1
2026-10-17,HYD-1012,Bagalkot,1
2026-10-17,HYD-1016,Bagalkot,1
2026-10-17,HYD-1024,Bagalkot,4
2026-10-17,HYD-1028,Bagalkot,2
2026-10-17,HYD-1051,Bagalkot,1
2026-10-17,HYD-1098,Bagalkot,1
2026-10-17,PMP-1043,Bagalkot,1
2026-10-17,PMP-1098,Bagalkot,1
2026-10-17,SEL-1042,Bagalkot,2
2026-10-17,SEL-1096,Bagalkot,1
2026-10-17,BLT-1073,Belgaum,3
2026-10-17,BLT-1080,Belgaum,1
2026-10-17,BRG-1018,Belgaum,1
2026-10-17,BRG-1058,Belgaum,2
2026-10-17,BRG-1064,Belgaum,1
2026-10-17,CLT-1004,Belgaum,3
2026-10-17,CLT-1021,Belgaum,1
2026-10-17,CLT-1074,Belgaum,3
2026-10-17,CLT-1081,Belgaum,2
2026-10-17,CLT-1099,Belgaum,2
2026-10-17,ELE-1000,Belgaum,1
2026-10-17,ELE-1023,Belgaum,2
2026-10-17,ELE-1039,Belgaum,1
2026-10-17,ELE-1079,Belgaum,1
2026-10-17,ELE-1092,Belgaum,1
2026-10-17,FLT-1009,Belgaum,1
2026-10-17,FLT-1022,Belgaum,1
2026-10-17,FLT-1037,Belgaum,2
2026-10-17,FLT-1079,Belgaum,1
2026-10-17,FLT-1086,Belgaum,3
2026-10-17,FLT-1098,Belgaum,1
2026-10-17,HYD-1012,Belgaum,1
2026-10-17,HYD-1016,Belgaum,3
2026-10-17,HYD-1024,Belgaum,1
2026-10-17,HYD-1074,Belgaum,1
2026-10-17,PMP-1056,Belgaum,1
2026-10-17,PMP-5012,Belgaum,1
2026-10-17,SEL-1002,Belgaum,3
2026-10-17,SEL-1008,Belgaum,2
2026-10-17,SEL-1085,Belgaum,1
2026-10-17,BLT-1032,Bijapur,2
2026-10-17,BLT-1035,Bijapur,2
2026-10-17,BLT-1047,Bijapur,1
2026-10-17,BLT-1098,Bijapur,2
2026-10-17,BLT-4105,Bijapur,1
2026-10-17,BRG-1000,Bijapur,1
2026-10-17,BRG-1037,Bijapur,1
2026-10-17,BRG-1064,Bijapur,3
2026-10-17,BRG-1075,Bijapur,2
2026-10-17,CLT-1016,Bijapur,1
2026-10-17,CLT-1053,Bijapur,1
2026-10-17,ELE-1000,Bijapur,1
2026-10-17,FLT-1001,Bijapur,1
2026-10-17,FLT-1009,Bijapur,1
2026-10-17,FLT-1016,Bijapur,3
2026-10-17,FLT-1045,Bijapur,1
2026-10-17,FLT-1053,Bijapur,3
2026-10-17,FLT-1063,Bijapur,1
2026-10-17,FLT-1079,Bijapur,2
2026-10-17,HYD-1016,Bijapur,1
2026-10-17,HYD-1024,Bijapur,1
2026-10-17,HYD-1042,Bijapur,3
2026-10-17,HYD-1063,Bijapur,1
2026-10-17,HYD-1098,Bijapur,1
2026-10-17,PMP-1009,Bijapur,2
2026-10-17,PMP-1023,Bijapur,2
2026-10-17,PMP-1032,Bijapur,2
2026-10-17,PMP-1091,Bijapur,1
2026-10-17,PMP-1098,Bijapur,1
2026-10-17,PMP-5012,Bijapur,3
2026-10-17,SEL-1002,Bijapur,1
2026-10-17,SEL-1037,Bijapur,2
2026-10-17,SEL-1042,Bijapur,3
2026-10-17,SEL-1052,Bijapur,2
2026-10-17,SEL-1068,Bijapur,1
2026-10-17,SEL-1085,Bijapur,1
2026-10-17,BLT-1003,Dharwad,1
2026-10-17,BLT-1032,Dharwad,1
2026-10-17,BLT-1035,Dharwad,1
2026-10-17,BLT-1047,Dharwad,1
2026-10-17,BLT-1053,Dharwad,2
2026-10-17,BLT-1087,Dharwad,1
2026-10-17,BLT-4105,Dharwad,2
2026-10-17,BRG-1000,Dharwad,1
2026-10-17,BRG-1025,Dharwad,3
2026-10-17,BRG-1081,Dharwad,1
2026-10-17,BRG-1086,Dharwad,1
2026-10-17,BRG-2207,Dharwad,2
2026-10-17,CLT-1004,Dharwad,1
2026-10-17,CLT-1021,Dharwad,1
2026-10-17,CLT-1057,Dharwad,2
2026-10-17,CLT-1068,Dharwad,1
2026-10-17,CLT-1081,Dharwad,1
2026-10-17,CLT-1089,Dharwad,2
2026-10-17,CLT-1092,Dharwad,2
2026-10-17,CLT-1099,Dharwad,1
2026-10-17,CLT-6120,Dharwad,1
2026-10-17,ELE-1018,Dharwad,1
2026-10-17,ELE-1051,Dharwad,1
2026-10-17,ELE-1086,Dharwad,1
2026-10-17,FLT-1016,Dharwad,3
2026-10-17,FLT-1022,Dharwad,1
2026-10-17,FLT-1037,Dharwad,1
2026-10-17,FLT-1045,Dharwad,1
2026-10-17,FLT-1053,Dharwad,2
2026-10-17,HYD-1024,Dharwad,2
2026-10-17,HYD-1038,Dharwad,2
2026-10-17,HYD-1063,Dharwad,1
2026-10-17,HYD-1095,Dharwad,2
2026-10-17,PMP-1009,Dharwad,4
2026-10-17,PMP-1023,Dharwad,1
2026-10-17,PMP-1032,Dharwad,2
2026-10-17,PMP-1043,Dharwad,1
2026-10-17,PMP-1063,Dharwad,2
2026-10-17,PMP-1091,Dharwad,1
2026-10-17,PMP-5012,Dharwad,1
2026-10-17,SEL-1014,Dharwad,1
2026-10-17,SEL-1037,Dharwad,1
2026-10-17,SEL-1068,Dharwad,1
2026-10-17,SEL-1096,Dharwad,1
2026-10-17,BLT-1026,Gokak,1
2026-10-17,BLT-1053,Gokak,2
2026-10-17,BLT-1087,Gokak,1
2026-10-17,BLT-1098,Gokak,2
2026-10-17,BRG-1064,Gokak,2
2026-10-17,BRG-1092,Gokak,3
2026-10-17,BRG-1099,Gokak,3
2026-10-17,CLT-1004,Gokak,1
2026-10-17,CLT-1007,Gokak,2
2026-10-17,CLT-1028,Gokak,1
2026-10-17,CLT-1044,Gokak,1
2026-10-17,CLT-1057,Gokak,1
2026-10-17,CLT-1074,Gokak,1
2026-10-17,CLT-6120,Gokak,1
2026-10-17,ELE-1000,Gokak,2
2026-10-17,ELE-1010,Gokak,1
2026-10-17,ELE-1018,Gokak,1
2026-10-17,ELE-1044,Gokak,1
2026-10-17,ELE-1073,Gokak,1
2026-10-17,ELE-1092,Gokak,1
2026-10-17,ELE-1100,Gokak,2
2026-10-17,FLT-1009,Gokak,2
2026-10-17,FLT-1021,Gokak,1
2026-10-17,FLT-1045,Gokak,2
2026-10-17,HYD-1016,Gokak,3
2026-10-17,HYD-1074,Gokak,1
2026-10-17,PMP-1009,Gokak,1
2026-10-17,PMP-1036,Gokak,1
2026-10-17,PMP-1052,Gokak,1
2026-10-17,PMP-1091,Gokak,1
2026-10-17,PMP-5012,Gokak,1
2026-10-17,SEL-1008,Gokak,1
2026-10-17,SEL-1029,Gokak,2
2026-10-17,SEL-1042,Gokak,1
2026-10-17,SEL-1068,Gokak,1
2026-10-17,SEL-1077,Gokak,1
2026-10-17,SEL-3310,Gokak,1
2026-10-17,BLT-1003,Hubli,1
2026-10-17,BLT-1016,Hubli,1
2026-10-17,BLT-1035,Hubli,1
2026-10-17,BLT-1080,Hubli,1
2026-10-17,BLT-4105,Hubli,1
2026-10-17,BRG-1025,Hubli,1
2026-10-17,BRG-1037,Hubli,1
2026-10-17,BRG-1064,Hubli,1
2026-10-17,BRG-1081,Hubli,4
2026-10-17,CLT-1007,Hubli,1
2026-10-17,CLT-1016,Hubli,2
2026-10-17,CLT-1021,Hubli,1
2026-10-17,CLT-1037,Hubli,2
2026-10-17,CLT-1068,Hubli,3
2026-10-17,ELE-1000,Hubli,1
2026-10-17,ELE-1039,Hubli,3
2026-10-17,ELE-1044,Hubli,1
2026-10-17,ELE-1073,Hubli,1
2026-10-17,ELE-1079,Hubli,1
2026-10-17,ELE-1092,Hubli,1
2026-10-17,FLT-1032,Hubli,2
2026-10-17,FLT-1045,Hubli,1
2026-10-17,FLT-1053,Hubli,1
2026-10-17,HYD-1028,Hubli,1
2026-10-17,PMP-1009,Hubli,1
2026-10-17,PMP-1023,Hubli,1
2026-10-17,PMP-1052,Hubli,3
2026-10-17,PMP-1091,Hubli,1
2026-10-17,PMP-1098,Hubli,1
2026-10-17,PMP-5012,Hubli,1
2026-10-17,SEL-1014,Hubli,3
2026-10-17,SEL-1042,Hubli,2
2026-10-17,SEL-1052,Hubli,1
2026-10-17,SEL-1068,Hubli,1
2026-10-17,SEL-1096,Hubli,1
2026-10-17,SEL-3310,Hubli,2
2026-10-18,BLT-1016,Bagalkot,1
2026-10-18,BLT-1035,Bagalkot,2
2026-10-18,BLT-1053,Bagalkot,1
2026-10-18,BLT-1061,Bagalkot,1
2026-10-18,BLT-1087,Bagalkot,1
2026-10-18,BLT-1093,Bagalkot,1
2026-10-18,BLT-4105,Bagalkot,1
2026-10-18,BRG-1018,Bagalkot,1
2026-10-18,BRG-1025,Bagalkot,3
2026-10-18,BRG-1064,Bagalkot,2
2026-10-18,BRG-1081,Bagalkot,1
2026-10-18,BRG-1086,Bagalkot,1
2026-10-18,CLT-1057,Bagalkot,1
2026-10-18,CLT-1068,Bagalkot,3
2026-10-18,CLT-1081,Bagalkot,1
2026-10-18,CLT-1099,Bagalkot,1
2026-10-18,ELE-1010,Bagalkot,1
2026-10-18,ELE-1018,Bagalkot,2
2026-10-18,ELE-1030,Bagalkot,1
2026-10-18,FLT-1009,Bagalkot,1
2026-10-18,FLT-1022,Bagalkot,1
2026-10-18,FLT-1032,Bagalkot,1
2026-10-18,FLT-1074,Bagalkot,1
2026-10-18,FLT-1093,Bagalkot,1
2026-10-18,FLT-1098,Bagalkot,1
2026-10-18,HYD-1016,Bagalkot,1
2026-10-18,HYD-1024,Bagalkot,1
2026-10-18,HYD-1028,Bagalkot,2
2026-10-18,HYD-1042,Bagalkot,2
2026-10-18,PMP-1002,Bagalkot,1
2026-10-18,PMP-1075,Bagalkot,1
2026-10-18,SEL-1029,Bagalkot,1
2026-10-18,SEL-1042,Bagalkot,1
2026-10-18,SEL-1068,Bagalkot,1
2026-10-18,SEL-1085,Bagalkot,2
2026-10-18,SEL-1096,Bagalkot,1
2026-10-18,BLT-1016,Belgaum,1
2026-10-18,BLT-1032,Belgaum,1
2026-10-18,BLT-1066,Belgaum,1
2026-10-18,BLT-1073,Belgaum,4
2026-10-18,BRG-1018,Belgaum,3
2026-10-18,BRG-1037,Belgaum,2
2026-10-18,BRG-1064,Belgaum,2
2026-10-18,CLT-1004,Belgaum,5
2026-10-18,CLT-1028,Belgaum,2
2026-10-18,CLT-1037,Belgaum,1
2026-10-18,CLT-1057,Belgaum,2
2026-10-18,CLT-1089,Belgaum,1
2026-10-18,CLT-1099,Belgaum,1
2026-10-18,ELE-1000,Belgaum,1
2026-10-18,ELE-1039,Belgaum,2
2026-10-18,ELE-1092,Belgaum,1
2026-10-18,FLT-1009,Belgaum,1
2026-10-18,FLT-1021,Belgaum,2
2026-10-18,FLT-1022,Belgaum,1
2026-10-18,FLT-1079,Belgaum,2
2026-10-18,FLT-1086,Belgaum,1
2026-10-18,HYD-1004,Belgaum,1
2026-10-18,HYD-1012,Belgaum,1
2026-10-18,HYD-1016,Belgaum,1
2026-10-18,HYD-1024,Belgaum,2
2026-10-18,HYD-1028,Belgaum,1
2026-10-18,HYD-1081,Belgaum,1
2026-10-18,HYD-1095,Belgaum,3
2026-10-18,PMP-1036,Belgaum,1
2026-10-18,PMP-1056,Belgaum,2
2026-10-18,PMP-1075,Belgaum,1
2026-10-18,SEL-1002,Belgaum,2
2026-10-18,SEL-1008,Belgaum,1
2026-10-18,SEL-1037,Belgaum,1
2026-10-18,SEL-1059,Belgaum,1
2026-10-18,SEL-1068,Belgaum,1
2026-10-18,SEL-1085,Belgaum,1
2026-10-18,SEL-3310,Belgaum,4
2026-10-18,BLT-1026,Bijapur,2
2026-10-18,BLT-1047,Bijapur,1
2026-10-18,BLT-1061,Bijapur,1
2026-10-18,BRG-1008,Bijapur,1
2026-10-18,BRG-1033,Bijapur,1
2026-10-18,BRG-1049,Bijapur,3
2026-10-18,BRG-1064,Bijapur,1
2026-10-18,CLT-1021,Bijapur,1
2026-10-18,CLT-1053,Bijapur,2
2026-10-18,CLT-1099,Bijapur,1
2026-10-18,CLT-6120,Bijapur,1
2026-10-18,FLT-1001,Bijapur,3
2026-10-18,FLT-1037,Bijapur,2
2026-10-18,FLT-1053,Bijapur,2
2026-10-18,FLT-1056,Bijapur,1
2026-10-18,FLT-1086,Bijapur,1
2026-10-18,FLT-1093,Bijapur,1
2026-10-18,HYD-1024,Bijapur,1
2026-10-18,HYD-1042,Bijapur,3
2026-10-18,HYD-1063,Bijapur,1
2026-10-18,HYD-1098,Bijapur,1
2026-10-18,PMP-1009,Bijapur,2
2026-10-18,PMP-1023,Bijapur,1
2026-10-18,PMP-1089,Bijapur,2
2026-10-18,PMP-1098,Bijapur,1
2026-10-18,PMP-5012,Bijapur,1
2026-10-18,SEL-1037,Bijapur,2
2026-10-18,SEL-1042,Bijapur,1
2026-10-18,SEL-1068,Bijapur,1
2026-10-18,SEL-1096,Bijapur,1
2026-10-18,BLT-1003,Dharwad,1
2026-10-18,BLT-1047,Dharwad,1
2026-10-18,BLT-1073,Dharwad,1
2026-10-18,BLT-1080,Dharwad,1
2026-10-18,BRG-1000,Dharwad,2
2026-10-18,BRG-1018,Dharwad,1
2026-10-18,BRG-1025,Dharwad,2
2026-10-18,BRG-1081,Dharwad,1
2026-10-18,BRG-1086,Dharwad,1
2026-10-18,BRG-1092,Dharwad,1
2026-10-18,CLT-1021,Dharwad,2
2026-10-18,CLT-1057,Dharwad,4
2026-10-18,CLT-1068,Dharwad,1
2026-10-18,CLT-1092,Dharwad,2
2026-10-18,ELE-1000,Dharwad,1
2026-10-18,ELE-1051,Dharwad,1
2026-10-18,ELE-1073,Dharwad,1
2026-10-18,ELE-1100,Dharwad,1
2026-10-18,FLT-1022,Dharwad,2
2026-10-18,FLT-1037,Dharwad,1
2026-10-18,FLT-1053,Dharwad,1
2026-10-18,FLT-1093,Dharwad,1
2026-10-18,HYD-1004,Dharwad,3
2026-10-18,HYD-1038,Dharwad,1
2026-10-18,HYD-1081,Dharwad,1
2026-10-18,HYD-1095,Dharwad,1
2026-10-18,PMP-1002,Dharwad,1
2026-10-18,PMP-1009,Dharwad,4
2026-10-18,PMP-1023,Dharwad,2
2026-10-18,PMP-1032,Dharwad,1
2026-10-18,PMP-1056,Dharwad,2
2026-10-18,PMP-1079,Dharwad,1
2026-10-18,PMP-1091,Dharwad,1
2026-10-18,PMP-5012,Dharwad,1
2026-10-18,SEL-1002,Dharwad,1
2026-10-18,SEL-1014,Dharwad,2
2026-10-18,SEL-1037,Dharwad,2
2026-10-18,SEL-1042,Dharwad,1
2026-10-18,SEL-3310,Dharwad,1
2026-10-18,BLT-1087,Gokak,1
2026-10-18,BLT-1093,Gokak,2
2026-10-18,BLT-1098,Gokak,1
2026-10-18,BLT-4105,Gokak,2
2026-10-18,BRG-1033,Gokak,1
2026-10-18,BRG-1049,Gokak,1
2026-10-18,BRG-1064,Gokak,1
2026-10-18,BRG-1099,Gokak,2
2026-10-18,CLT-1007,Gokak,2
2026-10-18,CLT-1016,Gokak,2
2026-10-18,CLT-1028,Gokak,1
2026-10-18,CLT-1044,Gokak,1
2026-10-18,CLT-1099,Gokak,1
2026-10-18,ELE-1000,Gokak,1
2026-10-18,ELE-1010,Gokak,5
2026-10-18,ELE-1030,Gokak,1
2026-10-18,FLT-1021,Gokak,2
2026-10-18,FLT-1032,Gokak,1
2026-10-18,FLT-1037,Gokak,2
2026-10-18,FLT-1045,Gokak,1
2026-10-18,FLT-1056,Gokak,1
2026-10-18,FLT-1098,Gokak,1
2026-10-18,HYD-1028,Gokak,1
2026-10-18,HYD-1074,Gokak,1
2026-10-18,HYD-1089,Gokak,1
2026-10-18,PMP-1009,Gokak,1
2026-10-18,PMP-1023,Gokak,1
2026-10-18,PMP-1052,Gokak,2
2026-10-18,PMP-1079,Gokak,2
2026-10-18,SEL-1008,Gokak,1
2026-10-18,SEL-1024,Gokak,1
2026-10-18,SEL-1029,Gokak,1
2026-10-18,SEL-1042,Gokak,2
2026-10-18,SEL-1068,Gokak,1
2026-10-18,SEL-1077,Gokak,2
2026-10-18,SEL-1085,Gokak,1
2026-10-18,SEL-1096,Gokak,1
2026-10-18,BLT-1003,Hubli,3
2026-10-18,BLT-1016,Hubli,1
2026-10-18,BLT-4105,Hubli,1
2026-10-18,BRG-1037,Hubli,1
2026-10-18,BRG-1081,Hubli,3
2026-10-18,CLT-1057,Hubli,2
2026-10-18,CLT-1068,Hubli,1
2026-10-18,CLT-1099,Hubli,2
2026-10-18,ELE-1000,Hubli,1
2026-10-18,ELE-1010,Hubli,5
2026-10-18,ELE-1086,Hubli,2
2026-10-18,FLT-1009,Hubli,1
2026-10-18,FLT-1037,Hubli,1
2026-10-18,FLT-1056,Hubli,1
2026-10-18,FLT-1063,Hubli,1
2026-10-18,FLT-1074,Hubli,1
2026-10-18,HYD-1012,Hubli,1
2026-10-18,HYD-1024,Hubli,1
2026-10-18,HYD-1095,Hubli,2
2026-10-18,HYD-1098,Hubli,1
2026-10-18,PMP-1023,Hubli,2
2026-10-18,PMP-1032,Hubli,1
2026-10-18,PMP-1052,Hubli,1
2026-10-18,PMP-1056,Hubli,1
2026-10-18,PMP-1079,Hubli,1
2026-10-18,PMP-1089,Hubli,1
2026-10-18,PMP-1091,Hubli,1
2026-10-18,SEL-1014,Hubli,1
2026-10-18,SEL-1037,Hubli,3
2026-10-18,SEL-1042,Hubli,1
2026-10-18,SEL-1068,Hubli,2
2026-10-18,SEL-1070,Hubli,1
2026-10-18,SEL-3310,Hubli,1
2026-10-19,BLT-1012,Bagalkot,1
2026-10-19,BLT-1016,Bagalkot,3
2026-10-19,BLT-1035,Bagalkot,2
2026-10-19,BLT-1061,Bagalkot,1
2026-10-19,BLT-1080,Bagalkot,1
2026-10-19,BLT-1093,Bagalkot,2
2026-10-19,BLT-1098,Bagalkot,1
2026-10-19,BLT-4105,Bagalkot,1
2026-10-19,BRG-1033,Bagalkot,1
2026-10-19,BRG-1081,Bagalkot,1
2026-10-19,CLT-1004,Bagalkot,1
2026-10-19,CLT-1007,Bagalkot,1
2026-10-19,CLT-1044,Bagalkot,1
2026-10-19,CLT-1057,Bagalkot,1
2026-10-19,CLT-1081,Bagalkot,1
2026-10-19,ELE-1010,Bagalkot,2
2026-10-19,ELE-1018,Bagalkot,3
2026-10-19,FLT-1001,Bagalkot,1
2026-10-19,FLT-1009,Bagalkot,1
2026-10-19,FLT-1021,Bagalkot,1
2026-10-19,FLT-1022,Bagalkot,1
2026-10-19,FLT-1032,Bagalkot,1
2026-10-19,FLT-1056,Bagalkot,3
2026-10-19,FLT-1063,Bagalkot,3
2026-10-19,FLT-1074,Bagalkot,3
2026-10-19,FLT-1093,Bagalkot,1
2026-10-19,HYD-1016,Bagalkot,1
2026-10-19,HYD-1024,Bagalkot,2
2026-10-19,HYD-1028,Bagalkot,2
2026-10-19,HYD-1042,Bagalkot,2
2026-10-19,HYD-1074,Bagalkot,1
2026-10-19,PMP-1009,Bagalkot,1
2026-10-19,PMP-1036,Bagalkot,1
2026-10-19,PMP-1043,Bagalkot,1
2026-10-19,PMP-1089,Bagalkot,1
2026-10-19,PMP-5012,Bagalkot,2
2026-10-19,SEL-1052,Bagalkot,1
2026-10-19,SEL-1085,Bagalkot,2
2026-10-19,BLT-1032,Belgaum,1
2026-10-19,BLT-1035,Belgaum,1
2026-10-19,BLT-1073,Belgaum,2
2026-10-19,BLT-1080,Belgaum,1
2026-10-19,BLT-1087,Belgaum,3
2026-10-19,BLT-1093,Belgaum,1
2026-10-19,BRG-1000,Belgaum,1
2026-10-19,BRG-1018,Belgaum,2
2026-10-19,BRG-1064,Belgaum,1
2026-10-19,CLT-1004,Belgaum,2
2026-10-19,CLT-1053,Belgaum,2
2026-10-19,CLT-1057,Belgaum,2
2026-10-19,CLT-1081,Belgaum,1
2026-10-19,CLT-1089,Belgaum,2
2026-10-19,CLT-1092,Belgaum,1
2026-10-19,ELE-1023,Belgaum,2
2026-10-19,ELE-1092,Belgaum,1
2026-10-19,FLT-1021,Belgaum,2
2026-10-19,FLT-1045,Belgaum,1
2026-10-19,FLT-1079,Belgaum,1
2026-10-19,FLT-1086,Belgaum,3
2026-10-19,HYD-1004,Belgaum,2
2026-10-19,HYD-1016,Belgaum,1
2026-10-19,HYD-1042,Belgaum,1
2026-10-19,HYD-1074,Belgaum,1
2026-10-19,HYD-1081,Belgaum,1
2026-10-19,HYD-1095,Belgaum,1
2026-10-19,PMP-1043,Belgaum,1
2026-10-19,PMP-1056,Belgaum,1
2026-10-19,PMP-1091,Belgaum,2
2026-10-19,PMP-5012,Belgaum,2
2026-10-19,SEL-1002,Belgaum,2
2026-10-19,SEL-1008,Belgaum,1
2026-10-19,SEL-1024,Belgaum,1
2026-10-19,SEL-1029,Belgaum,1
2026-10-19,SEL-1037,Belgaum,1
2026-10-19,SEL-1085,Belgaum,1
2026-10-19,SEL-3310,Belgaum,1
2026-10-19,BLT-1026,Bijapur,2
2026-10-19,BLT-1032,Bijapur,2
2026-10-19,BLT-1035,Bijapur,2
2026-10-19,BLT-1093,Bijapur,2
2026-10-19,BRG-1025,Bijapur,1
2026-10-19,BRG-1045,Bijapur,1
2026-10-19,BRG-1064,Bijapur,3
2026-10-19,BRG-1075,Bijapur,2
2026-10-19,CLT-1021,Bijapur,1
2026-10-19,CLT-1044,Bijapur,1
2026-10-19,CLT-1089,Bijapur,1
2026-10-19,CLT-1099,Bijapur,2
2026-10-19,ELE-1000,Bijapur,1
2026-10-19,FLT-1001,Bijapur,2
2026-10-19,FLT-1009,Bijapur,2
2026-10-19,FLT-1016,Bijapur,2
2026-10-19,FLT-1079,Bijapur,1
2026-10-19,HYD-1024,Bijapur,2
2026-10-19,HYD-1028,Bijapur,1
2026-10-19,HYD-1042,Bijapur,2
2026-10-19,HYD-1063,Bijapur,2
2026-10-19,PMP-1089,Bijapur,1
2026-10-19,PMP-1091,Bijapur,1
2026-10-19,PMP-5012,Bijapur,3
2026-10-19,SEL-1042,Bijapur,2
2026-10-19,SEL-1068,Bijapur,1
2026-10-19,BLT-1035,Dharwad,1
2026-10-19,BLT-1047,Dharwad,1
2026-10-19,BLT-1053,Dharwad,1
2026-10-19,BLT-4105,Dharwad,1
2026-10-19,BRG-1025,Dharwad,2
2026-10-19,BRG-1075,Dharwad,1
2026-10-19,BRG-2207,Dharwad,1
2026-10-19,CLT-1021,Dharwad,1
2026-10-19,CLT-1057,Dharwad,1
2026-10-19,CLT-1068,Dharwad,2
2026-10-19,CLT-1081,Dharwad,1
2026-10-19,CLT-1089,Dharwad,1
2026-10-19,CLT-1092,Dharwad,1
2026-10-19,ELE-1000,Dharwad,1
2026-10-19,ELE-1010,Dharwad,1
2026-10-19,ELE-1100,Dharwad,1
2026-10-19,FLT-1016,Dharwad,1
2026-10-19,FLT-1022,Dharwad,1
2026-10-19,FLT-1053,Dharwad,1
2026-10-19,FLT-1093,Dharwad,1
2026-10-19,HYD-1004,Dharwad,1
2026-10-19,HYD-1024,Dharwad,2
2026-10-19,HYD-1038,Dharwad,3
2026-10-19,HYD-1051,Dharwad,2
2026-10-19,HYD-1095,Dharwad,3
2026-10-19,PMP-1002,Dharwad,1
2026-10-19,PMP-1009,Dharwad,3
2026-10-19,PMP-1023,Dharwad,1
2026-10-19,PMP-1036,Dharwad,2
2026-10-19,PMP-1043,Dharwad,1
2026-10-19,PMP-1063,Dharwad,2
2026-10-19,PMP-1089,Dharwad,1
2026-10-19,PMP-1091,Dharwad,1
2026-10-19,PMP-5012,Dharwad,2
2026-10-19,SEL-1002,Dharwad,1
2026-10-19,SEL-1042,Dharwad,1
2026-10-19,SEL-3310,Dharwad,1
2026-10-19,BLT-1003,Gokak,1
2026-10-19,BLT-1012,Gokak,3
2026-10-19,BLT-1032,Gokak,4
2026-10-19,BLT-1053,Gokak,3
2026-10-19,BLT-1087,Gokak,4
2026-10-19,BLT-1098,Gokak,1
2026-10-19,BRG-1008,Gokak,1
2026-10-19,BRG-1064,Gokak,1
2026-10-19,BRG-1092,Gokak,2
2026-10-19,CLT-1004,Gokak,1
2026-10-19,CLT-1007,Gokak,1
2026-10-19,CLT-1016,Gokak,1
2026-10-19,CLT-1074,Gokak,1
2026-10-19,ELE-1000,Gokak,1
2026-10-19,ELE-1010,Gokak,4
2026-10-19,ELE-1018,Gokak,1
2026-10-19,ELE-1044,Gokak,1
2026-10-19,FLT-1021,Gokak,3
2026-10-19,FLT-1045,Gokak,2
2026-10-19,FLT-1056,Gokak,1
2026-10-19,FLT-1086,Gokak,1
2026-10-19,FLT-1098,Gokak,2
2026-10-19,HYD-1004,Gokak,1
2026-10-19,HYD-1012,Gokak,1
2026-10-19,HYD-1016,Gokak,2
2026-10-19,HYD-1028,Gokak,2
2026-10-19,HYD-1074,Gokak,1
2026-10-19,HYD-1089,Gokak,2
2026-10-19,PMP-5012,Gokak,1
2026-10-19,SEL-1024,Gokak,2
2026-10-19,SEL-1029,Gokak,1
2026-10-19,SEL-1096,Gokak,1
2026-10-19,BLT-1003,Hubli,2
2026-10-19,BLT-1016,Hubli,1
2026-10-19,BLT-1053,Hubli,1
2026-10-19,BLT-1080,Hubli,1
2026-10-19,BLT-4105,Hubli,3
2026-10-19,BRG-1037,Hubli,1
2026-10-19,BRG-1064,Hubli,1
2026-10-19,BRG-1081,Hubli,2
2026-10-19,CLT-1007,Hubli,1
2026-10-19,CLT-1016,Hubli,1
2026-10-19,CLT-1037,Hubli,2
2026-10-19,CLT-1057,Hubli,1
2026-10-19,CLT-1068,Hubli,1
2026-10-19,CLT-1089,Hubli,1
2026-10-19,CLT-1099,Hubli,2
2026-10-19,ELE-1010,Hubli,2
2026-10-19,ELE-1030,Hubli,1
2026-10-19,ELE-1067,Hubli,1
2026-10-19,FLT-1053,Hubli,1
2026-10-19,HYD-1012,Hubli,1
2026-10-19,HYD-1016,Hubli,1
2026-10-19,PMP-1023,Hubli,2
2026-10-19,PMP-1032,Hubli,1
2026-10-19,PMP-1052,Hubli,2
2026-10-19,PMP-1063,Hubli,1
2026-10-19,PMP-1089,Hubli,1
2026-10-19,SEL-1002,Hubli,1
2026-10-19,SEL-1070,Hubli,1
2026-10-19,SEL-1077,Hubli,1
2026-10-19,SEL-1096,Hubli,1
2026-10-19,SEL-3310,Hubli,2
2026-10-20,BLT-1016,Bagalkot,1
2026-10-20,BLT-1035,Bagalkot,1
2026-10-20,BLT-1053,Bagalkot,1
2026-10-20,BLT-1080,Bagalkot,1
2026-10-20,BLT-1093,Bagalkot,2
2026-10-20,BLT-4105,Bagalkot,1
2026-10-20,BRG-1025,Bagalkot,1
2026-10-20,BRG-1037,Bagalkot,1
2026-10-20,BRG-1092,Bagalkot,2
2026-10-20,CLT-1044,Bagalkot,2
2026-10-20,CLT-1099,Bagalkot,1
2026-10-20,ELE-1000,Bagalkot,1
2026-10-20,ELE-1010,Bagalkot,1
2026-10-20,ELE-1018,Bagalkot,2
2026-10-20,ELE-1030,Bagalkot,1
2026-10-20,ELE-1079,Bagalkot,1
2026-10-20,FLT-1021,Bagalkot,1
2026-10-20,FLT-1032,Bagalkot,1
2026-10-20,FLT-1056,Bagalkot,1
2026-10-20,FLT-1074,Bagalkot,2
2026-10-20,FLT-1079,Bagalkot,1
2026-10-20,FLT-1093,Bagalkot,1
2026-10-20,HYD-1012,Bagalkot,1
2026-10-20,HYD-1016,Bagalkot,2
2026-10-20,HYD-1024,Bagalkot,3
2026-10-20,HYD-1028,Bagalkot,3
2026-10-20,HYD-1042,Bagalkot,2
2026-10-20,HYD-1074,Bagalkot,1
2026-10-20,HYD-1095,Bagalkot,1
2026-10-20,HYD-1098,Bagalkot,1
2026-10-20,PMP-1002,Bagalkot,1
2026-10-20,PMP-1052,Bagalkot,1
2026-10-20,PMP-1098,Bagalkot,1
2026-10-20,SEL-1068,Bagalkot,2
2026-10-20,SEL-1085,Bagalkot,3
2026-10-20,SEL-1098,Bagalkot,2
2026-10-20,BLT-1016,Belgaum,1
2026-10-20,BLT-1073,Belgaum,2
2026-10-20,BLT-1080,Belgaum,1
2026-10-20,BRG-1018,Belgaum,1
2026-10-20,BRG-1058,Belgaum,1
2026-10-20,BRG-1075,Belgaum,1
2026-10-20,BRG-1086,Belgaum,3
2026-10-20,CLT-1028,Belgaum,1
2026-10-20,CLT-1053,Belgaum,2
2026-10-20,CLT-1057,Belgaum,2
2026-10-20,CLT-1081,Belgaum,1
2026-10-20,CLT-1099,Belgaum,2
2026-10-20,ELE-1023,Belgaum,1
2026-10-20,ELE-1030,Belgaum,1
2026-10-20,ELE-1039,Belgaum,1
2026-10-20,ELE-1100,Belgaum,1
2026-10-20,FLT-1009,Belgaum,1
2026-10-20,FLT-1021,Belgaum,2
2026-10-20,FLT-1022,Belgaum,2
2026-10-20,FLT-1045,Belgaum,2
2026-10-20,FLT-1056,Belgaum,1
2026-10-20,FLT-1079,Belgaum,1
2026-10-20,FLT-1086,Belgaum,2
2026-10-20,HYD-1012,Belgaum,2
2026-10-20,HYD-1016,Belgaum,2
2026-10-20,HYD-1038,Belgaum,1
2026-10-20,HYD-1042,Belgaum,1
2026-10-20,HYD-1074,Belgaum,1
2026-10-20,HYD-1095,Belgaum,1
2026-10-20,PMP-1056,Belgaum,2
2026-10-20,PMP-1075,Belgaum,1
2026-10-20,PMP-5012,Belgaum,2
2026-10-20,SEL-1002,Belgaum,3
2026-10-20,SEL-1037,Belgaum,2
2026-10-20,SEL-1059,Belgaum,1
2026-10-20,SEL-1068,Belgaum,2
2026-10-20,SEL-3310,Belgaum,2
2026-10-20,BLT-1032,Bijapur,2
2026-10-20,BLT-1053,Bijapur,1
2026-10-20,BLT-1066,Bijapur,1
2026-10-20,BLT-1093,Bijapur,2
2026-10-20,BRG-1000,Bijapur,2
2026-10-20,BRG-1064,Bijapur,1
2026-10-20,BRG-1075,Bijapur,1
2026-10-20,CLT-1007,Bijapur,3
2026-10-20,CLT-1021,Bijapur,3
2026-10-20,CLT-6120,Bijapur,1
2026-10-20,FLT-1001,Bijapur,2
2026-10-20,FLT-1009,Bijapur,3
2026-10-20,FLT-1016,Bijapur,2
2026-10-20,FLT-1074,Bijapur,2
2026-10-20,FLT-1098,Bijapur,1
2026-10-20,HYD-1004,Bijapur,1
2026-10-20,HYD-1016,Bijapur,2
2026-10-20,HYD-1028,Bijapur,1
2026-10-20,HYD-1042,Bijapur,3
2026-10-20,HYD-1074,Bijapur,1
2026-10-20,HYD-1098,Bijapur,1
2026-10-20,PMP-1009,Bijapur,1
2026-10-20,PMP-1023,Bijapur,2
2026-10-20,PMP-1063,Bijapur,1
2026-10-20,PMP-1075,Bijapur,1
2026-10-20,PMP-1089,Bijapur,2
2026-10-20,PMP-5012,Bijapur,2
2026-10-20,SEL-1037,Bijapur,1
2026-10-20,SEL-1042,Bijapur,1
2026-10-20,SEL-1068,Bijapur,2
2026-10-20,SEL-1096,Bijapur,1
2026-10-20,BLT-1032,Dharwad,1
2026-10-20,BLT-1047,Dharwad,1
2026-10-20,BLT-1053,Dharwad,2
2026-10-20,BLT-1080,Dharwad,2
2026-10-20,BRG-1000,Dharwad,2
2026-10-20,BRG-1008,Dharwad,3
2026-10-20,BRG-1018,Dharwad,1
2026-10-20,BRG-1025,Dharwad,3
2026-10-20,BRG-1058,Dharwad,1
2026-10-20,BRG-1075,Dharwad,2
2026-10-20,BRG-1081,Dharwad,4
2026-10-20,BRG-1092,Dharwad,1
2026-10-20,CLT-1028,Dharwad,3
2026-10-20,CLT-1037,Dharwad,1
2026-10-20,CLT-1089,Dharwad,1
2026-10-20,ELE-1000,Dharwad,1
2026-10-20,ELE-1051,Dharwad,1
2026-10-20,ELE-1086,Dharwad,1
2026-10-20,ELE-1100,Dharwad,3
2026-10-20,FLT-1021,Dharwad,3
2026-10-20,FLT-1053,Dharwad,2
2026-10-20,FLT-1093,Dharwad,1
2026-10-20,HYD-1024,Dharwad,1
2026-10-20,HYD-1051,Dharwad,1
2026-10-20,HYD-1074,Dharwad,1
2026-10-20,HYD-1081,Dharwad,1
2026-10-20,HYD-1095,Dharwad,1
2026-10-20,PMP-1002,Dharwad,1
2026-10-20,PMP-1032,Dharwad,1
2026-10-20,PMP-1036,Dharwad,2
2026-10-20,PMP-1056,Dharwad,2
2026-10-20,PMP-1079,Dharwad,1
2026-10-20,PMP-5012,Dharwad,1
2026-10-20,SEL-1068,Dharwad,1
2026-10-20,SEL-1085,Dharwad,1
2026-10-20,BLT-1026,Gokak,1
2026-10-20,BLT-1053,Gokak,2
2026-10-20,BLT-1087,Gokak,3
2026-10-20,BLT-1098,Gokak,1
2026-10-20,BRG-1086,Gokak,1
2026-10-20,BRG-1092,Gokak,1
2026-10-20,BRG-1099,Gokak,5
2026-10-20,CLT-1044,Gokak,2
2026-10-20,CLT-1057,Gokak,1
2026-10-20,CLT-1074,Gokak,1
2026-10-20,CLT-1099,Gokak,4
2026-10-20,CLT-6120,Gokak,2
2026-10-20,ELE-1000,Gokak,1
2026-10-20,ELE-1010,Gokak,3
2026-10-20,ELE-1051,Gokak,1
2026-10-20,ELE-1100,Gokak,4
2026-10-20,FLT-1021,Gokak,3
2026-10-20,FLT-1045,Gokak,1
2026-10-20,FLT-1056,Gokak,1
2026-10-20,HYD-1004,Gokak,1
2026-10-20,HYD-1074,Gokak,1
2026-10-20,HYD-1089,Gokak,2
2026-10-20,PMP-1052,Gokak,1
2026-10-20,PMP-1079,Gokak,1
2026-10-20,SEL-1029,Gokak,1
2026-10-20,SEL-1042,Gokak,1
2026-10-20,SEL-1096,Gokak,1
2026-10-20,BLT-1016,Hubli,1
2026-10-20,BLT-1032,Hubli,1
2026-10-20,BLT-1053,Hubli,1
2026-10-20,BLT-4105,Hubli,1
2026-10-20,BRG-1037,Hubli,4
2026-10-20,BRG-1045,Hubli,2
2026-10-20,BRG-1049,Hubli,1
2026-10-20,BRG-1081,Hubli,2
2026-10-20,CLT-1007,Hubli,2
2026-10-20,CLT-1016,Hubli,2
2026-10-20,CLT-1057,Hubli,1
2026-10-20,CLT-1068,Hubli,1
2026-10-20,CLT-1099,Hubli,1
2026-10-20,ELE-1010,Hubli,1
2026-10-20,ELE-1044,Hubli,1
2026-10-20,ELE-1057,Hubli,1
2026-10-20,ELE-1079,Hubli,1
2026-10-20,ELE-1092,Hubli,1
2026-10-20,ELE-1100,Hubli,1
2026-10-20,FLT-1032,Hubli,3
2026-10-20,FLT-1037,Hubli,1
2026-10-20,FLT-1045,Hubli,1
2026-10-20,FLT-1056,Hubli,1
2026-10-20,FLT-1074,Hubli,1
2026-10-20,FLT-1098,Hubli,1
2026-10-20,HYD-1016,Hubli,1
2026-10-20,HYD-1098,Hubli,1
2026-10-20,PMP-1023,Hubli,3
2026-10-20,PMP-1052,Hubli,1
2026-10-20,PMP-1091,Hubli,2
2026-10-20,SEL-1008,Hubli,1
2026-10-20,SEL-1014,Hubli,1
2026-10-20,SEL-1037,Hubli,3
2026-10-20,SEL-1042,Hubli,1
2026-10-20,SEL-1070,Hubli,2
2026-10-20,SEL-3310,Hubli,3
2026-10-21,BLT-1012,Bagalkot,2
2026-10-21,BLT-1032,Bagalkot,1
2026-10-21,BLT-1035,Bagalkot,4
2026-10-21,BLT-1053,Bagalkot,1
2026-10-21,BLT-1061,Bagalkot,1
2026-10-21,BLT-1066,Bagalkot,1
2026-10-21,BLT-1093,Bagalkot,1
2026-10-21,BRG-1008,Bagalkot,1
2026-10-21,BRG-1058,Bagalkot,1
2026-10-21,BRG-1064,Bagalkot,1
2026-10-21,CLT-1004,Bagalkot,1
2026-10-21,CLT-1007,Bagalkot,3
2026-10-21,CLT-1068,Bagalkot,1
2026-10-21,CLT-1081,Bagalkot,1
2026-10-21,CLT-6120,Bagalkot,1
2026-10-21,ELE-1010,Bagalkot,2
2026-10-21,ELE-1018,Bagalkot,3
2026-10-21,ELE-1030,Bagalkot,1
2026-10-21,ELE-1086,Bagalkot,1
2026-10-21,FLT-1063,Bagalkot,1
2026-10-21,FLT-1074,Bagalkot,4
2026-10-21,FLT-1079,Bagalkot,1
2026-10-21,FLT-1086,Bagalkot,2
2026-10-21,FLT-1098,Bagalkot,1
2026-10-21,HYD-1012,Bagalkot,1
2026-10-21,HYD-1024,Bagalkot,4
2026-10-21,HYD-1028,Bagalkot,2
2026-10-21,HYD-1042,Bagalkot,2
2026-10-21,SEL-1042,Bagalkot,2
2026-10-21,SEL-1085,Bagalkot,1
2026-10-21,SEL-1098,Bagalkot,1
2026-10-21,BLT-1016,Belgaum,1
2026-10-21,BLT-1032,Belgaum,2
2026-10-21,BLT-1035,Belgaum,1
2026-10-21,BLT-1073,Belgaum,1
2026-10-21,BRG-1018,Belgaum,1
2026-10-21,BRG-1058,Belgaum,1
2026-10-21,BRG-1064,Belgaum,1
2026-10-21,BRG-1099,Belgaum,3
2026-10-21,CLT-1004,Belgaum,2
2026-10-21,CLT-1007,Belgaum,1
2026-10-21,CLT-1037,Belgaum,1
2026-10-21,CLT-1092,Belgaum,1
2026-10-21,CLT-1099,Belgaum,1
2026-10-21,ELE-1044,Belgaum,1
2026-10-21,ELE-1100,Belgaum,1
2026-10-21,FLT-1016,Belgaum,1
2026-10-21,FLT-1021,Belgaum,1
2026-10-21,FLT-1053,Belgaum,1
2026-10-21,FLT-1086,Belgaum,1
2026-10-21,HYD-1004,Belgaum,2
2026-10-21,HYD-1012,Belgaum,1
2026-10-21,HYD-1042,Belgaum,1
2026-10-21,HYD-1074,Belgaum,1
2026-10-21,HYD-1095,Belgaum,2
2026-10-21,PMP-5012,Belgaum,4
2026-10-21,SEL-1029,Belgaum,1
2026-10-21,SEL-1037,Belgaum,2
2026-10-21,SEL-1085,Belgaum,3
2026-10-21,SEL-3310,Belgaum,2
2026-10-21,BLT-1012,Bijapur,1
2026-10-21,BLT-1026,Bijapur,2
2026-10-21,BLT-1032,Bijapur,1
2026-10-21,BLT-1035,Bijapur,3
2026-10-21,BLT-1093,Bijapur,1
2026-10-21,BLT-4105,Bijapur,2
2026-10-21,BRG-1049,Bijapur,1
2026-10-21,BRG-1075,Bijapur,2
2026-10-21,BRG-1092,Bijapur,1
2026-10-21,CLT-1004,Bijapur,1
2026-10-21,CLT-1089,Bijapur,2
2026-10-21,ELE-1000,Bijapur,2
2026-10-21,ELE-1023,Bijapur,2
2026-10-21,FLT-1009,Bijapur,1
2026-10-21,FLT-1037,Bijapur,2
2026-10-21,FLT-1074,Bijapur,1
2026-10-21,HYD-1024,Bijapur,3
2026-10-21,HYD-1042,Bijapur,4
2026-10-21,HYD-1074,Bijapur,1
2026-10-21,PMP-1009,Bijapur,1
2026-10-21,PMP-1023,Bijapur,1
2026-10-21,PMP-1075,Bijapur,1
2026-10-21,PMP-1091,Bijapur,1
2026-10-21,SEL-1014,Bijapur,1
2026-10-21,SEL-1037,Bijapur,2
2026-10-21,SEL-1068,Bijapur,2
2026-10-21,SEL-1085,Bijapur,1
2026-10-21,SEL-1096,Bijapur,1
2026-10-21,BLT-1003,Dharwad,3
2026-10-21,BLT-1035,Dharwad,1
2026-10-21,BLT-1087,Dharwad,1
2026-10-21,BRG-1000,Dharwad,1
2026-10-21,BRG-1008,Dharwad,1
2026-10-21,BRG-1025,Dharwad,3
2026-10-21,BRG-1058,Dharwad,2
2026-10-21,BRG-1064,Dharwad,1
2026-10-21,BRG-1092,Dharwad,2
2026-10-21,CLT-1007,Dharwad,1
2026-10-21,CLT-1028,Dharwad,2
2026-10-21,CLT-1057,Dharwad,1
2026-10-21,CLT-1068,Dharwad,1
2026-10-21,CLT-1081,Dharwad,1
2026-10-21,CLT-1089,Dharwad,1
2026-10-21,CLT-1092,Dharwad,2
2026-10-21,ELE-1018,Dharwad,1
2026-10-21,ELE-1044,Dharwad,1
2026-10-21,ELE-1051,Dharwad,1
2026-10-21,ELE-1086,Dharwad,1
2026-10-21,FLT-1001,Dharwad,1
2026-10-21,FLT-1016,Dharwad,3
2026-10-21,FLT-1022,Dharwad,1
2026-10-21,FLT-1037,Dharwad,1
2026-10-21,FLT-1056,Dharwad,1
2026-10-21,HYD-1004,Dharwad,1
2026-10-21,HYD-1038,Dharwad,2
2026-10-21,HYD-1042,Dharwad,1
2026-10-21,HYD-1051,Dharwad,1
2026-10-21,HYD-1063,Dharwad,1
2026-10-21,HYD-1095,Dharwad,1
2026-10-21,PMP-1002,Dharwad,2
2026-10-21,PMP-1009,Dharwad,1
2026-10-21,PMP-1032,Dharwad,1
2026-10-21,PMP-1036,Dharwad,2
2026-10-21,PMP-1043,Dharwad,1
2026-10-21,PMP-1056,Dharwad,1
2026-10-21,PMP-1063,Dharwad,2
2026-10-21,PMP-5012,Dharwad,1
2026-10-21,SEL-1002,Dharwad,2
2026-10-21,SEL-1068,Dharwad,1
2026-10-21,SEL-1096,Dharwad,1
2026-10-21,BLT-1012,Gokak,1
2026-10-21,BLT-1026,Gokak,2
2026-10-21,BLT-1032,Gokak,1
2026-10-21,BLT-1053,Gokak,1
2026-10-21,BLT-1087,Gokak,1
2026-10-21,BLT-1093,Gokak,1
2026-10-21,BLT-1098,Gokak,1
2026-10-21,BLT-4105,Gokak,1
2026-10-21,BRG-1064,Gokak,1
2026-10-21,BRG-1086,Gokak,1
2026-10-21,BRG-1099,Gokak,1
2026-10-21,CLT-1007,Gokak,1
2026-10-21,CLT-1074,Gokak,1
2026-10-21,CLT-1089,Gokak,1
2026-10-21,CLT-1099,Gokak,1
2026-10-21,CLT-6120,Gokak,1
2026-10-21,ELE-1000,Gokak,3
2026-10-21,ELE-1010,Gokak,3
2026-10-21,ELE-1057,Gokak,1
2026-10-21,ELE-1073,Gokak,1
2026-10-21,ELE-1092,Gokak,2
2026-10-21,ELE-1100,Gokak,4
2026-10-21,FLT-1021,Gokak,2
2026-10-21,FLT-1037,Gokak,1
2026-10-21,FLT-1045,Gokak,3
2026-10-21,FLT-1098,Gokak,1
2026-10-21,HYD-1012,Gokak,1
2026-10-21,HYD-1016,Gokak,1
2026-10-21,HYD-1028,Gokak,2
2026-10-21,HYD-1074,Gokak,2
2026-10-21,HYD-1089,Gokak,1
2026-10-21,PMP-1075,Gokak,3
2026-10-21,PMP-1091,Gokak,2
2026-10-21,SEL-1008,Gokak,1
2026-10-21,SEL-1024,Gokak,1
2026-10-21,SEL-1042,Gokak,3
2026-10-21,SEL-1085,Gokak,1
2026-10-21,BLT-1003,Hubli,2
2026-10-21,BLT-1053,Hubli,1
2026-10-21,BRG-1025,Hubli,3
2026-10-21,BRG-1058,Hubli,1
2026-10-21,BRG-1064,Hubli,3
2026-10-21,BRG-1081,Hubli,5
2026-10-21,CLT-1007,Hubli,3
2026-10-21,CLT-1021,Hubli,1
2026-10-21,CLT-1068,Hubli,1
2026-10-21,CLT-1074,Hubli,1
2026-10-21,CLT-1099,Hubli,1
2026-10-21,CLT-6120,Hubli,1
2026-10-21,ELE-1086,Hubli,2
2026-10-21,FLT-1009,Hubli,2
2026-10-21,FLT-1037,Hubli,1
2026-10-21,FLT-1074,Hubli,1
2026-10-21,FLT-1079,Hubli,1
2026-10-21,FLT-1098,Hubli,1
2026-10-21,HYD-1024,Hubli,2
2026-10-21,HYD-1098,Hubli,1
2026-10-21,PMP-1023,Hubli,1
2026-10-21,PMP-1032,Hubli,1
2026-10-21,PMP-1063,Hubli,1
2026-10-21,PMP-1079,Hubli,1
2026-10-21,PMP-1089,Hubli,1
2026-10-21,PMP-1091,Hubli,3
2026-10-21,SEL-1014,Hubli,2
2026-10-21,SEL-1037,Hubli,1
2026-10-21,SEL-1042,Hubli,2
2026-10-21,SEL-1068,Hubli,1
2026-10-21,SEL-1070,Hubli,1
2026-10-21,SEL-1077,Hubli,2
2026-10-21,SEL-1096,Hubli,1
2026-10-21,SEL-3310,Hubli,2
2026-10-22,BLT-1012,Bagalkot,1
2026-10-22,BLT-1035,Bagalkot,2
2026-10-22,BLT-1061,Bagalkot,1
2026-10-22,BLT-1066,Bagalkot,2
2026-10-22,BLT-1080,Bagalkot,2
2026-10-22,BLT-1087,Bagalkot,1
2026-10-22,BLT-1093,Bagalkot,1
2026-10-22,BRG-1033,Bagalkot,3
2026-10-22,BRG-1049,Bagalkot,1
2026-10-22,BRG-1064,Bagalkot,1
2026-10-22,CLT-1007,Bagalkot,3
2026-10-22,CLT-1057,Bagalkot,1
2026-10-22,CLT-1099,Bagalkot,2
2026-10-22,ELE-1000,Bagalkot,1
2026-10-22,ELE-1018,Bagalkot,3
2026-10-22,ELE-1023,Bagalkot,1
2026-10-22,ELE-1030,Bagalkot,2
2026-10-22,ELE-1067,Bagalkot,1
2026-10-22,ELE-1086,Bagalkot,1
2026-10-22,FLT-1009,Bagalkot,1
2026-10-22,FLT-1022,Bagalkot,1
2026-10-22,FLT-1032,Bagalkot,1
2026-10-22,FLT-1037,Bagalkot,1
2026-10-22,FLT-1063,Bagalkot,1
2026-10-22,FLT-1074,Bagalkot,1
2026-10-22,FLT-1093,Bagalkot,2
2026-10-22,FLT-1098,Bagalkot,1
2026-10-22,HYD-1012,Bagalkot,2
2026-10-22,HYD-1024,Bagalkot,3
2026-10-22,HYD-1028,Bagalkot,3
2026-10-22,HYD-1042,Bagalkot,1
2026-10-22,HYD-1095,Bagalkot,2
2026-10-22,PMP-1036,Bagalkot,2
2026-10-22,SEL-1042,Bagalkot,1
2026-10-22,SEL-1098,Bagalkot,1
2026-10-22,BLT-1032,Belgaum,1
2026-10-22,BLT-1073,Belgaum,3
2026-10-22,BLT-1080,Belgaum,1
2026-10-22,BLT-4105,Belgaum,1
2026-10-22,BRG-1018,Belgaum,2
2026-10-22,BRG-1037,Belgaum,1
2026-10-22,BRG-1064,Belgaum,2
2026-10-22,BRG-1075,Belgaum,2
2026-10-22,CLT-1004,Belgaum,4
2026-10-22,CLT-1007,Belgaum,1
2026-10-22,CLT-1021,Belgaum,1
2026-10-22,CLT-1028,Belgaum,1
2026-10-22,CLT-1044,Belgaum,1
2026-10-22,CLT-1053,Belgaum,1
2026-10-22,CLT-1074,Belgaum,2
2026-10-22,CLT-1081,Belgaum,2
2026-10-22,ELE-1000,Belgaum,1
2026-10-22,ELE-1010,Belgaum,1
2026-10-22,ELE-1039,Belgaum,1
2026-10-22,ELE-1092,Belgaum,1
2026-10-22,FLT-1009,Belgaum,1
2026-10-22,FLT-1021,Belgaum,1
2026-10-22,FLT-1037,Belgaum,1
2026-10-22,FLT-1045,Belgaum,1
2026-10-22,FLT-1063,Belgaum,1
2026-10-22,FLT-1079,Belgaum,2
2026-10-22,FLT-1086,Belgaum,1
2026-10-22,FLT-1098,Belgaum,1
2026-10-22,HYD-1004,Belgaum,2
2026-10-22,HYD-1016,Belgaum,4
2026-10-22,HYD-1024,Belgaum,1
2026-10-22,HYD-1038,Belgaum,2
2026-10-22,HYD-1061,Belgaum,3
2026-10-22,HYD-1074,Belgaum,1
2026-10-22,HYD-1081,Belgaum,1
2026-10-22,PMP-1036,Belgaum,1
2026-10-22,PMP-1075,Belgaum,1
2026-10-22,PMP-5012,Belgaum,1
2026-10-22,SEL-1002,Belgaum,1
2026-10-22,SEL-1008,Belgaum,1
2026-10-22,SEL-1037,Belgaum,1
2026-10-22,SEL-3310,Belgaum,2
2026-10-22,BLT-1032,Bijapur,2
2026-10-22,BLT-4105,Bijapur,4
2026-10-22,BRG-1008,Bijapur,1
2026-10-22,BRG-1033,Bijapur,1
2026-10-22,BRG-1045,Bijapur,1
2026-10-22,BRG-1049,Bijapur,1
2026-10-22,BRG-1064,Bijapur,1
2026-10-22,BRG-1075,Bijapur,1
2026-10-22,CLT-1004,Bijapur,1
2026-10-22,CLT-1007,Bijapur,3
2026-10-22,CLT-1099,Bijapur,2
2026-10-22,ELE-1010,Bijapur,1
2026-10-22,ELE-1023,Bijapur,1
2026-10-22,FLT-1009,Bijapur,4
2026-10-22,FLT-1016,Bijapur,2
2026-10-22,FLT-1021,Bijapur,1
2026-10-22,FLT-1037,Bijapur,2
2026-10-22,FLT-1086,Bijapur,2
2026-10-22,FLT-1093,Bijapur,1
2026-10-22,HYD-1004,Bijapur,1
2026-10-22,HYD-1028,Bijapur,3
2026-10-22,HYD-1042,Bijapur,6
2026-10-22,HYD-1051,Bijapur,1
2026-10-22,HYD-1063,Bijapur,1
2026-10-22,HYD-1098,Bijapur,3
2026-10-22,PMP-1009,Bijapur,2
2026-10-22,PMP-1063,Bijapur,1
2026-10-22,PMP-1089,Bijapur,1
2026-10-22,PMP-1098,Bijapur,2
2026-10-22,PMP-5012,Bijapur,1
2026-10-22,SEL-1029,Bijapur,1
2026-10-22,SEL-1042,Bijapur,4
2026-10-22,SEL-1068,Bijapur,2
2026-10-22,SEL-1096,Bijapur,1
2026-10-22,BLT-1003,Dharwad,2
2026-10-22,BLT-1035,Dharwad,1
2026-10-22,BLT-1053,Dharwad,2
2026-10-22,BLT-1080,Dharwad,1
2026-10-22,BLT-4105,Dharwad,1
2026-10-22,BRG-1000,Dharwad,1
2026-10-22,BRG-1008,Dharwad,2
2026-10-22,BRG-1025,Dharwad,4
2026-10-22,BRG-1058,Dharwad,1
2026-10-22,BRG-1081,Dharwad,3
2026-10-22,BRG-1092,Dharwad,3
2026-10-22,BRG-1099,Dharwad,1
2026-10-22,CLT-1004,Dharwad,1
2026-10-22,CLT-1028,Dharwad,3
2026-10-22,CLT-1057,Dharwad,1
2026-10-22,CLT-1074,Dharwad,1
2026-10-22,CLT-1081,Dharwad,1
2026-10-22,CLT-1089,Dharwad,1
2026-10-22,CLT-1092,Dharwad,2
2026-10-22,ELE-1000,Dharwad,1
2026-10-22,ELE-1010,Dharwad,1
2026-10-22,ELE-1051,Dharwad,1
2026-10-22,FLT-1001,Dharwad,1
2026-10-22,FLT-1016,Dharwad,1
2026-10-22,FLT-1021,Dharwad,2
2026-10-22,FLT-1022,Dharwad,1
2026-10-22,FLT-1053,Dharwad,1
2026-10-22,FLT-1093,Dharwad,2
2026-10-22,HYD-1004,Dharwad,1
2026-10-22,HYD-1024,Dharwad,3
2026-10-22,HYD-1038,Dharwad,1
2026-10-22,HYD-1042,Dharwad,1
2026-10-22,HYD-1063,Dharwad,1
2026-10-22,HYD-1081,Dharwad,1
2026-10-22,PMP-1002,Dharwad,2
2026-10-22,PMP-1009,Dharwad,1
2026-10-22,PMP-1032,Dharwad,1
2026-10-22,PMP-1043,Dharwad,1
2026-10-22,PMP-1063,Dharwad,1
2026-10-22,PMP-1091,Dharwad,4
2026-10-22,PMP-5012,Dharwad,3
2026-10-22,SEL-1002,Dharwad,3
2026-10-22,SEL-1014,Dharwad,1
2026-10-22,SEL-3310,Dharwad,1
2026-10-22,BLT-1003,Gokak,1
2026-10-22,BLT-1026,Gokak,1
2026-10-22,BLT-1032,Gokak,1
2026-10-22,BLT-1053,Gokak,3
2026-10-22,BLT-1066,Gokak,1
2026-10-22,BLT-1087,Gokak,4
2026-10-22,BLT-1093,Gokak,2
2026-10-22,BLT-4105,Gokak,1
2026-10-22,BRG-1099,Gokak,1
2026-10-22,CLT-1004,Gokak,1
2026-10-22,CLT-1007,Gokak,2
2026-10-22,CLT-1016,Gokak,1
2026-10-22,CLT-1044,Gokak,3
2026-10-22,CLT-1074,Gokak,1
2026-10-22,CLT-1089,Gokak,1
2026-10-22,CLT-1099,Gokak,3
2026-10-22,CLT-6120,Gokak,1
2026-10-22,ELE-1000,Gokak,1
2026-10-22,ELE-1010,Gokak,1
2026-10-22,ELE-1057,Gokak,1
2026-10-22,ELE-1092,Gokak,1
2026-10-22,FLT-1021,Gokak,1
2026-10-22,FLT-1037,Gokak,3
2026-10-22,FLT-1045,Gokak,3
2026-10-22,FLT-1098,Gokak,1
2026-10-22,HYD-1012,Gokak,1
2026-10-22,HYD-1074,Gokak,3
2026-10-22,PMP-1019,Gokak,1
2026-10-22,PMP-1023,Gokak,1
2026-10-22,PMP-1052,Gokak,1
2026-10-22,PMP-5012,Gokak,1
2026-10-22,SEL-1008,Gokak,2
2026-10-22,SEL-1024,Gokak,1
2026-10-22,SEL-1042,Gokak,2
2026-10-22,SEL-1085,Gokak,1
2026-10-22,BLT-1003,Hubli,2
2026-10-22,BLT-1016,Hubli,1
2026-10-22,BLT-1035,Hubli,1
2026-10-22,BLT-1053,Hubli,1
2026-10-22,BLT-1093,Hubli,1
2026-10-22,BLT-4105,Hubli,1
2026-10-22,BRG-1037,Hubli,1
2026-10-22,BRG-1045,Hubli,1
2026-10-22,BRG-1049,Hubli,1
2026-10-22,BRG-1081,Hubli,1
2026-10-22,CLT-1016,Hubli,1
2026-10-22,CLT-1037,Hubli,1
2026-10-22,CLT-1068,Hubli,3
2026-10-22,CLT-1074,Hubli,1
2026-10-22,ELE-1010,Hubli,2
2026-10-22,ELE-1086,Hubli,1
2026-10-22,ELE-1100,Hubli,1
2026-10-22,FLT-1009,Hubli,1
2026-10-22,FLT-1037,Hubli,3
2026-10-22,FLT-1074,Hubli,3
2026-10-22,HYD-1024,Hubli,1
2026-10-22,HYD-1095,Hubli,1
2026-10-22,PMP-1009,Hubli,2
2026-10-22,PMP-1019,Hubli,2
2026-10-22,PMP-1023,Hubli,5
2026-10-22,PMP-1032,Hubli,3
2026-10-22,PMP-1079,Hubli,2
2026-10-22,PMP-1098,Hubli,1
2026-10-22,SEL-1052,Hubli,1
2026-10-22,SEL-1068,Hubli,1
2026-10-22,SEL-1070,Hubli,1
2026-10-22,SEL-1077,Hubli,1
2026-10-22,SEL-3310,Hubli,1
2026-10-23,BLT-1016,Bagalkot,2
2026-10-23,BLT-1035,Bagalkot,2
2026-10-23,BLT-1061,Bagalkot,3
2026-10-23,BLT-1066,Bagalkot,2
2026-10-23,BLT-1087,Bagalkot,1
2026-10-23,BLT-1093,Bagalkot,2
2026-10-23,BRG-1033,Bagalkot,1
2026-10-23,BRG-1049,Bagalkot,2
2026-10-23,BRG-1064,Bagalkot,1
2026-10-23,BRG-1081,Bagalkot,1
2026-10-23,BRG-1086,Bagalkot,2
2026-10-23,CLT-1068,Bagalkot,2
2026-10-23,CLT-1099,Bagalkot,2
2026-10-23,ELE-1018,Bagalkot,1
2026-10-23,ELE-1023,Bagalkot,3
2026-10-23,ELE-1086,Bagalkot,1
2026-10-23,FLT-1009,Bagalkot,2
2026-10-23,FLT-1021,Bagalkot,1
2026-10-23,FLT-1022,Bagalkot,1
2026-10-23,FLT-1056,Bagalkot,1
2026-10-23,FLT-1063,Bagalkot,1
2026-10-23,FLT-1093,Bagalkot,1
2026-10-23,HYD-1004,Bagalkot,1
2026-10-23,HYD-1012,Bagalkot,2
2026-10-23,HYD-1024,Bagalkot,4
2026-10-23,HYD-1028,Bagalkot,1
2026-10-23,HYD-1061,Bagalkot,1
2026-10-23,HYD-1095,Bagalkot,2
2026-10-23,HYD-1098,Bagalkot,1
2026-10-23,PMP-1009,Bagalkot,1
2026-10-23,PMP-1052,Bagalkot,1
2026-10-23,PMP-1075,Bagalkot,1
2026-10-23,PMP-1098,Bagalkot,2
2026-10-23,SEL-1002,Bagalkot,2
2026-10-23,SEL-1037,Bagalkot,1
2026-10-23,SEL-1042,Bagalkot,3
2026-10-23,SEL-1085,Bagalkot,1
2026-10-23,BLT-1016,Belgaum,2
2026-10-23,BLT-1032,Belgaum,2
2026-10-23,BLT-1035,Belgaum,1
2026-10-23,BRG-1018,Belgaum,2
2026-10-23,BRG-1037,Belgaum,2
2026-10-23,BRG-1058,Belgaum,1
2026-10-23,BRG-1064,Belgaum,1
2026-10-23,BRG-1086,Belgaum,1
2026-10-23,BRG-1099,Belgaum,1
2026-10-23,CLT-1004,Belgaum,2
2026-10-23,CLT-1007,Belgaum,1
2026-10-23,CLT-1016,Belgaum,1
2026-10-23,CLT-1021,Belgaum,2
2026-10-23,CLT-1081,Belgaum,1
2026-10-23,CLT-1089,Belgaum,2
2026-10-23,ELE-1000,Belgaum,1
2026-10-23,ELE-1039,Belgaum,3
2026-10-23,ELE-1044,Belgaum,1
2026-10-23,FLT-1009,Belgaum,2
2026-10-23,FLT-1021,Belgaum,2
2026-10-23,FLT-1037,Belgaum,1
2026-10-23,FLT-1045,Belgaum,1
2026-10-23,FLT-1053,Belgaum,1
2026-10-23,FLT-1063,Belgaum,1
2026-10-23,FLT-1079,Belgaum,1
2026-10-23,FLT-1086,Belgaum,3
2026-10-23,HYD-1004,Belgaum,1
2026-10-23,HYD-1016,Belgaum,1
2026-10-23,HYD-1038,Belgaum,1
2026-10-23,HYD-1061,Belgaum,1
2026-10-23,HYD-1081,Belgaum,1
2026-10-23,HYD-1095,Belgaum,1
2026-10-23,PMP-1009,Belgaum,1
2026-10-23,PMP-1056,Belgaum,2
2026-10-23,PMP-1075,Belgaum,1
2026-10-23,PMP-5012,Belgaum,4
2026-10-23,SEL-1002,Belgaum,2
2026-10-23,SEL-1008,Belgaum,1
2026-10-23,SEL-1029,Belgaum,1
2026-10-23,SEL-1085,Belgaum,2
2026-10-23,SEL-3310,Belgaum,2
2026-10-23,BLT-1026,Bijapur,1
2026-10-23,BLT-1032,Bijapur,1
2026-10-23,BLT-1053,Bijapur,1
2026-10-23,BLT-1061,Bijapur,2
2026-10-23,BLT-1066,Bijapur,1
2026-10-23,BLT-1080,Bijapur,2
2026-10-23,BLT-1093,Bijapur,2
2026-10-23,BLT-1098,Bijapur,1
2026-10-23,BRG-1037,Bijapur,1
2026-10-23,BRG-1064,Bijapur,1
2026-10-23,BRG-1075,Bijapur,1
2026-10-23,CLT-1007,Bijapur,1
2026-10-23,CLT-1021,Bijapur,1
2026-10-23,CLT-1053,Bijapur,2
2026-10-23,CLT-6120,Bijapur,1
2026-10-23,ELE-1010,Bijapur,1
2026-10-23,FLT-1009,Bijapur,1
2026-10-23,FLT-1016,Bijapur,2
2026-10-23,HYD-1024,Bijapur,1
2026-10-23,HYD-1028,Bijapur,1
2026-10-23,HYD-1042,Bijapur,2
2026-10-23,HYD-1063,Bijapur,2
2026-10-23,PMP-1023,Bijapur,1
2026-10-23,PMP-1075,Bijapur,1
2026-10-23,PMP-1089,Bijapur,1
2026-10-23,PMP-1091,Bijapur,1
2026-10-23,PMP-1098,Bijapur,1
2026-10-23,PMP-5012,Bijapur,2
2026-10-23,SEL-1037,Bijapur,3
2026-10-23,SEL-1068,Bijapur,1
2026-10-23,SEL-1070,Bijapur,1
2026-10-23,BLT-1003,Dharwad,3
2026-10-23,BLT-1032,Dharwad,2
2026-10-23,BLT-1035,Dharwad,5
2026-10-23,BLT-1073,Dharwad,1
2026-10-23,BLT-1080,Dharwad,4
2026-10-23,BRG-1008,Dharwad,1
2026-10-23,BRG-1025,Dharwad,2
2026-10-23,BRG-1058,Dharwad,1
2026-10-23,BRG-1081,Dharwad,1
2026-10-23,BRG-1086,Dharwad,1
2026-10-23,CLT-1007,Dharwad,1
2026-10-23,CLT-1021,Dharwad,1
2026-10-23,CLT-1068,Dharwad,1
2026-10-23,CLT-1092,Dharwad,4
2026-10-23,ELE-1000,Dharwad,1
2026-10-23,ELE-1010,Dharwad,2
2026-10-23,ELE-1023,Dharwad,1
2026-10-23,ELE-1051,Dharwad,1
2026-10-23,ELE-1086,Dharwad,1
2026-10-23,ELE-1100,Dharwad,1
2026-10-23,FLT-1016,Dharwad,1
2026-10-23,FLT-1022,Dharwad,1
2026-10-23,FLT-1032,Dharwad,1
2026-10-23,FLT-1053,Dharwad,1
2026-10-23,HYD-1024,Dharwad,2
2026-10-23,HYD-1038,Dharwad,3
2026-10-23,HYD-1051,Dharwad,1
2026-10-23,HYD-1063,Dharwad,1
2026-10-23,HYD-1081,Dharwad,1
2026-10-23,PMP-1002,Dharwad,2
2026-10-23,PMP-1009,Dharwad,1
2026-10-23,PMP-1032,Dharwad,1
2026-10-23,PMP-1036,Dharwad,1
2026-10-23,PMP-1056,Dharwad,1
2026-10-23,PMP-1079,Dharwad,1
2026-10-23,PMP-5012,Dharwad,3
2026-10-23,SEL-1029,Dharwad,1
2026-10-23,BLT-1012,Gokak,1
2026-10-23,BLT-1016,Gokak,1
2026-10-23,BLT-1026,Gokak,2
2026-10-23,BLT-1035,Gokak,1
2026-10-23,BLT-1053,Gokak,2
2026-10-23,BLT-1087,Gokak,2
2026-10-23,BLT-1098,Gokak,3
2026-10-23,BRG-1008,Gokak,1
2026-10-23,BRG-1037,Gokak,1
2026-10-23,BRG-1064,Gokak,1
2026-10-23,BRG-1099,Gokak,1
2026-10-23,CLT-1016,Gokak,1
2026-10-23,CLT-1074,Gokak,1
2026-10-23,CLT-1099,Gokak,2
2026-10-23,CLT-6120,Gokak,1
2026-10-23,ELE-1000,Gokak,1
2026-10-23,ELE-1010,Gokak,1
2026-10-23,ELE-1073,Gokak,1
2026-10-23,ELE-1092,Gokak,1
2026-10-23,ELE-1100,Gokak,1
2026-10-23,FLT-1021,Gokak,2
2026-10-23,FLT-1032,Gokak,1
2026-10-23,FLT-1086,Gokak,1
2026-10-23,HYD-1004,Gokak,2
2026-10-23,HYD-1028,Gokak,1
2026-10-23,HYD-1074,Gokak,3
2026-10-23,PMP-1052,Gokak,1
2026-10-23,PMP-1056,Gokak,1
2026-10-23,PMP-1091,Gokak,1
2026-10-23,PMP-5012,Gokak,2
2026-10-23,SEL-1042,Gokak,1
2026-10-23,SEL-1077,Gokak,3
2026-10-23,SEL-1085,Gokak,1
2026-10-23,BLT-1003,Hubli,4
2026-10-23,BLT-1016,Hubli,1
2026-10-23,BLT-4105,Hubli,2
2026-10-23,BRG-1037,Hubli,1
2026-10-23,BRG-1045,Hubli,1
2026-10-23,BRG-1064,Hubli,1
2026-10-23,BRG-1081,Hubli,1
2026-10-23,CLT-1007,Hubli,1
2026-10-23,CLT-1016,Hubli,2
2026-10-23,CLT-1021,Hubli,1
2026-10-23,CLT-1037,Hubli,1
2026-10-23,CLT-1068,Hubli,1
2026-10-23,ELE-1010,Hubli,1
2026-10-23,ELE-1044,Hubli,1
2026-10-23,ELE-1079,Hubli,2
2026-10-23,FLT-1037,Hubli,1
2026-10-23,FLT-1053,Hubli,1
2026-10-23,FLT-1074,Hubli,1
2026-10-23,FLT-1079,Hubli,1
2026-10-23,FLT-1098,Hubli,2
2026-10-23,HYD-1012,Hubli,1
2026-10-23,HYD-1016,Hubli,2
2026-10-23,HYD-1024,Hubli,2
2026-10-23,HYD-1081,Hubli,1
2026-10-23,PMP-1023,Hubli,1
2026-10-23,PMP-1079,Hubli,1
2026-10-23,PMP-1091,Hubli,2
2026-10-23,PMP-1098,Hubli,2
2026-10-23,SEL-1037,Hubli,2
2026-10-23,SEL-1042,Hubli,2
2026-10-23,SEL-1070,Hubli,1
2026-10-23,SEL-1096,Hubli,1
2026-10-23,SEL-3310,Hubli,4
2026-10-24,BLT-1016,Bagalkot,1
2026-10-24,BLT-1035,Bagalkot,1
2026-10-24,BLT-1053,Bagalkot,1
2026-10-24,BLT-1061,Bagalkot,1
2026-10-24,BLT-1066,Bagalkot,1
2026-10-24,BLT-1087,Bagalkot,3
2026-10-24,BLT-4105,Bagalkot,1
2026-10-24,BRG-1033,Bagalkot,3
2026-10-24,BRG-1081,Bagalkot,1
2026-10-24,BRG-1092,Bagalkot,1
2026-10-24,CLT-1037,Bagalkot,1
2026-10-24,CLT-1057,Bagalkot,5
2026-10-24,CLT-1068,Bagalkot,2
2026-10-24,CLT-1081,Bagalkot,1
2026-10-24,ELE-1010,Bagalkot,1
2026-10-24,ELE-1018,Bagalkot,3
2026-10-24,ELE-1023,Bagalkot,2
2026-10-24,ELE-1030,Bagalkot,1
2026-10-24,ELE-1057,Bagalkot,1
2026-10-24,FLT-1009,Bagalkot,2
2026-10-24,FLT-1056,Bagalkot,1
2026-10-24,FLT-1063,Bagalkot,1
2026-10-24,FLT-1093,Bagalkot,1
2026-10-24,HYD-1012,Bagalkot,2
2026-10-24,HYD-1016,Bagalkot,1
2026-10-24,HYD-1024,Bagalkot,2
2026-10-24,HYD-1028,Bagalkot,2
2026-10-24,HYD-1051,Bagalkot,2
2026-10-24,HYD-1074,Bagalkot,1
2026-10-24,HYD-1095,Bagalkot,1
2026-10-24,HYD-1098,Bagalkot,1
2026-10-24,PMP-1036,Bagalkot,1
2026-10-24,SEL-1002,Bagalkot,1
2026-10-24,SEL-1052,Bagalkot,1
2026-10-24,SEL-1098,Bagalkot,1
2026-10-24,BLT-1066,Belgaum,1
2026-10-24,BLT-1073,Belgaum,2
2026-10-24,BLT-1087,Belgaum,1
2026-10-24,BRG-1018,Belgaum,2
2026-10-24,BRG-1037,Belgaum,2
2026-10-24,BRG-1058,Belgaum,1
2026-10-24,BRG-1064,Belgaum,3
2026-10-24,CLT-1004,Belgaum,5
2026-10-24,CLT-1021,Belgaum,1
2026-10-24,CLT-1028,Belgaum,1
2026-10-24,CLT-1044,Belgaum,2
2026-10-24,CLT-1089,Belgaum,2
2026-10-24,CLT-1092,Belgaum,1
2026-10-24,CLT-1099,Belgaum,1
2026-10-24,ELE-1023,Belgaum,1
2026-10-24,ELE-1039,Belgaum,2
2026-10-24,ELE-1092,Belgaum,1
2026-10-24,FLT-1009,Belgaum,1
2026-10-24,FLT-1016,Belgaum,2
2026-10-24,FLT-1021,Belgaum,1
2026-10-24,FLT-1022,Belgaum,2
2026-10-24,FLT-1037,Belgaum,2
2026-10-24,FLT-1045,Belgaum,1
2026-10-24,FLT-1079,Belgaum,3
2026-10-24,FLT-1086,Belgaum,1
2026-10-24,HYD-1012,Belgaum,1
2026-10-24,HYD-1028,Belgaum,1
2026-10-24,HYD-1042,Belgaum,1
2026-10-24,HYD-1074,Belgaum,1
2026-10-24,HYD-1095,Belgaum,2
2026-10-24,PMP-5012,Belgaum,2
2026-10-24,SEL-1008,Belgaum,1
2026-10-24,SEL-1037,Belgaum,1
2026-10-24,SEL-1085,Belgaum,1
2026-10-24,SEL-3310,Belgaum,3
2026-10-24,BLT-1012,Bijapur,1
2026-10-24,BLT-1032,Bijapur,3
2026-10-24,BLT-1035,Bijapur,1
2026-10-24,BLT-1047,Bijapur,1
2026-10-24,BLT-1080,Bijapur,1
2026-10-24,BLT-1098,Bijapur,1
2026-10-24,BRG-1045,Bijapur,1
2026-10-24,BRG-1049,Bijapur,2
2026-10-24,BRG-1064,Bijapur,1
2026-10-24,BRG-1075,Bijapur,2
2026-10-24,CLT-1004,Bijapur,1
2026-10-24,CLT-1007,Bijapur,2
2026-10-24,CLT-1021,Bijapur,1
2026-10-24,CLT-1044,Bijapur,1
2026-10-24,CLT-1053,Bijapur,1
2026-10-24,ELE-1010,Bijapur,1
2026-10-24,FLT-1001,Bijapur,1
2026-10-24,FLT-1009,Bijapur,2
2026-10-24,FLT-1037,Bijapur,1
2026-10-24,FLT-1053,Bijapur,3
2026-10-24,FLT-1074,Bijapur,1
2026-10-24,FLT-1079,Bijapur,1
2026-10-24,FLT-1086,Bijapur,1
2026-10-24,HYD-1024,Bijapur,1
2026-10-24,HYD-1042,Bijapur,2
2026-10-24,HYD-1063,Bijapur,2
2026-10-24,PMP-1002,Bijapur,1
2026-10-24,PMP-1009,Bijapur,2
2026-10-24,PMP-1023,Bijapur,2
2026-10-24,PMP-1063,Bijapur,1
2026-10-24,PMP-1079,Bijapur,2
2026-10-24,PMP-1091,Bijapur,1
2026-10-24,PMP-5012,Bijapur,3
2026-10-24,SEL-1024,Bijapur,1
2026-10-24,SEL-1037,Bijapur,3
2026-10-24,SEL-1042,Bijapur,1
2026-10-24,SEL-1068,Bijapur,3
2026-10-24,SEL-1070,Bijapur,1
2026-10-24,SEL-1096,Bijapur,2
2026-10-24,BLT-1003,Dharwad,2
2026-10-24,BLT-1016,Dharwad,1
2026-10-24,BLT-1035,Dharwad,1
2026-10-24,BLT-1047,Dharwad,2
2026-10-24,BLT-1053,Dharwad,2
2026-10-24,BLT-1080,Dharwad,4
2026-10-24,BLT-4105,Dharwad,1
2026-10-24,BRG-1000,Dharwad,2
2026-10-24,BRG-1008,Dharwad,1
2026-10-24,BRG-1064,Dharwad,1
2026-10-24,BRG-1075,Dharwad,1
2026-10-24,BRG-1081,Dharwad,1
2026-10-24,BRG-1086,Dharwad,1
2026-10-24,BRG-1099,Dharwad,1
2026-10-24,CLT-1021,Dharwad,1
2026-10-24,CLT-1028,Dharwad,2
2026-10-24,CLT-1068,Dharwad,1
2026-10-24,ELE-1000,Dharwad,3
2026-10-24,ELE-1086,Dharwad,3
2026-10-24,FLT-1016,Dharwad,1
2026-10-24,FLT-1021,Dharwad,1
2026-10-24,FLT-1022,Dharwad,1
2026-10-24,FLT-1037,Dharwad,1
2026-10-24,HYD-1004,Dharwad,2
2026-10-24,HYD-1038,Dharwad,3
2026-10-24,HYD-1051,Dharwad,1
2026-10-24,HYD-1095,Dharwad,1
2026-10-24,PMP-1002,Dharwad,3
2026-10-24,PMP-1023,Dharwad,1
2026-10-24,PMP-1043,Dharwad,2
2026-10-24,PMP-1056,Dharwad,1
2026-10-24,PMP-1079,Dharwad,1
2026-10-24,PMP-5012,Dharwad,2
2026-10-24,SEL-1002,Dharwad,2
2026-10-24,SEL-1029,Dharwad,1
2026-10-24,SEL-1068,Dharwad,2
2026-10-24,SEL-1098,Dharwad,1
2026-10-24,BLT-1012,Gokak,1
2026-10-24,BLT-1026,Gokak,1
2026-10-24,BLT-1035,Gokak,1
2026-10-24,BLT-1053,Gokak,2
2026-10-24,BLT-1066,Gokak,1
2026-10-24,BLT-1080,Gokak,1
2026-10-24,BLT-1087,Gokak,1
2026-10-24,BLT-1098,Gokak,1
2026-10-24,BRG-1025,Gokak,1
2026-10-24,BRG-1037,Gokak,1
2026-10-24,BRG-1099,Gokak,2
2026-10-24,CLT-1004,Gokak,1
2026-10-24,CLT-1007,Gokak,1
2026-10-24,CLT-1016,Gokak,1
2026-10-24,CLT-1044,Gokak,1
2026-10-24,CLT-1074,Gokak,1
2026-10-24,CLT-1099,Gokak,6
2026-10-24,ELE-1000,Gokak,1
2026-10-24,ELE-1010,Gokak,2
2026-10-24,ELE-1100,Gokak,4
2026-10-24,FLT-1009,Gokak,1
2026-10-24,FLT-1021,Gokak,2
2026-10-24,FLT-1032,Gokak,1
2026-10-24,FLT-1098,Gokak,2
2026-10-24,HYD-1016,Gokak,2
2026-10-24,HYD-1028,Gokak,1
2026-10-24,HYD-1074,Gokak,1
2026-10-24,PMP-1009,Gokak,1
2026-10-24,PMP-1023,Gokak,1
2026-10-24,PMP-1036,Gokak,1
2026-10-24,PMP-1052,Gokak,2
2026-10-24,PMP-1091,Gokak,3
2026-10-24,PMP-5012,Gokak,1
2026-10-24,SEL-1014,Gokak,1
2026-10-24,SEL-1024,Gokak,2
2026-10-24,SEL-1042,Gokak,2
2026-10-24,SEL-1085,Gokak,1
2026-10-24,BLT-1003,Hubli,3
2026-10-24,BLT-1032,Hubli,1
2026-10-24,BLT-1053,Hubli,1
2026-10-24,BLT-1080,Hubli,1
2026-10-24,BLT-4105,Hubli,2
2026-10-24,BRG-1025,Hubli,1
2026-10-24,BRG-1037,Hubli,1
2026-10-24,BRG-1049,Hubli,1
2026-10-24,BRG-1081,Hubli,3
2026-10-24,CLT-1004,Hubli,1
2026-10-24,CLT-1007,Hubli,3
2026-10-24,CLT-1016,Hubli,3
2026-10-24,CLT-1021,Hubli,1
2026-10-24,CLT-1068,Hubli,2
2026-10-24,CLT-1099,Hubli,2
2026-10-24,ELE-1010,Hubli,4
2026-10-24,ELE-1044,Hubli,1
2026-10-24,ELE-1079,Hubli,1
2026-10-24,ELE-1086,Hubli,4
2026-10-24,FLT-1032,Hubli,2
2026-10-24,FLT-1037,Hubli,5
2026-10-24,FLT-1053,Hubli,1
2026-10-24,FLT-1074,Hubli,1
2026-10-24,FLT-1098,Hubli,2
2026-10-24,HYD-1012,Hubli,1
2026-10-24,HYD-1028,Hubli,2
2026-10-24,HYD-1063,Hubli,1
2026-10-24,HYD-1081,Hubli,1
2026-10-24,PMP-1019,Hubli,1
2026-10-24,PMP-1023,Hubli,1
2026-10-24,PMP-1032,Hubli,1
2026-10-24,PMP-1063,Hubli,3
2026-10-24,PMP-1091,Hubli,1
2026-10-24,SEL-1008,Hubli,2
2026-10-24,SEL-1037,Hubli,1
2026-10-24,SEL-1042,Hubli,1
2026-10-24,SEL-3310,Hubli,3
2026-10-25,BLT-1016,Bagalkot,2
2026-10-25,BLT-1047,Bagalkot,1
2026-10-25,BLT-1053,Bagalkot,2
2026-10-25,BLT-1061,Bagalkot,1
2026-10-25,BLT-1080,Bagalkot,1
2026-10-25,BLT-1093,Bagalkot,2
2026-10-25,BLT-4105,Bagalkot,1
2026-10-25,BRG-1000,Bagalkot,1
2026-10-25,BRG-1008,Bagalkot,1
2026-10-25,BRG-1018,Bagalkot,1
2026-10-25,BRG-1033,Bagalkot,2
2026-10-25,BRG-1092,Bagalkot,1
2026-10-25,CLT-1007,Bagalkot,1
2026-10-25,CLT-1057,Bagalkot,3
2026-10-25,CLT-1099,Bagalkot,2
2026-10-25,ELE-1000,Bagalkot,2
2026-10-25,ELE-1018,Bagalkot,2
2026-10-25,ELE-1023,Bagalkot,1
2026-10-25,ELE-1030,Bagalkot,1
2026-10-25,FLT-1009,Bagalkot,1
2026-10-25,FLT-1021,Bagalkot,1
2026-10-25,FLT-1056,Bagalkot,1
2026-10-25,FLT-1063,Bagalkot,1
2026-10-25,FLT-1074,Bagalkot,1
2026-10-25,FLT-1086,Bagalkot,1
2026-10-25,FLT-1093,Bagalkot,4
2026-10-25,HYD-1012,Bagalkot,2
2026-10-25,HYD-1024,Bagalkot,2
2026-10-25,HYD-1028,Bagalkot,1
2026-10-25,HYD-1042,Bagalkot,2
2026-10-25,HYD-1051,Bagalkot,2
2026-10-25,HYD-1095,Bagalkot,3
2026-10-25,HYD-1098,Bagalkot,1
2026-10-25,PMP-1023,Bagalkot,1
2026-10-25,PMP-1036,Bagalkot,1
2026-10-25,PMP-1075,Bagalkot,1
2026-10-25,PMP-1098,Bagalkot,1
2026-10-25,SEL-1029,Bagalkot,1
2026-10-25,SEL-1037,Bagalkot,1
2026-10-25,SEL-1052,Bagalkot,1
2026-10-25,SEL-1068,Bagalkot,1
2026-10-25,SEL-1085,Bagalkot,1
2026-10-25,BLT-1073,Belgaum,2
2026-10-25,BRG-1018,Belgaum,3
2026-10-25,BRG-1037,Belgaum,1
2026-10-25,BRG-1058,Belgaum,3
2026-10-25,BRG-1064,Belgaum,1
2026-10-25,BRG-1099,Belgaum,1
2026-10-25,CLT-1004,Belgaum,2
2026-10-25,CLT-1044,Belgaum,1
2026-10-25,CLT-1081,Belgaum,1
2026-10-25,CLT-1092,Belgaum,1
2026-10-25,ELE-1039,Belgaum,1
2026-10-25,FLT-1009,Belgaum,1
2026-10-25,FLT-1021,Belgaum,3
2026-10-25,FLT-1022,Belgaum,1
2026-10-25,FLT-1079,Belgaum,1
2026-10-25,FLT-1086,Belgaum,3
2026-10-25,HYD-1004,Belgaum,1
2026-10-25,HYD-1012,Belgaum,2
2026-10-25,HYD-1016,Belgaum,2
2026-10-25,HYD-1024,Belgaum,1
2026-10-25,HYD-1038,Belgaum,1
2026-10-25,HYD-1042,Belgaum,1
2026-10-25,HYD-1063,Belgaum,1
2026-10-25,PMP-1075,Belgaum,1
2026-10-25,PMP-5012,Belgaum,3
2026-10-25,SEL-1002,Belgaum,1
2026-10-25,SEL-1008,Belgaum,1
2026-10-25,SEL-1024,Belgaum,2
2026-10-25,SEL-1029,Belgaum,1
2026-10-25,SEL-1037,Belgaum,1
2026-10-25,SEL-1059,Belgaum,1
2026-10-25,SEL-1068,Belgaum,2
2026-10-25,SEL-3310,Belgaum,2
2026-10-25,BLT-1032,Bijapur,2
2026-10-25,BLT-1047,Bijapur,1
2026-10-25,BLT-1053,Bijapur,1
2026-10-25,BLT-1061,Bijapur,1
2026-10-25,BRG-1000,Bijapur,1
2026-10-25,BRG-1049,Bijapur,1
2026-10-25,BRG-1075,Bijapur,1
2026-10-25,BRG-1081,Bijapur,1
2026-10-25,BRG-2207,Bijapur,1
2026-10-25,CLT-1007,Bijapur,2
2026-10-25,CLT-1016,Bijapur,1
2026-10-25,CLT-1021,Bijapur,1
2026-10-25,CLT-1044,Bijapur,1
2026-10-25,CLT-1053,Bijapur,3
2026-10-25,CLT-6120,Bijapur,1
2026-10-25,ELE-1044,Bijapur,1
2026-10-25,FLT-1001,Bijapur,2
2026-10-25,FLT-1009,Bijapur,2
2026-10-25,FLT-1016,Bijapur,3
2026-10-25,FLT-1021,Bijapur,1
2026-10-25,FLT-1037,Bijapur,1
2026-10-25,FLT-1063,Bijapur,1
2026-10-25,FLT-1074,Bijapur,1
2026-10-25,FLT-1086,Bijapur,2
2026-10-25,HYD-1024,Bijapur,2
2026-10-25,HYD-1028,Bijapur,3
2026-10-25,HYD-1042,Bijapur,4
2026-10-25,HYD-1063,Bijapur,1
2026-10-25,HYD-1098,Bijapur,1
2026-10-25,PMP-1009,Bijapur,3
2026-10-25,PMP-1023,Bijapur,2
2026-10-25,PMP-1098,Bijapur,1
2026-10-25,PMP-5012,Bijapur,2
2026-10-25,SEL-1037,Bijapur,3
2026-10-25,SEL-1042,Bijapur,2
2026-10-25,SEL-1068,Bijapur,1
2026-10-25,SEL-1085,Bijapur,1
2026-10-25,SEL-1096,Bijapur,2
2026-10-25,BLT-1003,Dharwad,1
2026-10-25,BLT-1032,Dharwad,1
2026-10-25,BLT-1035,Dharwad,3
2026-10-25,BLT-1066,Dharwad,1
2026-10-25,BLT-1098,Dharwad,1
2026-10-25,BRG-1000,Dharwad,1
2026-10-25,BRG-1008,Dharwad,1
2026-10-25,BRG-1025,Dharwad,5
2026-10-25,BRG-1058,Dharwad,2
2026-10-25,BRG-1086,Dharwad,1
2026-10-25,BRG-1099,Dharwad,1
2026-10-25,CLT-1028,Dharwad,1
2026-10-25,CLT-1057,Dharwad,3
2026-10-25,CLT-1068,Dharwad,2
2026-10-25,CLT-1081,Dharwad,1
2026-10-25,CLT-1089,Dharwad,1
2026-10-25,ELE-1010,Dharwad,1
2026-10-25,FLT-1016,Dharwad,2
2026-10-25,FLT-1021,Dharwad,1
2026-10-25,FLT-1032,Dharwad,1
2026-10-25,FLT-1037,Dharwad,1
2026-10-25,FLT-1053,Dharwad,3
2026-10-25,FLT-1093,Dharwad,2
2026-10-25,HYD-1024,Dharwad,4
2026-10-25,HYD-1038,Dharwad,3
2026-10-25,HYD-1051,Dharwad,1
2026-10-25,PMP-1009,Dharwad,2
2026-10-25,PMP-1023,Dharwad,1
2026-10-25,PMP-1032,Dharwad,2
2026-10-25,PMP-1036,Dharwad,2
2026-10-25,PMP-1043,Dharwad,1
2026-10-25,PMP-1089,Dharwad,1
2026-10-25,PMP-1091,Dharwad,4
2026-10-25,PMP-1098,Dharwad,1
2026-10-25,SEL-1002,Dharwad,1
2026-10-25,SEL-1037,Dharwad,1
2026-10-25,SEL-1042,Dharwad,1
2026-10-25,SEL-3310,Dharwad,1
2026-10-25,BLT-1012,Gokak,1
2026-10-25,BLT-1026,Gokak,2
2026-10-25,BLT-1053,Gokak,3
2026-10-25,BLT-1087,Gokak,4
2026-10-25,BLT-1093,Gokak,1
2026-10-25,BRG-1037,Gokak,1
2026-10-25,BRG-1099,Gokak,1
2026-10-25,CLT-1016,Gokak,3
2026-10-25,CLT-1044,Gokak,1
2026-10-25,CLT-1057,Gokak,1
2026-10-25,CLT-1099,Gokak,1
2026-10-25,CLT-6120,Gokak,1
2026-10-25,ELE-1000,Gokak,3
2026-10-25,ELE-1010,Gokak,4
2026-10-25,ELE-1044,Gokak,1
2026-10-25,ELE-1057,Gokak,1
2026-10-25,ELE-1073,Gokak,1
2026-10-25,ELE-1100,Gokak,6
2026-10-25,FLT-1021,Gokak,4
2026-10-25,FLT-1032,Gokak,1
2026-10-25,FLT-1037,Gokak,1
2026-10-25,FLT-1045,Gokak,1
2026-10-25,FLT-1056,Gokak,1
2026-10-25,HYD-1028,Gokak,1
2026-10-25,HYD-1038,Gokak,1
2026-10-25,HYD-1074,Gokak,1
2026-10-25,HYD-1081,Gokak,1
2026-10-25,HYD-1098,Gokak,1
2026-10-25,PMP-1052,Gokak,1
2026-10-25,PMP-1091,Gokak,2
2026-10-25,PMP-5012,Gokak,3
2026-10-25,SEL-1042,Gokak,1
2026-10-25,SEL-3310,Gokak,2
2026-10-25,BLT-1003,Hubli,1
2026-10-25,BLT-1016,Hubli,1
2026-10-25,BRG-1037,Hubli,1
2026-10-25,BRG-1049,Hubli,1
2026-10-25,BRG-1081,Hubli,1
2026-10-25,CLT-1007,Hubli,2
2026-10-25,CLT-1057,Hubli,1
2026-10-25,CLT-1099,Hubli,1
2026-10-25,ELE-1010,Hubli,4
2026-10-25,ELE-1030,Hubli,1
2026-10-25,ELE-1044,Hubli,1
2026-10-25,ELE-1079,Hubli,1
2026-10-25,FLT-1009,Hubli,2
2026-10-25,FLT-1037,Hubli,1
2026-10-25,FLT-1074,Hubli,1
2026-10-25,HYD-1016,Hubli,3
2026-10-25,HYD-1098,Hubli,1
2026-10-25,PMP-1009,Hubli,3
2026-10-25,PMP-1063,Hubli,1
2026-10-25,PMP-1079,Hubli,1
2026-10-25,PMP-1089,Hubli,1
2026-10-25,PMP-1098,Hubli,1
2026-10-25,PMP-5012,Hubli,1
2026-10-25,SEL-1014,Hubli,1
2026-10-25,SEL-1037,Hubli,1
2026-10-25,SEL-1042,Hubli,1
2026-10-25,SEL-1068,Hubli,1
2026-10-25,SEL-3310,Hubli,2
2026-10-26,BLT-1016,Bagalkot,3
2026-10-26,BLT-1035,Bagalkot,1
2026-10-26,BLT-1061,Bagalkot,2
2026-10-26,BLT-1093,Bagalkot,5
2026-10-26,BRG-1008,Bagalkot,2
2026-10-26,BRG-1025,Bagalkot,1
2026-10-26,BRG-1037,Bagalkot,1
2026-10-26,BRG-1081,Bagalkot,2
2026-10-26,BRG-1086,Bagalkot,1
2026-10-26,BRG-1092,Bagalkot,2
2026-10-26,CLT-1004,Bagalkot,1
2026-10-26,CLT-1081,Bagalkot,1
2026-10-26,ELE-1010,Bagalkot,1
2026-10-26,ELE-1018,Bagalkot,1
2026-10-26,ELE-1051,Bagalkot,1
2026-10-26,ELE-1067,Bagalkot,1
2026-10-26,ELE-1086,Bagalkot,1
2026-10-26,FLT-1001,Bagalkot,2
2026-10-26,FLT-1021,Bagalkot,1
2026-10-26,FLT-1063,Bagalkot,1
2026-10-26,FLT-1074,Bagalkot,2
2026-10-26,FLT-1093,Bagalkot,1
2026-10-26,HYD-1004,Bagalkot,1
2026-10-26,HYD-1016,Bagalkot,1
2026-10-26,HYD-1024,Bagalkot,8
2026-10-26,HYD-1028,Bagalkot,3
2026-10-26,HYD-1042,Bagalkot,3
2026-10-26,HYD-1098,Bagalkot,1
2026-10-26,PMP-1002,Bagalkot,1
2026-10-26,PMP-1009,Bagalkot,1
2026-10-26,PMP-1032,Bagalkot,1
2026-10-26,PMP-1036,Bagalkot,1
2026-10-26,PMP-1075,Bagalkot,1
2026-10-26,PMP-1098,Bagalkot,1
2026-10-26,SEL-1029,Bagalkot,1
2026-10-26,SEL-1098,Bagalkot,4
2026-10-26,BLT-1016,Belgaum,1
2026-10-26,BLT-1032,Belgaum,1
2026-10-26,BLT-1073,Belgaum,1
2026-10-26,BRG-1018,Belgaum,1
2026-10-26,BRG-1037,Belgaum,2
2026-10-26,BRG-1064,Belgaum,2
2026-10-26,BRG-1075,Belgaum,1
2026-10-26,CLT-1004,Belgaum,4
2026-10-26,CLT-1007,Belgaum,1
2026-10-26,CLT-1037,Belgaum,1
2026-10-26,CLT-1053,Belgaum,2
2026-10-26,CLT-1057,Belgaum,1
2026-10-26,CLT-1081,Belgaum,2
2026-10-26,CLT-1089,Belgaum,1
2026-10-26,CLT-1092,Belgaum,1
2026-10-26,ELE-1023,Belgaum,1
2026-10-26,ELE-1039,Belgaum,3
2026-10-26,FLT-1009,Belgaum,1
2026-10-26,FLT-1022,Belgaum,1
2026-10-26,FLT-1037,Belgaum,1
2026-10-26,FLT-1086,Belgaum,4
2026-10-26,FLT-1098,Belgaum,3
2026-10-26,HYD-1004,Belgaum,1
2026-10-26,HYD-1012,Belgaum,2
2026-10-26,HYD-1016,Belgaum,1
2026-10-26,HYD-1024,Belgaum,2
2026-10-26,HYD-1061,Belgaum,1
2026-10-26,PMP-5012,Belgaum,3
2026-10-26,SEL-1002,Belgaum,2
2026-10-26,SEL-1008,Belgaum,1
2026-10-26,SEL-1024,Belgaum,2
2026-10-26,SEL-1029,Belgaum,1
2026-10-26,SEL-3310,Belgaum,1
2026-10-26,BLT-1003,Bijapur,1
2026-10-26,BLT-1012,Bijapur,1
2026-10-26,BLT-1026,Bijapur,3
2026-10-26,BLT-1032,Bijapur,1
2026-10-26,BLT-1035,Bijapur,1
2026-10-26,BLT-1053,Bijapur,1
2026-10-26,BLT-1061,Bijapur,1
2026-10-26,BLT-1066,Bijapur,1
2026-10-26,BLT-4105,Bijapur,2
2026-10-26,BRG-1064,Bijapur,2
2026-10-26,BRG-1075,Bijapur,1
2026-10-26,CLT-1004,Bijapur,1
2026-10-26,CLT-1053,Bijapur,2
2026-10-26,ELE-1000,Bijapur,1
2026-10-26,FLT-1009,Bijapur,3
2026-10-26,FLT-1016,Bijapur,1
2026-10-26,FLT-1053,Bijapur,1
2026-10-26,FLT-1063,Bijapur,2
2026-10-26,FLT-1074,Bijapur,1
2026-10-26,FLT-1079,Bijapur,1
2026-10-26,HYD-1024,Bijapur,3
2026-10-26,HYD-1042,Bijapur,3
2026-10-26,HYD-1098,Bijapur,2
2026-10-26,PMP-1009,Bijapur,3
2026-10-26,PMP-1098,Bijapur,2
2026-10-26,PMP-5012,Bijapur,1
2026-10-26,SEL-1037,Bijapur,1
2026-10-26,SEL-1042,Bijapur,2
2026-10-26,SEL-1052,Bijapur,1
2026-10-26,SEL-1070,Bijapur,1
2026-10-26,SEL-1096,Bijapur,1
2026-10-26,BLT-1003,Dharwad,1
2026-10-26,BLT-1012,Dharwad,1
2026-10-26,BLT-1035,Dharwad,2
2026-10-26,BLT-1053,Dharwad,1
2026-10-26,BLT-1080,Dharwad,1
2026-10-26,BRG-1008,Dharwad,1
2026-10-26,BRG-1025,Dharwad,3
2026-10-26,BRG-1081,Dharwad,1
2026-10-26,BRG-1092,Dharwad,2
2026-10-26,BRG-1099,Dharwad,4
2026-10-26,BRG-2207,Dharwad,1
2026-10-26,CLT-1021,Dharwad,1
2026-10-26,CLT-1028,Dharwad,1
2026-10-26,CLT-1044,Dharwad,1
2026-10-26,CLT-1068,Dharwad,2
2026-10-26,CLT-1081,Dharwad,2
2026-10-26,CLT-1089,Dharwad,1
2026-10-26,CLT-1092,Dharwad,1
2026-10-26,CLT-1099,Dharwad,1
2026-10-26,ELE-1000,Dharwad,3
2026-10-26,ELE-1044,Dharwad,1
2026-10-26,ELE-1051,Dharwad,1
2026-10-26,FLT-1001,Dharwad,1
2026-10-26,FLT-1016,Dharwad,1
2026-10-26,FLT-1021,Dharwad,2
2026-10-26,FLT-1093,Dharwad,2
2026-10-26,HYD-1051,Dharwad,1
2026-10-26,HYD-1063,Dharwad,1
2026-10-26,PMP-1002,Dharwad,1
2026-10-26,PMP-1032,Dharwad,1
2026-10-26,PMP-1036,Dharwad,4
2026-10-26,PMP-1056,Dharwad,1
2026-10-26,PMP-1063,Dharwad,1
2026-10-26,PMP-1079,Dharwad,1
2026-10-26,PMP-1091,Dharwad,3
2026-10-26,PMP-5012,Dharwad,2
2026-10-26,BLT-1012,Gokak,1
2026-10-26,BLT-1026,Gokak,1
2026-10-26,BLT-1035,Gokak,2
2026-10-26,BLT-1053,Gokak,4
2026-10-26,BLT-1087,Gokak,3
2026-10-26,BRG-1008,Gokak,1
2026-10-26,BRG-1037,Gokak,1
2026-10-26,BRG-1064,Gokak,1
2026-10-26,BRG-1092,Gokak,1
2026-10-26,BRG-1099,Gokak,2
2026-10-26,CLT-1016,Gokak,1
2026-10-26,CLT-1053,Gokak,1
2026-10-26,CLT-1074,Gokak,3
2026-10-26,ELE-1000,Gokak,3
2026-10-26,ELE-1010,Gokak,2
2026-10-26,ELE-1018,Gokak,1
2026-10-26,ELE-1044,Gokak,1
2026-10-26,ELE-1073,Gokak,3
2026-10-26,FLT-1021,Gokak,1
2026-10-26,FLT-1032,Gokak,1
2026-10-26,FLT-1045,Gokak,1
2026-10-26,FLT-1098,Gokak,1
2026-10-26,HYD-1004,Gokak,1
2026-10-26,HYD-1038,Gokak,1
2026-10-26,HYD-1074,Gokak,1
2026-10-26,HYD-1089,Gokak,2
2026-10-26,HYD-1098,Gokak,1
2026-10-26,PMP-1019,Gokak,1
2026-10-26,PMP-1023,Gokak,1
2026-10-26,PMP-1043,Gokak,1
2026-10-26,PMP-1079,Gokak,1
2026-10-26,PMP-5012,Gokak,2
2026-10-26,SEL-1008,Gokak,1
2026-10-26,SEL-1014,Gokak,1
2026-10-26,SEL-1024,Gokak,1
2026-10-26,SEL-1029,Gokak,1
2026-10-26,SEL-1042,Gokak,1
2026-10-26,SEL-1077,Gokak,2
2026-10-26,SEL-1085,Gokak,2
2026-10-26,SEL-3310,Gokak,1
2026-10-26,BLT-1003,Hubli,3
2026-10-26,BLT-1016,Hubli,2
2026-10-26,BRG-1000,Hubli,1
2026-10-26,BRG-1025,Hubli,1
2026-10-26,BRG-1033,Hubli,1
2026-10-26,BRG-1037,Hubli,2
2026-10-26,BRG-1045,Hubli,1
2026-10-26,BRG-1049,Hubli,1
2026-10-26,BRG-1081,Hubli,4
2026-10-26,CLT-1004,Hubli,2
2026-10-26,CLT-1007,Hubli,1
2026-10-26,CLT-1016,Hubli,1
2026-10-26,CLT-1037,Hubli,1
2026-10-26,CLT-1068,Hubli,1
2026-10-26,CLT-1074,Hubli,1
2026-10-26,ELE-1010,Hubli,4
2026-10-26,ELE-1030,Hubli,1
2026-10-26,ELE-1073,Hubli,1
2026-10-26,ELE-1079,Hubli,1
2026-10-26,ELE-1086,Hubli,1
2026-10-26,ELE-1092,Hubli,3
2026-10-26,FLT-1032,Hubli,1
2026-10-26,FLT-1053,Hubli,2
2026-10-26,FLT-1074,Hubli,1
2026-10-26,FLT-1079,Hubli,1
2026-10-26,HYD-1063,Hubli,1
2026-10-26,HYD-1081,Hubli,1
2026-10-26,PMP-1019,Hubli,1
2026-10-26,PMP-1056,Hubli,1
2026-10-26,PMP-1063,Hubli,3
2026-10-26,PMP-1079,Hubli,1
2026-10-26,SEL-1002,Hubli,1
2026-10-26,SEL-1008,Hubli,1
2026-10-26,SEL-1014,Hubli,2
2026-10-26,SEL-1037,Hubli,2
2026-10-26,SEL-1077,Hubli,2
2026-10-26,SEL-3310,Hubli,1
2026-10-27,BLT-1016,Bagalkot,3
2026-10-27,BLT-1032,Bagalkot,1
2026-10-27,BLT-1035,Bagalkot,1
2026-10-27,BLT-1053,Bagalkot,2
2026-10-27,BLT-1061,Bagalkot,1
2026-10-27,BLT-1066,Bagalkot,2
2026-10-27,BLT-1073,Bagalkot,1
2026-10-27,BLT-1093,Bagalkot,3
2026-10-27,BRG-1008,Bagalkot,1
2026-10-27,BRG-1018,Bagalkot,1
2026-10-27,BRG-1033,Bagalkot,1
2026-10-27,BRG-1064,Bagalkot,1
2026-10-27,BRG-1092,Bagalkot,2
2026-10-27,BRG-1099,Bagalkot,1
2026-10-27,CLT-1007,Bagalkot,1
2026-10-27,CLT-1037,Bagalkot,1
2026-10-27,CLT-1057,Bagalkot,1
2026-10-27,CLT-1068,Bagalkot,1
2026-10-27,CLT-1099,Bagalkot,2
2026-10-27,ELE-1000,Bagalkot,1
2026-10-27,ELE-1010,Bagalkot,1
2026-10-27,ELE-1018,Bagalkot,1
2026-10-27,ELE-1086,Bagalkot,1
2026-10-27,FLT-1021,Bagalkot,1
2026-10-27,FLT-1056,Bagalkot,1
2026-10-27,FLT-1063,Bagalkot,2
2026-10-27,FLT-1074,Bagalkot,1
2026-10-27,FLT-1093,Bagalkot,2
2026-10-27,HYD-1024,Bagalkot,5
2026-10-27,HYD-1028,Bagalkot,1
2026-10-27,HYD-1042,Bagalkot,2
2026-10-27,HYD-1095,Bagalkot,1
2026-10-27,HYD-1098,Bagalkot,1
2026-10-27,PMP-1002,Bagalkot,3
2026-10-27,PMP-1089,Bagalkot,1
2026-10-27,PMP-1098,Bagalkot,1
2026-10-27,PMP-5012,Bagalkot,1
2026-10-27,SEL-1002,Bagalkot,1
2026-10-27,SEL-1042,Bagalkot,1
2026-10-27,SEL-1085,Bagalkot,1
2026-10-27,SEL-1098,Bagalkot,1
2026-10-27,BLT-1016,Belgaum,2
2026-10-27,BLT-1073,Belgaum,4
2026-10-27,BLT-1080,Belgaum,1
2026-10-27,BRG-1018,Belgaum,2
2026-10-27,BRG-1037,Belgaum,4
2026-10-27,BRG-1075,Belgaum,1
2026-10-27,BRG-1086,Belgaum,1
2026-10-27,CLT-1004,Belgaum,2
2026-10-27,CLT-1028,Belgaum,1
2026-10-27,CLT-1037,Belgaum,1
2026-10-27,CLT-1057,Belgaum,1
2026-10-27,CLT-1074,Belgaum,2
2026-10-27,CLT-1089,Belgaum,1
2026-10-27,CLT-1099,Belgaum,1
2026-10-27,ELE-1023,Belgaum,1
2026-10-27,ELE-1092,Belgaum,1
2026-10-27,ELE-1100,Belgaum,1
2026-10-27,FLT-1009,Belgaum,2
2026-10-27,FLT-1021,Belgaum,1
2026-10-27,FLT-1022,Belgaum,3
2026-10-27,FLT-1037,Belgaum,1
2026-10-27,FLT-1053,Belgaum,1
2026-10-27,FLT-1079,Belgaum,4
2026-10-27,FLT-1086,Belgaum,2
2026-10-27,FLT-1098,Belgaum,2
2026-10-27,HYD-1004,Belgaum,3
2026-10-27,HYD-1012,Belgaum,2
2026-10-27,HYD-1016,Belgaum,1
2026-10-27,HYD-1024,Belgaum,1
2026-10-27,HYD-1042,Belgaum,2
2026-10-27,HYD-1061,Belgaum,1
2026-10-27,HYD-1063,Belgaum,1
2026-10-27,HYD-1095,Belgaum,1
2026-10-27,PMP-1043,Belgaum,1
2026-10-27,PMP-1056,Belgaum,1
2026-10-27,PMP-1075,Belgaum,1
2026-10-27,PMP-5012,Belgaum,3
2026-10-27,SEL-1002,Belgaum,2
2026-10-27,SEL-1008,Belgaum,1
2026-10-27,SEL-1037,Belgaum,2
2026-10-27,SEL-3310,Belgaum,1
2026-10-27,BLT-1026,Bijapur,4
2026-10-27,BLT-1032,Bijapur,4
2026-10-27,BLT-1035,Bijapur,2
2026-10-27,BLT-1080,Bijapur,1
2026-10-27,BLT-1093,Bijapur,1
2026-10-27,BRG-1033,Bijapur,1
2026-10-27,BRG-1037,Bijapur,1
2026-10-27,BRG-1049,Bijapur,1
2026-10-27,BRG-1064,Bijapur,3
2026-10-27,BRG-1075,Bijapur,1
2026-10-27,CLT-1007,Bijapur,2
2026-10-27,CLT-1016,Bijapur,1
2026-10-27,CLT-1021,Bijapur,1
2026-10-27,FLT-1009,Bijapur,1
2026-10-27,FLT-1016,Bijapur,3
2026-10-27,FLT-1037,Bijapur,1
2026-10-27,FLT-1053,Bijapur,1
2026-10-27,FLT-1079,Bijapur,1
2026-10-27,FLT-1086,Bijapur,1
2026-10-27,HYD-1024,Bijapur,2
2026-10-27,HYD-1028,Bijapur,3
2026-10-27,HYD-1042,Bijapur,4
2026-10-27,HYD-1074,Bijapur,1
2026-10-27,HYD-1098,Bijapur,1
2026-10-27,PMP-1009,Bijapur,3
2026-10-27,PMP-1032,Bijapur,1
2026-10-27,PMP-1063,Bijapur,1
2026-10-27,PMP-1089,Bijapur,2
2026-10-27,PMP-1098,Bijapur,1
2026-10-27,PMP-5012,Bijapur,1
2026-10-27,SEL-1029,Bijapur,1
2026-10-27,SEL-1037,Bijapur,1
2026-10-27,SEL-1068,Bijapur,1
2026-10-27,SEL-1070,Bijapur,1
2026-10-27,SEL-1096,Bijapur,2
2026-10-27,BLT-1003,Dharwad,3
2026-10-27,BLT-1053,Dharwad,1
2026-10-27,BLT-1073,Dharwad,1
2026-10-27,BLT-1080,Dharwad,1
2026-10-27,BRG-1000,Dharwad,1
2026-10-27,BRG-1008,Dharwad,2
2026-10-27,BRG-1025,Dharwad,4
2026-10-27,BRG-1075,Dharwad,1
2026-10-27,BRG-1081,Dharwad,1
2026-10-27,BRG-1092,Dharwad,1
2026-10-27,BRG-2207,Dharwad,1
2026-10-27,CLT-1021,Dharwad,1
2026-10-27,CLT-1037,Dharwad,1
2026-10-27,CLT-1057,Dharwad,1
2026-10-27,CLT-1081,Dharwad,1
2026-10-27,CLT-1089,Dharwad,1
2026-10-27,CLT-1099,Dharwad,1
2026-10-27,ELE-1000,Dharwad,1
2026-10-27,ELE-1051,Dharwad,1
2026-10-27,ELE-1092,Dharwad,1
2026-10-27,FLT-1016,Dharwad,1
2026-10-27,FLT-1032,Dharwad,1
2026-10-27,FLT-1037,Dharwad,2
2026-10-27,HYD-1038,Dharwad,2
2026-10-27,HYD-1081,Dharwad,1
2026-10-27,PMP-1009,Dharwad,1
2026-10-27,PMP-1023,Dharwad,1
2026-10-27,PMP-1032,Dharwad,1
2026-10-27,PMP-1063,Dharwad,1
2026-10-27,PMP-1089,Dharwad,1
2026-10-27,PMP-1091,Dharwad,1
2026-10-27,PMP-5012,Dharwad,1
2026-10-27,SEL-1037,Dharwad,1
2026-10-27,SEL-1042,Dharwad,1
2026-10-27,SEL-1059,Dharwad,1
2026-10-27,BLT-1012,Gokak,3
2026-10-27,BLT-1026,Gokak,2
2026-10-27,BLT-1032,Gokak,1
2026-10-27,BLT-1053,Gokak,4
2026-10-27,BLT-1066,Gokak,1
2026-10-27,BLT-1087,Gokak,2
2026-10-27,BLT-1093,Gokak,2
2026-10-27,BLT-1098,Gokak,1
2026-10-27,BLT-4105,Gokak,1
2026-10-27,BRG-1086,Gokak,1
2026-10-27,BRG-1092,Gokak,3
2026-10-27,BRG-1099,Gokak,2
2026-10-27,CLT-1016,Gokak,1
2026-10-27,CLT-1028,Gokak,1
2026-10-27,CLT-1099,Gokak,1
2026-10-27,ELE-1044,Gokak,1
2026-10-27,ELE-1051,Gokak,1
2026-10-27,ELE-1092,Gokak,1
2026-10-27,ELE-1100,Gokak,1
2026-10-27,FLT-1016,Gokak,1
2026-10-27,FLT-1021,Gokak,1
2026-10-27,FLT-1032,Gokak,1
2026-10-27,FLT-1037,Gokak,1
2026-10-27,FLT-1056,Gokak,1
2026-10-27,FLT-1098,Gokak,1
2026-10-27,HYD-1012,Gokak,1
2026-10-27,HYD-1016,Gokak,1
2026-10-27,HYD-1074,Gokak,2
2026-10-27,HYD-1089,Gokak,2
2026-10-27,PMP-1023,Gokak,1
2026-10-27,PMP-1032,Gokak,1
2026-10-27,PMP-1036,Gokak,1
2026-10-27,PMP-1043,Gokak,1
2026-10-27,PMP-1052,Gokak,3
2026-10-27,PMP-1091,Gokak,5
2026-10-27,SEL-1008,Gokak,1
2026-10-27,SEL-1029,Gokak,2
2026-10-27,SEL-1042,Gokak,2
2026-10-27,SEL-3310,Gokak,5
2026-10-27,BLT-1016,Hubli,1
2026-10-27,BLT-1032,Hubli,1
2026-10-27,BLT-1053,Hubli,1
2026-10-27,BLT-4105,Hubli,1
2026-10-27,BRG-1000,Hubli,1
2026-10-27,BRG-1045,Hubli,2
2026-10-27,BRG-1081,Hubli,1
2026-10-27,CLT-1016,Hubli,1
2026-10-27,CLT-1037,Hubli,1
2026-10-27,CLT-1057,Hubli,1
2026-10-27,CLT-1068,Hubli,1
2026-10-27,CLT-1099,Hubli,3
2026-10-27,ELE-1010,Hubli,1
2026-10-27,ELE-1039,Hubli,2
2026-10-27,ELE-1044,Hubli,2
2026-10-27,ELE-1079,Hubli,1
2026-10-27,ELE-1086,Hubli,2
2026-10-27,ELE-1092,Hubli,2
2026-10-27,FLT-1016,Hubli,1
2026-10-27,FLT-1037,Hubli,2
2026-10-27,FLT-1074,Hubli,3
2026-10-27,FLT-1098,Hubli,1
2026-10-27,HYD-1016,Hubli,2
2026-10-27,HYD-1024,Hubli,1
2026-10-27,HYD-1081,Hubli,1
2026-10-27,HYD-1095,Hubli,2
2026-10-27,PMP-1089,Hubli,1
2026-10-27,PMP-1091,Hubli,1
2026-10-27,SEL-1002,Hubli,2
2026-10-27,SEL-1029,Hubli,1
2026-10-27,SEL-1037,Hubli,1
2026-10-27,SEL-1052,Hubli,1
2026-10-27,SEL-1068,Hubli,1
2026-10-27,SEL-1096,Hubli,1
2026-10-27,SEL-3310,Hubli,7
2026-10-28,BLT-1012,Bagalkot,2
2026-10-28,BLT-1035,Bagalkot,2
2026-10-28,BLT-1061,Bagalkot,3
2026-10-28,BLT-1073,Bagalkot,1
2026-10-28,BLT-1087,Bagalkot,1
2026-10-28,BLT-1093,Bagalkot,3
2026-10-28,BLT-4105,Bagalkot,2
2026-10-28,BRG-1033,Bagalkot,3
2026-10-28,BRG-1049,Bagalkot,2
2026-10-28,BRG-1081,Bagalkot,2
2026-10-28,BRG-1092,Bagalkot,1
2026-10-28,CLT-1007,Bagalkot,1
2026-10-28,CLT-1068,Bagalkot,2
2026-10-28,CLT-1081,Bagalkot,2
2026-10-28,CLT-1099,Bagalkot,1
2026-10-28,ELE-1010,Bagalkot,1
2026-10-28,ELE-1018,Bagalkot,4
2026-10-28,ELE-1079,Bagalkot,1
2026-10-28,FLT-1063,Bagalkot,1
2026-10-28,FLT-1074,Bagalkot,2
2026-10-28,FLT-1086,Bagalkot,1
2026-10-28,HYD-1012,Bagalkot,4
2026-10-28,HYD-1024,Bagalkot,4
2026-10-28,HYD-1028,Bagalkot,1
2026-10-28,HYD-1042,Bagalkot,1
2026-10-28,HYD-1051,Bagalkot,1
2026-10-28,HYD-1061,Bagalkot,1
2026-10-28,HYD-1074,Bagalkot,1
2026-10-28,HYD-1098,Bagalkot,1
2026-10-28,PMP-1036,Bagalkot,2
2026-10-28,PMP-1089,Bagalkot,1
2026-10-28,SEL-1002,Bagalkot,1
2026-10-28,SEL-1037,Bagalkot,1
2026-10-28,SEL-1070,Bagalkot,1
2026-10-28,SEL-1085,Bagalkot,5
2026-10-28,BLT-1073,Belgaum,2
2026-10-28,BLT-1087,Belgaum,1
2026-10-28,BLT-4105,Belgaum,1
2026-10-28,BRG-1018,Belgaum,2
2026-10-28,BRG-1037,Belgaum,2
2026-10-28,BRG-1064,Belgaum,1
2026-10-28,BRG-1075,Belgaum,2
2026-10-28,BRG-1086,Belgaum,1
2026-10-28,CLT-1004,Belgaum,2
2026-10-28,CLT-1021,Belgaum,1
2026-10-28,CLT-1037,Belgaum,1
2026-10-28,CLT-1057,Belgaum,1
2026-10-28,CLT-1074,Belgaum,1
2026-10-28,CLT-1089,Belgaum,2
2026-10-28,CLT-1092,Belgaum,2
2026-10-28,CLT-1099,Belgaum,1
2026-10-28,ELE-1000,Belgaum,1
2026-10-28,ELE-1030,Belgaum,1
2026-10-28,ELE-1039,Belgaum,2
2026-10-28,ELE-1092,Belgaum,3
2026-10-28,FLT-1021,Belgaum,2
2026-10-28,FLT-1022,Belgaum,3
2026-10-28,FLT-1037,Belgaum,2
2026-10-28,FLT-1045,Belgaum,2
2026-10-28,FLT-1079,Belgaum,2
2026-10-28,FLT-1086,Belgaum,2
2026-10-28,FLT-1098,Belgaum,1
2026-10-28,HYD-1012,Belgaum,1
2026-10-28,HYD-1016,Belgaum,1
2026-10-28,HYD-1061,Belgaum,2
2026-10-28,HYD-1081,Belgaum,2
2026-10-28,HYD-1095,Belgaum,1
2026-10-28,HYD-1098,Belgaum,1
2026-10-28,PMP-1036,Belgaum,1
2026-10-28,PMP-1056,Belgaum,1
2026-10-28,SEL-1002,Belgaum,1
2026-10-28,SEL-1008,Belgaum,4
2026-10-28,SEL-1037,Belgaum,3
2026-10-28,SEL-3310,Belgaum,1
2026-10-28,BLT-1012,Bijapur,1
2026-10-28,BLT-1026,Bijapur,3
2026-10-28,BLT-1032,Bijapur,3
2026-10-28,BLT-1098,Bijapur,1
2026-10-28,BLT-4105,Bijapur,2
2026-10-28,BRG-1064,Bijapur,5
2026-10-28,BRG-1075,Bijapur,1
2026-10-28,CLT-1007,Bijapur,1
2026-10-28,CLT-1044,Bijapur,2
2026-10-28,CLT-1089,Bijapur,2
2026-10-28,ELE-1010,Bijapur,1
2026-10-28,ELE-1023,Bijapur,1
2026-10-28,FLT-1001,Bijapur,1
2026-10-28,FLT-1009,Bijapur,2
2026-10-28,FLT-1016,Bijapur,1
2026-10-28,FLT-1053,Bijapur,2
2026-10-28,FLT-1079,Bijapur,1
2026-10-28,FLT-1086,Bijapur,1
2026-10-28,FLT-1098,Bijapur,1
2026-10-28,HYD-1024,Bijapur,3
2026-10-28,HYD-1042,Bijapur,3
2026-10-28,HYD-1098,Bijapur,1
2026-10-28,PMP-1009,Bijapur,2
2026-10-28,PMP-1089,Bijapur,2
2026-10-28,PMP-1091,Bijapur,1
2026-10-28,PMP-5012,Bijapur,2
2026-10-28,SEL-1014,Bijapur,1
2026-10-28,SEL-1037,Bijapur,2
2026-10-28,SEL-1042,Bijapur,1
2026-10-28,SEL-1068,Bijapur,1
2026-10-28,SEL-1070,Bijapur,2
2026-10-28,SEL-1096,Bijapur,3
2026-10-28,BLT-1035,Dharwad,2
2026-10-28,BLT-1066,Dharwad,1
2026-10-28,BLT-1087,Dharwad,1
2026-10-28,BLT-1098,Dharwad,1
2026-10-28,BRG-1000,Dharwad,1
2026-10-28,BRG-1008,Dharwad,2
2026-10-28,BRG-1018,Dharwad,1
2026-10-28,BRG-1025,Dharwad,4
2026-10-28,BRG-1092,Dharwad,2
2026-10-28,BRG-1099,Dharwad,2
2026-10-28,CLT-1021,Dharwad,2
2026-10-28,CLT-1028,Dharwad,2
2026-10-28,CLT-1037,Dharwad,1
2026-10-28,CLT-1053,Dharwad,1
2026-10-28,CLT-1057,Dharwad,1
2026-10-28,CLT-1068,Dharwad,1
2026-10-28,CLT-1089,Dharwad,1
2026-10-28,ELE-1010,Dharwad,1
2026-10-28,ELE-1092,Dharwad,1
2026-10-28,ELE-1100,Dharwad,3
2026-10-28,FLT-1021,Dharwad,1
2026-10-28,FLT-1045,Dharwad,1
2026-10-28,FLT-1093,Dharwad,1
2026-10-28,HYD-1004,Dharwad,2
2026-10-28,HYD-1038,Dharwad,2
2026-10-28,HYD-1051,Dharwad,1
2026-10-28,HYD-1074,Dharwad,1
2026-10-28,HYD-1095,Dharwad,2
2026-10-28,PMP-1002,Dharwad,1
2026-10-28,PMP-1009,Dharwad,2
2026-10-28,PMP-1032,Dharwad,1
2026-10-28,PMP-1036,Dharwad,3
2026-10-28,PMP-1043,Dharwad,1
2026-10-28,PMP-1091,Dharwad,2
2026-10-28,PMP-5012,Dharwad,2
2026-10-28,SEL-1002,Dharwad,3
2026-10-28,SEL-3310,Dharwad,1
2026-10-28,BLT-1012,Gokak,1
2026-10-28,BLT-1026,Gokak,3
2026-10-28,BLT-1053,Gokak,4
2026-10-28,BLT-1087,Gokak,5
2026-10-28,BLT-1093,Gokak,1
2026-10-28,BLT-1098,Gokak,1
2026-10-28,BRG-1064,Gokak,1
2026-10-28,BRG-1099,Gokak,1
2026-10-28,CLT-1007,Gokak,1
2026-10-28,CLT-1016,Gokak,4
2026-10-28,CLT-1028,Gokak,1
2026-10-28,CLT-1057,Gokak,1
2026-10-28,ELE-1000,Gokak,2
2026-10-28,ELE-1010,Gokak,1
2026-10-28,ELE-1018,Gokak,1
2026-10-28,ELE-1057,Gokak,1
2026-10-28,ELE-1073,Gokak,1
2026-10-28,ELE-1100,Gokak,1
2026-10-28,FLT-1021,Gokak,3
2026-10-28,FLT-1032,Gokak,1
2026-10-28,FLT-1037,Gokak,1
2026-10-28,FLT-1086,Gokak,1
2026-10-28,HYD-1004,Gokak,2
2026-10-28,HYD-1016,Gokak,1
2026-10-28,HYD-1038,Gokak,1
2026-10-28,HYD-1074,Gokak,3
2026-10-28,HYD-1089,Gokak,2
2026-10-28,PMP-1019,Gokak,1
2026-10-28,PMP-1023,Gokak,1
2026-10-28,PMP-1043,Gokak,1
2026-10-28,PMP-1091,Gokak,2
2026-10-28,PMP-5012,Gokak,1
2026-10-28,SEL-1008,Gokak,1
2026-10-28,SEL-1042,Gokak,1
2026-10-28,SEL-1077,Gokak,2
2026-10-28,SEL-1096,Gokak,1
2026-10-28,SEL-3310,Gokak,2
2026-10-28,BLT-1003,Hubli,2
2026-10-28,BLT-4105,Hubli,1
2026-10-28,BRG-1081,Hubli,1
2026-10-28,CLT-1007,Hubli,2
2026-10-28,CLT-1016,Hubli,1
2026-10-28,CLT-1057,Hubli,1
2026-10-28,CLT-1099,Hubli,1
2026-10-28,ELE-1010,Hubli,4
2026-10-28,ELE-1030,Hubli,1
2026-10-28,ELE-1044,Hubli,1
2026-10-28,ELE-1079,Hubli,2
2026-10-28,ELE-1086,Hubli,2
2026-10-28,FLT-1009,Hubli,1
2026-10-28,FLT-1032,Hubli,1
2026-10-28,FLT-1037,Hubli,1
2026-10-28,HYD-1024,Hubli,3
2026-10-28,HYD-1095,Hubli,1
2026-10-28,HYD-1098,Hubli,1
2026-10-28,PMP-1019,Hubli,1
2026-10-28,PMP-1032,Hubli,1
2026-10-28,PMP-1089,Hubli,2
2026-10-28,SEL-1002,Hubli,1
2026-10-28,SEL-1037,Hubli,1
2026-10-28,SEL-1077,Hubli,1
2026-10-28,SEL-1096,Hubli,2
2026-10-28,SEL-3310,Hubli,1
2026-10-29,BLT-1016,Bagalkot,3
2026-10-29,BLT-1035,Bagalkot,2
2026-10-29,BLT-1053,Bagalkot,1
2026-10-29,BLT-1061,Bagalkot,1
2026-10-29,BLT-1080,Bagalkot,1
2026-10-29,BLT-1093,Bagalkot,1
2026-10-29,BLT-4105,Bagalkot,2
2026-10-29,BRG-1000,Bagalkot,2
2026-10-29,BRG-1033,Bagalkot,3
2026-10-29,BRG-1049,Bagalkot,1
2026-10-29,BRG-1058,Bagalkot,1
2026-10-29,BRG-1086,Bagalkot,1
2026-10-29,BRG-1099,Bagalkot,1
2026-10-29,CLT-1037,Bagalkot,1
2026-10-29,CLT-1057,Bagalkot,1
2026-10-29,CLT-1099,Bagalkot,1
2026-10-29,ELE-1010,Bagalkot,1
2026-10-29,ELE-1018,Bagalkot,1
2026-10-29,ELE-1030,Bagalkot,2
2026-10-29,ELE-1051,Bagalkot,1
2026-10-29,ELE-1057,Bagalkot,2
2026-10-29,ELE-1067,Bagalkot,1
2026-10-29,FLT-1022,Bagalkot,1
2026-10-29,FLT-1032,Bagalkot,1
2026-10-29,FLT-1056,Bagalkot,2
2026-10-29,FLT-1074,Bagalkot,1
2026-10-29,HYD-1004,Bagalkot,1
2026-10-29,HYD-1016,Bagalkot,1
2026-10-29,HYD-1024,Bagalkot,1
2026-10-29,HYD-1028,Bagalkot,1
2026-10-29,HYD-1051,Bagalkot,1
2026-10-29,PMP-1002,Bagalkot,3
2026-10-29,PMP-1043,Bagalkot,1
2026-10-29,PMP-5012,Bagalkot,1
2026-10-29,SEL-1042,Bagalkot,4
2026-10-29,SEL-1052,Bagalkot,1
2026-10-29,SEL-1085,Bagalkot,1
2026-10-29,SEL-1098,Bagalkot,1
2026-10-29,BLT-1016,Belgaum,1
2026-10-29,BLT-1032,Belgaum,2
2026-10-29,BLT-1073,Belgaum,2
2026-10-29,BLT-1080,Belgaum,2
2026-10-29,BLT-1087,Belgaum,2
2026-10-29,BLT-1093,Belgaum,1
2026-10-29,BRG-1018,Belgaum,1
2026-10-29,BRG-1037,Belgaum,3
2026-10-29,BRG-1058,Belgaum,1
2026-10-29,CLT-1004,Belgaum,2
2026-10-29,CLT-1021,Belgaum,1
2026-10-29,CLT-1028,Belgaum,2
2026-10-29,CLT-1053,Belgaum,1
2026-10-29,CLT-1074,Belgaum,1
2026-10-29,CLT-1089,Belgaum,1
2026-10-29,ELE-1039,Belgaum,3
2026-10-29,FLT-1022,Belgaum,2
2026-10-29,FLT-1037,Belgaum,4
2026-10-29,FLT-1045,Belgaum,2
2026-10-29,FLT-1053,Belgaum,1
2026-10-29,FLT-1086,Belgaum,1
2026-10-29,FLT-1098,Belgaum,1
2026-10-29,HYD-1042,Belgaum,2
2026-10-29,HYD-1095,Belgaum,3
2026-10-29,PMP-1056,Belgaum,3
2026-10-29,PMP-5012,Belgaum,4
2026-10-29,SEL-1002,Belgaum,2
2026-10-29,SEL-1024,Belgaum,2
2026-10-29,SEL-1037,Belgaum,3
2026-10-29,SEL-3310,Belgaum,2
2026-10-29,BLT-1012,Bijapur,1
2026-10-29,BLT-1032,Bijapur,2
2026-10-29,BLT-1053,Bijapur,1
2026-10-29,BLT-1080,Bijapur,1
2026-10-29,BLT-4105,Bijapur,4
2026-10-29,BRG-1049,Bijapur,1
2026-10-29,BRG-1064,Bijapur,2
2026-10-29,BRG-1075,Bijapur,1
2026-10-29,ELE-1010,Bijapur,1
2026-10-29,FLT-1001,Bijapur,1
2026-10-29,FLT-1009,Bijapur,3
2026-10-29,FLT-1032,Bijapur,2
2026-10-29,FLT-1037,Bijapur,1
2026-10-29,FLT-1053,Bijapur,4
2026-10-29,FLT-1086,Bijapur,4
2026-10-29,FLT-1093,Bijapur,1
2026-10-29,HYD-1016,Bijapur,1
2026-10-29,HYD-1024,Bijapur,2
2026-10-29,HYD-1042,Bijapur,5
2026-10-29,HYD-1063,Bijapur,2
2026-10-29,PMP-1009,Bijapur,2
2026-10-29,PMP-1075,Bijapur,2
2026-10-29,PMP-1089,Bijapur,3
2026-10-29,PMP-5012,Bijapur,1
2026-10-29,SEL-1037,Bijapur,1
2026-10-29,SEL-1042,Bijapur,1
2026-10-29,SEL-1068,Bijapur,5
2026-10-29,SEL-1085,Bijapur,2
2026-10-29,BLT-1003,Dharwad,5
2026-10-29,BLT-1032,Dharwad,1
2026-10-29,BLT-1035,Dharwad,1
2026-10-29,BLT-1073,Dharwad,1
2026-10-29,BLT-1087,Dharwad,2
2026-10-29,BLT-1098,Dharwad,1
2026-10-29,BLT-4105,Dharwad,1
2026-10-29,BRG-1008,Dharwad,2
2026-10-29,BRG-1025,Dharwad,1
2026-10-29,BRG-1058,Dharwad,1
2026-10-29,BRG-1064,Dharwad,1
2026-10-29,BRG-1081,Dharwad,1
2026-10-29,BRG-1086,Dharwad,1
2026-10-29,BRG-1099,Dharwad,1
2026-10-29,CLT-1028,Dharwad,2
2026-10-29,CLT-1037,Dharwad,1
2026-10-29,CLT-1057,Dharwad,2
2026-10-29,CLT-1089,Dharwad,1
2026-10-29,CLT-1092,Dharwad,3
2026-10-29,ELE-1051,Dharwad,1
2026-10-29,ELE-1086,Dharwad,2
2026-10-29,FLT-1016,Dharwad,1
2026-10-29,FLT-1022,Dharwad,1
2026-10-29,FLT-1053,Dharwad,1
2026-10-29,FLT-1093,Dharwad,1
2026-10-29,HYD-1024,Dharwad,1
2026-10-29,HYD-1038,Dharwad,1
2026-10-29,HYD-1051,Dharwad,1
2026-10-29,HYD-1081,Dharwad,2
2026-10-29,HYD-1095,Dharwad,3
2026-10-29,PMP-1002,Dharwad,1
2026-10-29,PMP-1009,Dharwad,2
2026-10-29,PMP-1023,Dharwad,1
2026-10-29,PMP-1032,Dharwad,1
2026-10-29,PMP-1036,Dharwad,2
2026-10-29,PMP-1056,Dharwad,1
2026-10-29,PMP-1063,Dharwad,2
2026-10-29,PMP-1079,Dharwad,1
2026-10-29,PMP-1089,Dharwad,1
2026-10-29,PMP-1091,Dharwad,1
2026-10-29,PMP-5012,Dharwad,1
2026-10-29,SEL-1002,Dharwad,1
2026-10-29,SEL-1042,Dharwad,2
2026-10-29,SEL-1068,Dharwad,1
2026-10-29,BLT-1053,Gokak,1
2026-10-29,BLT-1066,Gokak,1
2026-10-29,BLT-1087,Gokak,3
2026-10-29,BLT-1093,Gokak,1
2026-10-29,BLT-4105,Gokak,1
2026-10-29,BRG-1033,Gokak,1
2026-10-29,BRG-1049,Gokak,1
2026-10-29,BRG-1064,Gokak,2
2026-10-29,BRG-1092,Gokak,2
2026-10-29,BRG-1099,Gokak,4
2026-10-29,CLT-1007,Gokak,1
2026-10-29,CLT-1028,Gokak,1
2026-10-29,CLT-1044,Gokak,1
2026-10-29,ELE-1000,Gokak,2
2026-10-29,ELE-1010,Gokak,2
2026-10-29,ELE-1018,Gokak,1
2026-10-29,ELE-1044,Gokak,1
2026-10-29,ELE-1057,Gokak,1
2026-10-29,ELE-1073,Gokak,1
2026-10-29,ELE-1100,Gokak,3
2026-10-29,FLT-1021,Gokak,5
2026-10-29,FLT-1037,Gokak,5
2026-10-29,FLT-1045,Gokak,3
2026-10-29,FLT-1098,Gokak,3
2026-10-29,HYD-1004,Gokak,3
2026-10-29,HYD-1012,Gokak,6
2026-10-29,HYD-1028,Gokak,1
2026-10-29,HYD-1038,Gokak,1
2026-10-29,HYD-1074,Gokak,5
2026-10-29,HYD-1089,Gokak,2
2026-10-29,PMP-1052,Gokak,1
2026-10-29,PMP-1091,Gokak,1
2026-10-29,PMP-5012,Gokak,2
2026-10-29,SEL-1008,Gokak,1
2026-10-29,SEL-1024,Gokak,1
2026-10-29,SEL-1029,Gokak,2
2026-10-29,SEL-3310,Gokak,1
2026-10-29,BLT-1003,Hubli,1
2026-10-29,BLT-1016,Hubli,1
2026-10-29,BLT-1080,Hubli,1
2026-10-29,BLT-4105,Hubli,2
2026-10-29,BRG-1000,Hubli,1
2026-10-29,BRG-1025,Hubli,1
2026-10-29,BRG-1037,Hubli,2
2026-10-29,BRG-1045,Hubli,1
2026-10-29,BRG-1064,Hubli,1
2026-10-29,BRG-1081,Hubli,4
2026-10-29,CLT-1007,Hubli,2
2026-10-29,CLT-1016,Hubli,2
2026-10-29,CLT-1037,Hubli,1
2026-10-29,CLT-1068,Hubli,1
2026-10-29,CLT-1099,Hubli,2
2026-10-29,ELE-1010,Hubli,3
2026-10-29,ELE-1030,Hubli,2
2026-10-29,ELE-1086,Hubli,2
2026-10-29,FLT-1009,Hubli,1
2026-10-29,FLT-1032,Hubli,2
2026-10-29,HYD-1024,Hubli,2
2026-10-29,HYD-1028,Hubli,1
2026-10-29,HYD-1063,Hubli,1
2026-10-29,HYD-1098,Hubli,1
2026-10-29,PMP-1009,Hubli,1
2026-10-29,PMP-1019,Hubli,1
2026-10-29,PMP-1023,Hubli,1
2026-10-29,PMP-1056,Hubli,1
2026-10-29,PMP-1063,Hubli,1
2026-10-29,PMP-1079,Hubli,2
2026-10-29,PMP-1091,Hubli,1
2026-10-29,PMP-5012,Hubli,1
2026-10-29,SEL-1014,Hubli,1
2026-10-29,SEL-1042,Hubli,1
2026-10-29,SEL-1068,Hubli,2
2026-10-29,SEL-1077,Hubli,1
2026-10-29,SEL-3310,Hubli,1
2026-10-30,BLT-1016,Bagalkot,2
2026-10-30,BLT-1035,Bagalkot,2
2026-10-30,BLT-1061,Bagalkot,3
2026-10-30,BLT-1073,Bagalkot,1
2026-10-30,BLT-1080,Bagalkot,1
2026-10-30,BLT-1087,Bagalkot,1
2026-10-30,BLT-1093,Bagalkot,1
2026-10-30,BLT-4105,Bagalkot,1
2026-10-30,BRG-1008,Bagalkot,2
2026-10-30,BRG-1025,Bagalkot,1
2026-10-30,BRG-1033,Bagalkot,1
2026-10-30,BRG-1049,Bagalkot,1
2026-10-30,BRG-1064,Bagalkot,1
2026-10-30,BRG-1086,Bagalkot,1
2026-10-30,CLT-1007,Bagalkot,1
2026-10-30,CLT-1021,Bagalkot,1
2026-10-30,CLT-1099,Bagalkot,1
2026-10-30,ELE-1018,Bagalkot,2
2026-10-30,ELE-1023,Bagalkot,1
2026-10-30,FLT-1021,Bagalkot,1
2026-10-30,FLT-1022,Bagalkot,1
2026-10-30,FLT-1032,Bagalkot,1
2026-10-30,FLT-1056,Bagalkot,5
2026-10-30,FLT-1074,Bagalkot,3
2026-10-30,FLT-1086,Bagalkot,1
2026-10-30,FLT-1093,Bagalkot,2
2026-10-30,HYD-1012,Bagalkot,1
2026-10-30,HYD-1016,Bagalkot,1
2026-10-30,HYD-1024,Bagalkot,1
2026-10-30,HYD-1028,Bagalkot,3
2026-10-30,HYD-1042,Bagalkot,2
2026-10-30,HYD-1095,Bagalkot,1
2026-10-30,HYD-1098,Bagalkot,1
2026-10-30,PMP-1002,Bagalkot,1
2026-10-30,PMP-1043,Bagalkot,1
2026-10-30,PMP-1052,Bagalkot,1
2026-10-30,PMP-1098,Bagalkot,2
2026-10-30,PMP-5012,Bagalkot,1
2026-10-30,SEL-1042,Bagalkot,1
2026-10-30,SEL-1068,Bagalkot,1
2026-10-30,BLT-1016,Belgaum,1
2026-10-30,BLT-1032,Belgaum,2
2026-10-30,BLT-1035,Belgaum,1
2026-10-30,BLT-1073,Belgaum,1
2026-10-30,BLT-1080,Belgaum,1
2026-10-30,BLT-1087,Belgaum,2
2026-10-30,BRG-1018,Belgaum,2
2026-10-30,BRG-1058,Belgaum,1
2026-10-30,BRG-1064,Belgaum,2
2026-10-30,BRG-1075,Belgaum,1
2026-10-30,BRG-1099,Belgaum,2
2026-10-30,CLT-1004,Belgaum,5
2026-10-30,CLT-1044,Belgaum,1
2026-10-30,CLT-1057,Belgaum,1
2026-10-30,CLT-1074,Belgaum,1
2026-10-30,CLT-1089,Belgaum,1
2026-10-30,CLT-1099,Belgaum,1
2026-10-30,ELE-1023,Belgaum,1
2026-10-30,FLT-1001,Belgaum,1
2026-10-30,FLT-1009,Belgaum,2
2026-10-30,FLT-1021,Belgaum,1
2026-10-30,FLT-1022,Belgaum,3
2026-10-30,FLT-1053,Belgaum,1
2026-10-30,FLT-1079,Belgaum,2
2026-10-30,FLT-1098,Belgaum,2
2026-10-30,HYD-1012,Belgaum,1
2026-10-30,HYD-1016,Belgaum,1
2026-10-30,HYD-1024,Belgaum,1
2026-10-30,HYD-1042,Belgaum,2
2026-10-30,PMP-1056,Belgaum,2
2026-10-30,PMP-1075,Belgaum,2
2026-10-30,PMP-5012,Belgaum,3
2026-10-30,SEL-1002,Belgaum,1
2026-10-30,SEL-1008,Belgaum,1
2026-10-30,SEL-1037,Belgaum,3
2026-10-30,SEL-1085,Belgaum,2
2026-10-30,BLT-1035,Bijapur,1
2026-10-30,BLT-1061,Bijapur,1
2026-10-30,BLT-1080,Bijapur,2
2026-10-30,BRG-1049,Bijapur,1
2026-10-30,BRG-1064,Bijapur,4
2026-10-30,BRG-1075,Bijapur,1
2026-10-30,BRG-1092,Bijapur,1
2026-10-30,CLT-1007,Bijapur,1
2026-10-30,CLT-1044,Bijapur,2
2026-10-30,CLT-1053,Bijapur,1
2026-10-30,CLT-1089,Bijapur,1
2026-10-30,ELE-1000,Bijapur,1
2026-10-30,FLT-1009,Bijapur,1
2026-10-30,FLT-1016,Bijapur,1
2026-10-30,FLT-1021,Bijapur,2
2026-10-30,FLT-1053,Bijapur,1
2026-10-30,FLT-1074,Bijapur,1
2026-10-30,FLT-1079,Bijapur,1
2026-10-30,FLT-1093,Bijapur,1
2026-10-30,FLT-1098,Bijapur,1
2026-10-30,HYD-1024,Bijapur,6
2026-10-30,HYD-1028,Bijapur,3
2026-10-30,HYD-1042,Bijapur,2
2026-10-30,HYD-1074,Bijapur,1
2026-10-30,HYD-1098,Bijapur,2
2026-10-30,PMP-1063,Bijapur,2
2026-10-30,PMP-1089,Bijapur,1
2026-10-30,PMP-1098,Bijapur,1
2026-10-30,PMP-5012,Bijapur,1
2026-10-30,SEL-1042,Bijapur,1
2026-10-30,SEL-1068,Bijapur,1
2026-10-30,SEL-1070,Bijapur,1
2026-10-30,SEL-1096,Bijapur,2
2026-10-30,BLT-1003,Dharwad,1
2026-10-30,BLT-1035,Dharwad,2
2026-10-30,BLT-1053,Dharwad,2
2026-10-30,BLT-1087,Dharwad,1
2026-10-30,BLT-1093,Dharwad,1
2026-10-30,BRG-1008,Dharwad,1
2026-10-30,BRG-1018,Dharwad,1
2026-10-30,BRG-1025,Dharwad,4
2026-10-30,BRG-1081,Dharwad,2
2026-10-30,CLT-1004,Dharwad,1
2026-10-30,CLT-1092,Dharwad,4
2026-10-30,CLT-6120,Dharwad,2
2026-10-30,ELE-1030,Dharwad,1
2026-10-30,ELE-1100,Dharwad,4
2026-10-30,FLT-1016,Dharwad,2
2026-10-30,FLT-1022,Dharwad,1
2026-10-30,FLT-1037,Dharwad,1
2026-10-30,FLT-1045,Dharwad,1
2026-10-30,FLT-1056,Dharwad,1
2026-10-30,FLT-1074,Dharwad,1
2026-10-30,HYD-1024,Dharwad,1
2026-10-30,HYD-1051,Dharwad,2
2026-10-30,HYD-1095,Dharwad,3
2026-10-30,PMP-1002,Dharwad,1
2026-10-30,PMP-1009,Dharwad,5
2026-10-30,PMP-1032,Dharwad,1
2026-10-30,PMP-1036,Dharwad,2
2026-10-30,PMP-1043,Dharwad,1
2026-10-30,PMP-1056,Dharwad,3
2026-10-30,PMP-1063,Dharwad,1
2026-10-30,PMP-1079,Dharwad,1
2026-10-30,PMP-1091,Dharwad,2
2026-10-30,SEL-1002,Dharwad,1
2026-10-30,SEL-1096,Dharwad,1
2026-10-30,BLT-1003,Gokak,1
2026-10-30,BLT-1012,Gokak,2
2026-10-30,BLT-1035,Gokak,1
2026-10-30,BLT-1053,Gokak,4
2026-10-30,BLT-1080,Gokak,1
2026-10-30,BLT-1087,Gokak,1
2026-10-30,BLT-4105,Gokak,1
2026-10-30,BRG-1037,Gokak,1
2026-10-30,BRG-1092,Gokak,2
2026-10-30,BRG-1099,Gokak,2
2026-10-30,CLT-1004,Gokak,2
2026-10-30,CLT-1007,Gokak,1
2026-10-30,CLT-1016,Gokak,1
2026-10-30,CLT-1044,Gokak,1
2026-10-30,CLT-1099,Gokak,1
2026-10-30,ELE-1010,Gokak,1
2026-10-30,ELE-1067,Gokak,1
2026-10-30,ELE-1092,Gokak,1
2026-10-30,ELE-1100,Gokak,3
2026-10-30,FLT-1009,Gokak,1
2026-10-30,FLT-1021,Gokak,4
2026-10-30,FLT-1032,Gokak,1
2026-10-30,FLT-1098,Gokak,1
2026-10-30,HYD-1016,Gokak,1
2026-10-30,HYD-1074,Gokak,1
2026-10-30,HYD-1089,Gokak,1
2026-10-30,PMP-1023,Gokak,1
2026-10-30,PMP-1079,Gokak,1
2026-10-30,PMP-1091,Gokak,2
2026-10-30,PMP-5012,Gokak,1
2026-10-30,SEL-1008,Gokak,1
2026-10-30,SEL-1029,Gokak,2
2026-10-30,SEL-1037,Gokak,1
2026-10-30,SEL-1042,Gokak,2
2026-10-30,SEL-1077,Gokak,1
2026-10-30,SEL-1085,Gokak,1
2026-10-30,SEL-1096,Gokak,1
2026-10-30,SEL-3310,Gokak,1
2026-10-30,BLT-1016,Hubli,2
2026-10-30,BLT-1035,Hubli,1
2026-10-30,BLT-4105,Hubli,2
2026-10-30,BRG-1000,Hubli,1
2026-10-30,BRG-1033,Hubli,3
2026-10-30,BRG-1037,Hubli,1
2026-10-30,BRG-1045,Hubli,1
2026-10-30,BRG-1081,Hubli,1
2026-10-30,CLT-1007,Hubli,1
2026-10-30,CLT-1016,Hubli,2
2026-10-30,CLT-1021,Hubli,1
2026-10-30,CLT-1099,Hubli,1
2026-10-30,ELE-1000,Hubli,1
2026-10-30,ELE-1079,Hubli,2
2026-10-30,ELE-1086,Hubli,1
2026-10-30,ELE-1092,Hubli,2
2026-10-30,ELE-1100,Hubli,1
2026-10-30,FLT-1063,Hubli,1
2026-10-30,FLT-1074,Hubli,1
2026-10-30,FLT-1079,Hubli,1
2026-10-30,HYD-1024,Hubli,3
2026-10-30,HYD-1028,Hubli,2
2026-10-30,HYD-1089,Hubli,1
2026-10-30,HYD-1095,Hubli,1
2026-10-30,PMP-1002,Hubli,1
2026-10-30,PMP-1009,Hubli,1
2026-10-30,PMP-1019,Hubli,1
2026-10-30,PMP-1023,Hubli,3
2026-10-30,PMP-1089,Hubli,1
2026-10-30,PMP-1098,Hubli,1
2026-10-30,SEL-1002,Hubli,3
2026-10-30,SEL-1014,Hubli,2
2026-10-30,SEL-1024,Hubli,1
2026-10-30,SEL-1037,Hubli,1
2026-10-30,SEL-1042,Hubli,2
2026-10-30,SEL-1070,Hubli,2
2026-10-30,SEL-1096,Hubli,1
2026-10-30,SEL-3310,Hubli,4
2026-10-31,BLT-1012,Bagalkot,1
2026-10-31,BLT-1016,Bagalkot,2
2026-10-31,BLT-1032,Bagalkot,1
2026-10-31,BLT-1035,Bagalkot,2
2026-10-31,BLT-1053,Bagalkot,3
2026-10-31,BLT-1061,Bagalkot,2
2026-10-31,BLT-1066,Bagalkot,4
2026-10-31,BLT-1087,Bagalkot,1
2026-10-31,BRG-1018,Bagalkot,1
2026-10-31,BRG-1025,Bagalkot,1
2026-10-31,BRG-1049,Bagalkot,1
2026-10-31,BRG-1058,Bagalkot,1
2026-10-31,BRG-1081,Bagalkot,1
2026-10-31,BRG-1086,Bagalkot,1
2026-10-31,CLT-1068,Bagalkot,1
2026-10-31,CLT-1081,Bagalkot,1
2026-10-31,ELE-1018,Bagalkot,3
2026-10-31,ELE-1067,Bagalkot,1
2026-10-31,ELE-1079,Bagalkot,1
2026-10-31,FLT-1001,Bagalkot,1
2026-10-31,FLT-1032,Bagalkot,1
2026-10-31,FLT-1045,Bagalkot,1
2026-10-31,FLT-1056,Bagalkot,2
2026-10-31,FLT-1063,Bagalkot,2
2026-10-31,FLT-1086,Bagalkot,1
2026-10-31,FLT-1098,Bagalkot,2
2026-10-31,HYD-1012,Bagalkot,1
2026-10-31,HYD-1028,Bagalkot,1
2026-10-31,HYD-1042,Bagalkot,1
2026-10-31,HYD-1051,Bagalkot,3
2026-10-31,HYD-1061,Bagalkot,1
2026-10-31,HYD-1095,Bagalkot,2
2026-10-31,PMP-1098,Bagalkot,1
2026-10-31,SEL-1042,Bagalkot,2
2026-10-31,SEL-1085,Bagalkot,3
2026-10-31,BLT-1032,Belgaum,1
2026-10-31,BLT-1035,Belgaum,1
2026-10-31,BLT-1073,Belgaum,3
2026-10-31,BLT-1080,Belgaum,1
2026-10-31,BLT-1093,Belgaum,1
2026-10-31,BRG-1037,Belgaum,3
2026-10-31,BRG-1058,Belgaum,2
2026-10-31,BRG-1064,Belgaum,2
2026-10-31,BRG-1086,Belgaum,1
2026-10-31,CLT-1004,Belgaum,2
2026-10-31,CLT-1007,Belgaum,1
2026-10-31,CLT-1057,Belgaum,1
2026-10-31,CLT-1081,Belgaum,1
2026-10-31,CLT-1092,Belgaum,1
2026-10-31,ELE-1010,Belgaum,1
2026-10-31,ELE-1023,Belgaum,1
2026-10-31,ELE-1039,Belgaum,3
2026-10-31,FLT-1022,Belgaum,3
2026-10-31,FLT-1037,Belgaum,1
2026-10-31,FLT-1045,Belgaum,2
2026-10-31,FLT-1079,Belgaum,1
2026-10-31,FLT-1086,Belgaum,1
2026-10-31,FLT-1098,Belgaum,2
2026-10-31,HYD-1012,Belgaum,1
2026-10-31,HYD-1016,Belgaum,1
2026-10-31,HYD-1024,Belgaum,1
2026-10-31,HYD-1028,Belgaum,1
2026-10-31,HYD-1038,Belgaum,1
2026-10-31,HYD-1061,Belgaum,1
2026-10-31,HYD-1098,Belgaum,1
2026-10-31,PMP-1023,Belgaum,1
2026-10-31,PMP-1056,Belgaum,4
2026-10-31,PMP-1075,Belgaum,1
2026-10-31,PMP-5012,Belgaum,3
2026-10-31,SEL-1002,Belgaum,3
2026-10-31,SEL-1008,Belgaum,1
2026-10-31,SEL-1029,Belgaum,1
2026-10-31,SEL-1037,Belgaum,2
2026-10-31,SEL-1059,Belgaum,1
2026-10-31,SEL-1068,Belgaum,2
2026-10-31,SEL-3310,Belgaum,4
2026-10-31,BLT-1032,Bijapur,3
2026-10-31,BLT-1053,Bijapur,2
2026-10-31,BLT-4105,Bijapur,2
2026-10-31,BRG-1037,Bijapur,2
2026-10-31,BRG-1049,Bijapur,1
2026-10-31,CLT-1004,Bijapur,1
2026-10-31,CLT-1007,Bijapur,1
2026-10-31,CLT-1053,Bijapur,1
2026-10-31,CLT-1089,Bijapur,1
2026-10-31,CLT-1099,Bijapur,2
2026-10-31,ELE-1023,Bijapur,1
2026-10-31,FLT-1001,Bijapur,1
2026-10-31,FLT-1009,Bijapur,4
2026-10-31,FLT-1016,Bijapur,1
2026-10-31,FLT-1079,Bijapur,1
2026-10-31,HYD-1004,Bijapur,1
2026-10-31,HYD-1024,Bijapur,2
2026-10-31,HYD-1042,Bijapur,3
2026-10-31,HYD-1063,Bijapur,2
2026-10-31,PMP-1009,Bijapur,2
2026-10-31,PMP-1063,Bijapur,1
2026-10-31,PMP-1075,Bijapur,1
2026-10-31,PMP-1089,Bijapur,1
2026-10-31,PMP-5012,Bijapur,6
2026-10-31,SEL-1037,Bijapur,1
2026-10-31,SEL-1068,Bijapur,3
2026-10-31,SEL-1077,Bijapur,1
2026-10-31,BLT-1003,Dharwad,2
2026-10-31,BLT-1035,Dharwad,2
2026-10-31,BLT-1047,Dharwad,1
2026-10-31,BLT-1053,Dharwad,2
2026-10-31,BLT-1073,Dharwad,2
2026-10-31,BLT-4105,Dharwad,1
2026-10-31,BRG-1000,Dharwad,2
2026-10-31,BRG-1025,Dharwad,3
2026-10-31,BRG-1058,Dharwad,2
2026-10-31,BRG-1064,Dharwad,1
2026-10-31,BRG-1075,Dharwad,2
2026-10-31,BRG-1099,Dharwad,2
2026-10-31,CLT-1057,Dharwad,1
2026-10-31,CLT-1081,Dharwad,1
2026-10-31,CLT-1099,Dharwad,1
2026-10-31,ELE-1000,Dharwad,1
2026-10-31,ELE-1018,Dharwad,1
2026-10-31,ELE-1100,Dharwad,2
2026-10-31,FLT-1016,Dharwad,2
2026-10-31,FLT-1022,Dharwad,1
2026-10-31,FLT-1093,Dharwad,1
2026-10-31,HYD-1038,Dharwad,5
2026-10-31,HYD-1051,Dharwad,1
2026-10-31,HYD-1081,Dharwad,1
2026-10-31,HYD-1095,Dharwad,1
2026-10-31,PMP-1002,Dharwad,2
2026-10-31,PMP-1009,Dharwad,2
2026-10-31,PMP-1032,Dharwad,1
2026-10-31,PMP-1036,Dharwad,1
2026-10-31,PMP-1079,Dharwad,2
2026-10-31,PMP-1091,Dharwad,1
2026-10-31,PMP-1098,Dharwad,1
2026-10-31,SEL-1037,Dharwad,1
2026-10-31,SEL-3310,Dharwad,1
2026-10-31,BLT-1026,Gokak,2
2026-10-31,BLT-1035,Gokak,1
2026-10-31,BLT-1053,Gokak,4
2026-10-31,BLT-1087,Gokak,3
2026-10-31,BLT-4105,Gokak,1
2026-10-31,BRG-1037,Gokak,1
2026-10-31,BRG-1049,Gokak,1
2026-10-31,BRG-1081,Gokak,1
2026-10-31,BRG-1092,Gokak,1
2026-10-31,CLT-1016,Gokak,2
2026-10-31,CLT-1021,Gokak,1
2026-10-31,CLT-1044,Gokak,1
2026-10-31,CLT-1099,Gokak,1
2026-10-31,ELE-1000,Gokak,2
2026-10-31,ELE-1010,Gokak,2
2026-10-31,ELE-1100,Gokak,2
2026-10-31,FLT-1021,Gokak,1
2026-10-31,FLT-1032,Gokak,2
2026-10-31,FLT-1045,Gokak,2
2026-10-31,FLT-1086,Gokak,1
2026-10-31,HYD-1016,Gokak,1
2026-10-31,HYD-1074,Gokak,2
2026-10-31,HYD-1089,Gokak,3
2026-10-31,PMP-1023,Gokak,2
2026-10-31,PMP-1032,Gokak,1
2026-10-31,PMP-1043,Gokak,1
2026-10-31,PMP-1052,Gokak,1
2026-10-31,PMP-1091,Gokak,2
2026-10-31,SEL-1042,Gokak,1
2026-10-31,SEL-1096,Gokak,1
2026-10-31,SEL-3310,Gokak,1
2026-10-31,BLT-1003,Hubli,2
2026-10-31,BLT-1032,Hubli,1
2026-10-31,BLT-1080,Hubli,1
2026-10-31,BLT-1093,Hubli,1
2026-10-31,BRG-1025,Hubli,2
2026-10-31,BRG-1081,Hubli,2
2026-10-31,CLT-1004,Hubli,1
2026-10-31,CLT-1016,Hubli,3
2026-10-31,CLT-1021,Hubli,1
2026-10-31,CLT-1037,Hubli,1
2026-10-31,CLT-1053,Hubli,1
2026-10-31,CLT-1068,Hubli,2
2026-10-31,CLT-1081,Hubli,1
2026-10-31,CLT-1099,Hubli,1
2026-10-31,CLT-6120,Hubli,1
2026-10-31,ELE-1018,Hubli,1
2026-10-31,ELE-1067,Hubli,1
2026-10-31,ELE-1086,Hubli,2
2026-10-31,FLT-1009,Hubli,1
2026-10-31,FLT-1037,Hubli,2
2026-10-31,FLT-1053,Hubli,2
2026-10-31,FLT-1063,Hubli,1
2026-10-31,FLT-1074,Hubli,1
2026-10-31,HYD-1016,Hubli,1
2026-10-31,HYD-1028,Hubli,1
2026-10-31,PMP-1023,Hubli,1
2026-10-31,PMP-1089,Hubli,1
2026-10-31,PMP-1091,Hubli,1
2026-10-31,PMP-5012,Hubli,1
2026-10-31,SEL-1014,Hubli,2
2026-10-31,SEL-1037,Hubli,2
2026-10-31,SEL-1042,Hubli,1
2026-10-31,SEL-1052,Hubli,1
2026-10-31,SEL-1068,Hubli,1
2026-10-31,SEL-1077,Hubli,1
2026-10-31,SEL-3310,Hubli,1
2026-11-01,BLT-1016,Bagalkot,1
2026-11-01,BLT-1035,Bagalkot,2
2026-11-01,BLT-1061,Bagalkot,2
2026-11-01,BLT-1093,Bagalkot,2
2026-11-01,BLT-4105,Bagalkot,1
2026-11-01,BRG-1018,Bagalkot,3
2026-11-01,BRG-1049,Bagalkot,1
2026-11-01,BRG-1064,Bagalkot,1
2026-11-01,BRG-1081,Bagalkot,1
2026-11-01,BRG-1086,Bagalkot,1
2026-11-01,CLT-1007,Bagalkot,1
2026-11-01,CLT-1081,Bagalkot,2
2026-11-01,ELE-1018,Bagalkot,1
2026-11-01,ELE-1079,Bagalkot,1
2026-11-01,FLT-1009,Bagalkot,1
2026-11-01,FLT-1056,Bagalkot,2
2026-11-01,FLT-1063,Bagalkot,4
2026-11-01,FLT-1074,Bagalkot,2
2026-11-01,FLT-1086,Bagalkot,1
2026-11-01,FLT-1093,Bagalkot,1
2026-11-01,FLT-1098,Bagalkot,1
2026-11-01,HYD-1024,Bagalkot,3
2026-11-01,HYD-1028,Bagalkot,2
2026-11-01,HYD-1061,Bagalkot,1
2026-11-01,HYD-1074,Bagalkot,1
2026-11-01,PMP-1019,Bagalkot,1
2026-11-01,SEL-1037,Bagalkot,2
2026-11-01,SEL-1042,Bagalkot,1
2026-11-01,SEL-1085,Bagalkot,1
2026-11-01,BLT-1016,Belgaum,1
2026-11-01,BLT-1032,Belgaum,1
2026-11-01,BLT-1035,Belgaum,1
2026-11-01,BLT-1073,Belgaum,1
2026-11-01,BLT-1080,Belgaum,2
2026-11-01,BLT-4105,Belgaum,2
2026-11-01,BRG-1064,Belgaum,3
2026-11-01,BRG-1075,Belgaum,1
2026-11-01,BRG-1086,Belgaum,1
2026-11-01,BRG-1099,Belgaum,1
2026-11-01,CLT-1028,Belgaum,1
2026-11-01,CLT-1044,Belgaum,1
2026-11-01,CLT-1074,Belgaum,1
2026-11-01,CLT-1081,Belgaum,1
2026-11-01,CLT-1089,Belgaum,1
2026-11-01,CLT-1099,Belgaum,2
2026-11-01,ELE-1010,Belgaum,1
2026-11-01,ELE-1039,Belgaum,1
2026-11-01,ELE-1092,Belgaum,2
2026-11-01,FLT-1009,Belgaum,3
2026-11-01,FLT-1021,Belgaum,1
2026-11-01,FLT-1053,Belgaum,1
2026-11-01,FLT-1079,Belgaum,1
2026-11-01,HYD-1012,Belgaum,1
2026-11-01,HYD-1016,Belgaum,1
2026-11-01,HYD-1038,Belgaum,1
2026-11-01,HYD-1063,Belgaum,1
2026-11-01,HYD-1095,Belgaum,1
2026-11-01,HYD-1098,Belgaum,1
2026-11-01,PMP-1043,Belgaum,3
2026-11-01,PMP-5012,Belgaum,2
2026-11-01,SEL-1002,Belgaum,1
2026-11-01,SEL-1024,Belgaum,1
2026-11-01,SEL-1037,Belgaum,4
2026-11-01,SEL-1068,Belgaum,1
2026-11-01,SEL-3310,Belgaum,5
2026-11-01,BLT-1026,Bijapur,1
2026-11-01,BLT-1047,Bijapur,1
2026-11-01,BLT-1061,Bijapur,1
2026-11-01,BLT-1093,Bijapur,1
2026-11-01,BLT-1098,Bijapur,1
2026-11-01,BLT-4105,Bijapur,2
2026-11-01,BRG-1049,Bijapur,1
2026-11-01,BRG-1064,Bijapur,1
2026-11-01,CLT-1007,Bijapur,3
2026-11-01,ELE-1010,Bijapur,1
2026-11-01,FLT-1001,Bijapur,1
2026-11-01,FLT-1037,Bijapur,3
2026-11-01,FLT-1053,Bijapur,1
2026-11-01,FLT-1074,Bijapur,1
2026-11-01,FLT-1079,Bijapur,1
2026-11-01,HYD-1004,Bijapur,2
2026-11-01,HYD-1024,Bijapur,2
2026-11-01,HYD-1028,Bijapur,1
2026-11-01,HYD-1042,Bijapur,5
2026-11-01,HYD-1063,Bijapur,2
2026-11-01,HYD-1098,Bijapur,2
2026-11-01,PMP-1023,Bijapur,1
2026-11-01,PMP-1091,Bijapur,3
2026-11-01,PMP-5012,Bijapur,2
2026-11-01,SEL-1024,Bijapur,1
2026-11-01,SEL-1037,Bijapur,2
2026-11-01,SEL-1042,Bijapur,2
2026-11-01,SEL-1096,Bijapur,2
2026-11-01,BLT-1003,Dharwad,2
2026-11-01,BLT-1035,Dharwad,2
2026-11-01,BLT-1053,Dharwad,5
2026-11-01,BLT-1073,Dharwad,1
2026-11-01,BLT-1087,Dharwad,2
2026-11-01,BLT-4105,Dharwad,1
2026-11-01,BRG-1025,Dharwad,1
2026-11-01,BRG-1075,Dharwad,2
2026-11-01,BRG-1081,Dharwad,1
2026-11-01,BRG-1086,Dharwad,1
2026-11-01,BRG-1092,Dharwad,1
2026-11-01,CLT-1007,Dharwad,1
2026-11-01,CLT-1021,Dharwad,1
2026-11-01,CLT-1057,Dharwad,2
2026-11-01,CLT-1068,Dharwad,1
2026-11-01,CLT-1081,Dharwad,1
2026-11-01,CLT-1092,Dharwad,1
2026-11-01,CLT-1099,Dharwad,1
2026-11-01,ELE-1000,Dharwad,3
2026-11-01,ELE-1023,Dharwad,1
2026-11-01,ELE-1044,Dharwad,1
2026-11-01,ELE-1051,Dharwad,1
2026-11-01,FLT-1016,Dharwad,1
2026-11-01,FLT-1021,Dharwad,3
2026-11-01,FLT-1037,Dharwad,2
2026-11-01,FLT-1045,Dharwad,1
2026-11-01,FLT-1053,Dharwad,1
2026-11-01,FLT-1074,Dharwad,1
2026-11-01,HYD-1038,Dharwad,7
2026-11-01,HYD-1063,Dharwad,1
2026-11-01,HYD-1095,Dharwad,4
2026-11-01,PMP-1009,Dharwad,3
2026-11-01,PMP-1023,Dharwad,1
2026-11-01,PMP-1043,Dharwad,1
2026-11-01,PMP-5012,Dharwad,1
2026-11-01,SEL-1002,Dharwad,1
2026-11-01,SEL-1029,Dharwad,2
2026-11-01,SEL-1042,Dharwad,2
2026-11-01,SEL-1068,Dharwad,1
2026-11-01,SEL-3310,Dharwad,1
2026-11-01,BLT-1026,Gokak,1
2026-11-01,BLT-1087,Gokak,2
2026-11-01,BLT-1093,Gokak,1
2026-11-01,BLT-1098,Gokak,1
2026-11-01,BLT-4105,Gokak,1
2026-11-01,BRG-1025,Gokak,1
2026-11-01,BRG-1037,Gokak,1
2026-11-01,BRG-1049,Gokak,1
2026-11-01,CLT-1007,Gokak,1
2026-11-01,CLT-1016,Gokak,1
2026-11-01,CLT-1044,Gokak,1
2026-11-01,CLT-1074,Gokak,2
2026-11-01,CLT-1099,Gokak,1
2026-11-01,ELE-1000,Gokak,1
2026-11-01,FLT-1021,Gokak,3
2026-11-01,FLT-1086,Gokak,1
2026-11-01,FLT-1098,Gokak,2
2026-11-01,HYD-1004,Gokak,2
2026-11-01,HYD-1074,Gokak,1
2026-11-01,HYD-1089,Gokak,1
2026-11-01,HYD-1098,Gokak,1
2026-11-01,PMP-1052,Gokak,1
2026-11-01,PMP-1091,Gokak,3
2026-11-01,SEL-1008,Gokak,2
2026-11-01,SEL-1014,Gokak,1
2026-11-01,SEL-1029,Gokak,1
2026-11-01,SEL-1077,Gokak,1
2026-11-01,SEL-1085,Gokak,2
2026-11-01,SEL-3310,Gokak,2
2026-11-01,BLT-4105,Hubli,1
2026-11-01,BRG-1037,Hubli,1
2026-11-01,BRG-1045,Hubli,1
2026-11-01,BRG-1049,Hubli,1
2026-11-01,BRG-1081,Hubli,3
2026-11-01,BRG-1092,Hubli,1
2026-11-01,CLT-1007,Hubli,1
2026-11-01,CLT-1016,Hubli,2
2026-11-01,CLT-1021,Hubli,1
2026-11-01,CLT-1037,Hubli,1
2026-11-01,CLT-1068,Hubli,2
2026-11-01,ELE-1010,Hubli,1
2026-11-01,ELE-1030,Hubli,1
2026-11-01,ELE-1073,Hubli,1
2026-11-01,ELE-1086,Hubli,1
2026-11-01,ELE-1092,Hubli,1
2026-11-01,FLT-1009,Hubli,3
2026-11-01,FLT-1037,Hubli,1
2026-11-01,FLT-1045,Hubli,1
2026-11-01,FLT-1063,Hubli,1
2026-11-01,FLT-1074,Hubli,1
2026-11-01,FLT-1079,Hubli,2
2026-11-01,FLT-1098,Hubli,1
2026-11-01,HYD-1016,Hubli,1
2026-11-01,HYD-1028,Hubli,1
2026-11-01,HYD-1089,Hubli,1
2026-11-01,PMP-1032,Hubli,1
2026-11-01,PMP-1056,Hubli,1
2026-11-01,PMP-1075,Hubli,1
2026-11-01,PMP-1089,Hubli,2
2026-11-01,PMP-1091,Hubli,1
2026-11-01,PMP-1098,Hubli,1
2026-11-01,SEL-1008,Hubli,1
2026-11-01,SEL-1014,Hubli,1
2026-11-01,SEL-1070,Hubli,2
2026-11-01,SEL-3310,Hubli,3
2026-11-02,BLT-1035,Bagalkot,1
2026-11-02,BLT-1061,Bagalkot,1
2026-11-02,BLT-1066,Bagalkot,2
2026-11-02,BLT-1080,Bagalkot,1
2026-11-02,BLT-1093,Bagalkot,4
2026-11-02,BLT-1098,Bagalkot,1
2026-11-02,BRG-1000,Bagalkot,2
2026-11-02,BRG-1018,Bagalkot,1
2026-11-02,BRG-1058,Bagalkot,1
2026-11-02,BRG-1081,Bagalkot,1
2026-11-02,BRG-1086,Bagalkot,1
2026-11-02,CLT-1004,Bagalkot,1
2026-11-02,CLT-1007,Bagalkot,1
2026-11-02,CLT-1068,Bagalkot,1
2026-11-02,CLT-1099,Bagalkot,1
2026-11-02,CLT-6120,Bagalkot,1
2026-11-02,ELE-1018,Bagalkot,1
2026-11-02,ELE-1030,Bagalkot,1
2026-11-02,ELE-1079,Bagalkot,1
2026-11-02,ELE-1086,Bagalkot,2
2026-11-02,FLT-1022,Bagalkot,1
2026-11-02,FLT-1032,Bagalkot,1
2026-11-02,FLT-1063,Bagalkot,1
2026-11-02,FLT-1074,Bagalkot,1
2026-11-02,FLT-1079,Bagalkot,1
2026-11-02,FLT-1093,Bagalkot,3
2026-11-02,HYD-1012,Bagalkot,1
2026-11-02,HYD-1098,Bagalkot,2
2026-11-02,PMP-1009,Bagalkot,1
2026-11-02,PMP-1036,Bagalkot,2
2026-11-02,PMP-1098,Bagalkot,1
2026-11-02,SEL-1052,Bagalkot,1
2026-11-02,SEL-1068,Bagalkot,1
2026-11-02,SEL-1085,Bagalkot,1
2026-11-02,SEL-1098,Bagalkot,1
2026-11-02,BLT-1016,Belgaum,1
2026-11-02,BLT-1073,Belgaum,1
2026-11-02,BLT-1087,Belgaum,1
2026-11-02,BRG-1018,Belgaum,1
2026-11-02,BRG-1037,Belgaum,1
2026-11-02,BRG-1058,Belgaum,2
2026-11-02,BRG-1064,Belgaum,1
2026-11-02,BRG-1075,Belgaum,2
2026-11-02,BRG-1099,Belgaum,2
2026-11-02,CLT-1004,Belgaum,4
2026-11-02,CLT-1028,Belgaum,1
2026-11-02,CLT-1044,Belgaum,2
2026-11-02,CLT-1053,Belgaum,2
2026-11-02,CLT-1057,Belgaum,1
2026-11-02,CLT-1081,Belgaum,1
2026-11-02,CLT-1099,Belgaum,1
2026-11-02,ELE-1030,Belgaum,2
2026-11-02,ELE-1092,Belgaum,2
2026-11-02,FLT-1016,Belgaum,1
2026-11-02,FLT-1021,Belgaum,2
2026-11-02,FLT-1022,Belgaum,1
2026-11-02,FLT-1037,Belgaum,1
2026-11-02,FLT-1045,Belgaum,1
2026-11-02,FLT-1079,Belgaum,1
2026-11-02,FLT-1086,Belgaum,1
2026-11-02,HYD-1004,Belgaum,1
2026-11-02,HYD-1016,Belgaum,2
2026-11-02,HYD-1024,Belgaum,1
2026-11-02,HYD-1038,Belgaum,1
2026-11-02,HYD-1095,Belgaum,1
2026-11-02,PMP-1056,Belgaum,1
2026-11-02,PMP-1075,Belgaum,4
2026-11-02,PMP-5012,Belgaum,3
2026-11-02,SEL-1002,Belgaum,2
2026-11-02,SEL-1024,Belgaum,1
2026-11-02,SEL-1029,Belgaum,2
2026-11-02,SEL-1037,Belgaum,2
2026-11-02,SEL-1068,Belgaum,2
2026-11-02,SEL-3310,Belgaum,1
2026-11-02,BLT-1012,Bijapur,1
2026-11-02,BLT-1026,Bijapur,2
2026-11-02,BLT-1053,Bijapur,1
2026-11-02,BLT-1061,Bijapur,1
2026-11-02,BLT-1080,Bijapur,1
2026-11-02,BLT-1093,Bijapur,1
2026-11-02,BLT-4105,Bijapur,2
2026-11-02,BRG-1064,Bijapur,1
2026-11-02,CLT-1007,Bijapur,1
2026-11-02,CLT-1016,Bijapur,2
2026-11-02,CLT-1044,Bijapur,1
2026-11-02,CLT-1099,Bijapur,1
2026-11-02,FLT-1001,Bijapur,1
2026-11-02,FLT-1053,Bijapur,1
2026-11-02,FLT-1056,Bijapur,1
2026-11-02,FLT-1063,Bijapur,1
2026-11-02,FLT-1086,Bijapur,1
2026-11-02,HYD-1024,Bijapur,2
2026-11-02,HYD-1028,Bijapur,3
2026-11-02,HYD-1063,Bijapur,2
2026-11-02,HYD-1074,Bijapur,1
2026-11-02,HYD-1098,Bijapur,1
2026-11-02,PMP-1009,Bijapur,2
2026-11-02,PMP-5012,Bijapur,1
2026-11-02,SEL-1037,Bijapur,1
2026-11-02,SEL-1042,Bijapur,2
2026-11-02,SEL-1068,Bijapur,1
2026-11-02,SEL-1070,Bijapur,2
2026-11-02,SEL-1096,Bijapur,3
2026-11-02,BLT-1003,Dharwad,1
2026-11-02,BLT-1047,Dharwad,1
2026-11-02,BLT-1053,Dharwad,1
2026-11-02,BLT-1080,Dharwad,1
2026-11-02,BRG-1000,Dharwad,1
2026-11-02,BRG-1008,Dharwad,1
2026-11-02,BRG-1025,Dharwad,4
2026-11-02,BRG-1081,Dharwad,1
2026-11-02,BRG-1086,Dharwad,1
2026-11-02,CLT-1004,Dharwad,1
2026-11-02,CLT-1021,Dharwad,1
2026-11-02,CLT-1037,Dharwad,1
2026-11-02,CLT-1057,Dharwad,1
2026-11-02,CLT-1074,Dharwad,1
2026-11-02,CLT-1081,Dharwad,2
2026-11-02,CLT-1092,Dharwad,2
2026-11-02,CLT-1099,Dharwad,1
2026-11-02,ELE-1000,Dharwad,3
2026-11-02,ELE-1086,Dharwad,1
2026-11-02,ELE-1100,Dharwad,1
2026-11-02,FLT-1016,Dharwad,3
2026-11-02,FLT-1022,Dharwad,1
2026-11-02,FLT-1053,Dharwad,3
2026-11-02,HYD-1004,Dharwad,2
2026-11-02,HYD-1024,Dharwad,1
2026-11-02,HYD-1038,Dharwad,3
2026-11-02,HYD-1051,Dharwad,2
2026-11-02,HYD-1063,Dharwad,1
2026-11-02,HYD-1095,Dharwad,2
2026-11-02,PMP-1009,Dharwad,2
2026-11-02,PMP-1023,Dharwad,1
2026-11-02,PMP-1056,Dharwad,1
2026-11-02,PMP-1063,Dharwad,1
2026-11-02,PMP-1091,Dharwad,2
2026-11-02,SEL-1002,Dharwad,1
2026-11-02,SEL-1042,Dharwad,1
2026-11-02,SEL-3310,Dharwad,1
2026-11-02,BLT-1032,Gokak,1
2026-11-02,BLT-1053,Gokak,2
2026-11-02,BLT-1087,Gokak,7
2026-11-02,BLT-1098,Gokak,1
2026-11-02,BRG-1025,Gokak,1
2026-11-02,BRG-1033,Gokak,1
2026-11-02,BRG-1037,Gokak,1
2026-11-02,BRG-1064,Gokak,1
2026-11-02,BRG-1099,Gokak,2
2026-11-02,CLT-1007,Gokak,1
2026-11-02,CLT-1016,Gokak,2
2026-11-02,CLT-1044,Gokak,2
2026-11-02,CLT-1074,Gokak,1
2026-11-02,ELE-1000,Gokak,2
2026-11-02,ELE-1010,Gokak,3
2026-11-02,ELE-1018,Gokak,1
2026-11-02,ELE-1100,Gokak,5
2026-11-02,FLT-1021,Gokak,4
2026-11-02,FLT-1037,Gokak,1
2026-11-02,HYD-1012,Gokak,1
2026-11-02,HYD-1016,Gokak,1
2026-11-02,HYD-1028,Gokak,2
2026-11-02,HYD-1074,Gokak,1
2026-11-02,PMP-1052,Gokak,1
2026-11-02,PMP-1056,Gokak,1
2026-11-02,PMP-1075,Gokak,1
2026-11-02,PMP-1079,Gokak,2
2026-11-02,PMP-1091,Gokak,3
2026-11-02,SEL-1008,Gokak,1
2026-11-02,SEL-1024,Gokak,1
2026-11-02,SEL-1042,Gokak,1
2026-11-02,SEL-1070,Gokak,1
2026-11-02,SEL-1085,Gokak,4
2026-11-02,SEL-1096,Gokak,2
2026-11-02,BLT-1003,Hubli,2
2026-11-02,BLT-1053,Hubli,1
2026-11-02,BLT-1093,Hubli,1
2026-11-02,BLT-4105,Hubli,1
2026-11-02,BRG-1037,Hubli,1
2026-11-02,BRG-1045,Hubli,1
2026-11-02,BRG-1049,Hubli,1
2026-11-02,BRG-1064,Hubli,1
2026-11-02,BRG-1081,Hubli,2
2026-11-02,CLT-1007,Hubli,3
2026-11-02,CLT-1016,Hubli,5
2026-11-02,CLT-1037,Hubli,1
2026-11-02,CLT-1057,Hubli,1
2026-11-02,CLT-1089,Hubli,1
2026-11-02,ELE-1000,Hubli,1
2026-11-02,ELE-1030,Hubli,1
2026-11-02,ELE-1039,Hubli,1
2026-11-02,ELE-1086,Hubli,2
2026-11-02,FLT-1009,Hubli,1
2026-11-02,FLT-1053,Hubli,2
2026-11-02,HYD-1012,Hubli,1
2026-11-02,HYD-1016,Hubli,4
2026-11-02,HYD-1095,Hubli,3
2026-11-02,PMP-1009,Hubli,2
2026-11-02,PMP-1023,Hubli,2
2026-11-02,PMP-1052,Hubli,1
2026-11-02,PMP-1056,Hubli,1
2026-11-02,PMP-1089,Hubli,2
2026-11-02,PMP-1091,Hubli,1
2026-11-02,SEL-1014,Hubli,1
2026-11-02,SEL-1042,Hubli,2
2026-11-02,SEL-1070,Hubli,1
2026-11-02,SEL-3310,Hubli,5
2026-11-03,BLT-1016,Bagalkot,2
2026-11-03,BLT-1032,Bagalkot,1
2026-11-03,BLT-1035,Bagalkot,1
2026-11-03,BLT-1053,Bagalkot,3
2026-11-03,BLT-1061,Bagalkot,1
2026-11-03,BLT-1087,Bagalkot,1
2026-11-03,BLT-4105,Bagalkot,1
2026-11-03,BRG-1033,Bagalkot,2
2026-11-03,BRG-1049,Bagalkot,1
2026-11-03,BRG-1064,Bagalkot,1
2026-11-03,BRG-1081,Bagalkot,1
2026-11-03,BRG-1086,Bagalkot,1
2026-11-03,BRG-1092,Bagalkot,1
2026-11-03,CLT-1004,Bagalkot,1
2026-11-03,CLT-1007,Bagalkot,1
2026-11-03,CLT-1068,Bagalkot,1
2026-11-03,CLT-1099,Bagalkot,2
2026-11-03,ELE-1018,Bagalkot,2
2026-11-03,ELE-1023,Bagalkot,1
2026-11-03,ELE-1030,Bagalkot,1
2026-11-03,ELE-1044,Bagalkot,1
2026-11-03,FLT-1009,Bagalkot,1
2026-11-03,FLT-1056,Bagalkot,1
2026-11-03,FLT-1063,Bagalkot,2
2026-11-03,FLT-1074,Bagalkot,2
2026-11-03,FLT-1093,Bagalkot,1
2026-11-03,FLT-1098,Bagalkot,3
2026-11-03,HYD-1012,Bagalkot,1
2026-11-03,HYD-1016,Bagalkot,2
2026-11-03,HYD-1028,Bagalkot,2
2026-11-03,HYD-1042,Bagalkot,4
2026-11-03,HYD-1051,Bagalkot,1
2026-11-03,HYD-1095,Bagalkot,1
2026-11-03,PMP-1052,Bagalkot,1
2026-11-03,SEL-1029,Bagalkot,1
2026-11-03,SEL-1037,Bagalkot,1
2026-11-03,SEL-1042,Bagalkot,3
2026-11-03,SEL-1052,Bagalkot,2
2026-11-03,SEL-1085,Bagalkot,1
2026-11-03,SEL-1098,Bagalkot,2
2026-11-03,BLT-1016,Belgaum,1
2026-11-03,BLT-1032,Belgaum,1
2026-11-03,BLT-1035,Belgaum,1
2026-11-03,BRG-1018,Belgaum,1
2026-11-03,BRG-1037,Belgaum,1
2026-11-03,BRG-1058,Belgaum,3
2026-11-03,BRG-1064,Belgaum,1
2026-11-03,BRG-1086,Belgaum,1
2026-11-03,CLT-1004,Belgaum,4
2026-11-03,CLT-1021,Belgaum,1
2026-11-03,CLT-1057,Belgaum,1
2026-11-03,CLT-1089,Belgaum,1
2026-11-03,CLT-1099,Belgaum,2
2026-11-03,ELE-1039,Belgaum,2
2026-11-03,ELE-1044,Belgaum,1
2026-11-03,ELE-1100,Belgaum,1
2026-11-03,FLT-1016,Belgaum,1
2026-11-03,FLT-1021,Belgaum,1
2026-11-03,FLT-1022,Belgaum,2
2026-11-03,FLT-1063,Belgaum,1
2026-11-03,FLT-1086,Belgaum,1
2026-11-03,FLT-1098,Belgaum,1
2026-11-03,HYD-1012,Belgaum,1
2026-11-03,HYD-1016,Belgaum,2
2026-11-03,HYD-1098,Belgaum,1
2026-11-03,PMP-1043,Belgaum,1
2026-11-03,PMP-1056,Belgaum,1
2026-11-03,SEL-1002,Belgaum,1
2026-11-03,SEL-1029,Belgaum,1
2026-11-03,SEL-1068,Belgaum,1
2026-11-03,BLT-1003,Bijapur,1
2026-11-03,BLT-1012,Bijapur,1
2026-11-03,BLT-1035,Bijapur,1
2026-11-03,BLT-1080,Bijapur,1
2026-11-03,BLT-1093,Bijapur,1
2026-11-03,BLT-4105,Bijapur,2
2026-11-03,BRG-1033,Bijapur,1
2026-11-03,BRG-2207,Bijapur,1
2026-11-03,CLT-1007,Bijapur,1
2026-11-03,CLT-1044,Bijapur,2
2026-11-03,CLT-1053,Bijapur,2
2026-11-03,ELE-1010,Bijapur,1
2026-11-03,FLT-1053,Bijapur,3
2026-11-03,FLT-1063,Bijapur,1
2026-11-03,FLT-1079,Bijapur,1
2026-11-03,FLT-1086,Bijapur,1
2026-11-03,FLT-1093,Bijapur,1
2026-11-03,HYD-1016,Bijapur,1
2026-11-03,HYD-1024,Bijapur,1
2026-11-03,HYD-1028,Bijapur,1
2026-11-03,HYD-1063,Bijapur,2
2026-11-03,PMP-1009,Bijapur,2
2026-11-03,PMP-1023,Bijapur,1
2026-11-03,PMP-1063,Bijapur,1
2026-11-03,PMP-1091,Bijapur,2
2026-11-03,PMP-1098,Bijapur,1
2026-11-03,PMP-5012,Bijapur,2
2026-11-03,SEL-1037,Bijapur,1
2026-11-03,SEL-1042,Bijapur,3
2026-11-03,SEL-1068,Bijapur,2
2026-11-03,SEL-1070,Bijapur,1
2026-11-03,SEL-1096,Bijapur,2
2026-11-03,BLT-1035,Dharwad,1
2026-11-03,BLT-1053,Dharwad,2
2026-11-03,BRG-1008,Dharwad,2
2026-11-03,BRG-1025,Dharwad,3
2026-11-03,BRG-1081,Dharwad,2
2026-11-03,CLT-1057,Dharwad,1
2026-11-03,CLT-1068,Dharwad,1
2026-11-03,CLT-1074,Dharwad,2
2026-11-03,CLT-1081,Dharwad,1
2026-11-03,CLT-1092,Dharwad,1
2026-11-03,CLT-1099,Dharwad,1
2026-11-03,ELE-1010,Dharwad,1
2026-11-03,ELE-1100,Dharwad,2
2026-11-03,FLT-1016,Dharwad,2
2026-11-03,FLT-1021,Dharwad,1
2026-11-03,FLT-1022,Dharwad,2
2026-11-03,FLT-1053,Dharwad,1
2026-11-03,FLT-1093,Dharwad,2
2026-11-03,HYD-1004,Dharwad,1
2026-11-03,HYD-1024,Dharwad,5
2026-11-03,HYD-1042,Dharwad,1
2026-11-03,HYD-1081,Dharwad,1
2026-11-03,PMP-1002,Dharwad,1
2026-11-03,PMP-1009,Dharwad,3
2026-11-03,PMP-1023,Dharwad,1
2026-11-03,PMP-1032,Dharwad,2
2026-11-03,PMP-1063,Dharwad,1
2026-11-03,PMP-1079,Dharwad,2
2026-11-03,PMP-1091,Dharwad,2
2026-11-03,PMP-5012,Dharwad,1
2026-11-03,SEL-1002,Dharwad,1
2026-11-03,SEL-1037,Dharwad,1
2026-11-03,SEL-1042,Dharwad,1
2026-11-03,BLT-1003,Gokak,1
2026-11-03,BLT-1026,Gokak,1
2026-11-03,BLT-1087,Gokak,2
2026-11-03,BLT-1093,Gokak,1
2026-11-03,BLT-4105,Gokak,1
2026-11-03,BRG-1037,Gokak,1
2026-11-03,BRG-1064,Gokak,2
2026-11-03,BRG-1099,Gokak,3
2026-11-03,CLT-1004,Gokak,1
2026-11-03,CLT-1007,Gokak,3
2026-11-03,CLT-1016,Gokak,1
2026-11-03,CLT-1044,Gokak,2
2026-11-03,CLT-1099,Gokak,4
2026-11-03,ELE-1000,Gokak,1
2026-11-03,ELE-1010,Gokak,1
2026-11-03,ELE-1018,Gokak,2
2026-11-03,ELE-1057,Gokak,2
2026-11-03,ELE-1092,Gokak,2
2026-11-03,ELE-1100,Gokak,5
2026-11-03,FLT-1021,Gokak,5
2026-11-03,HYD-1028,Gokak,1
2026-11-03,HYD-1074,Gokak,1
2026-11-03,HYD-1089,Gokak,1
2026-11-03,HYD-1098,Gokak,1
2026-11-03,PMP-1052,Gokak,2
2026-11-03,PMP-1079,Gokak,1
2026-11-03,PMP-1091,Gokak,2
2026-11-03,SEL-1077,Gokak,1
2026-11-03,SEL-1085,Gokak,1
2026-11-03,BLT-1003,Hubli,1
2026-11-03,BLT-1016,Hubli,1
2026-11-03,BLT-1080,Hubli,1
2026-11-03,BLT-4105,Hubli,1
2026-11-03,BRG-1000,Hubli,1
2026-11-03,BRG-1025,Hubli,2
2026-11-03,BRG-1037,Hubli,1
2026-11-03,BRG-1081,Hubli,4
2026-11-03,CLT-1007,Hubli,3
2026-11-03,CLT-1016,Hubli,1
2026-11-03,CLT-1021,Hubli,4
2026-11-03,CLT-1068,Hubli,1
2026-11-03,ELE-1000,Hubli,1
2026-11-03,ELE-1010,Hubli,2
2026-11-03,ELE-1044,Hubli,1
2026-11-03,ELE-1086,Hubli,1
2026-11-03,ELE-1092,Hubli,1
2026-11-03,FLT-1032,Hubli,1
2026-11-03,FLT-1037,Hubli,1
2026-11-03,FLT-1098,Hubli,1
2026-11-03,HYD-1024,Hubli,1
2026-11-03,HYD-1081,Hubli,2
2026-11-03,PMP-1019,Hubli,2
2026-11-03,PMP-1023,Hubli,1
2026-11-03,PMP-1032,Hubli,2
2026-11-03,PMP-1052,Hubli,1
2026-11-03,PMP-1056,Hubli,1
2026-11-03,PMP-1089,Hubli,2
2026-11-03,SEL-1014,Hubli,1
2026-11-03,SEL-1037,Hubli,1
2026-11-03,SEL-3310,Hubli,3
2026-11-04,BLT-1012,Bagalkot,1
2026-11-04,BLT-1016,Bagalkot,1
2026-11-04,BLT-1032,Bagalkot,1
2026-11-04,BLT-1035,Bagalkot,1
2026-11-04,BLT-1053,Bagalkot,2
2026-11-04,BLT-1061,Bagalkot,2
2026-11-04,BLT-1066,Bagalkot,3
2026-11-04,BRG-1033,Bagalkot,2
2026-11-04,BRG-1064,Bagalkot,2
2026-11-04,BRG-1081,Bagalkot,1
2026-11-04,BRG-1086,Bagalkot,2
2026-11-04,BRG-1092,Bagalkot,2
2026-11-04,CLT-1057,Bagalkot,1
2026-11-04,CLT-1081,Bagalkot,2
2026-11-04,CLT-1099,Bagalkot,2
2026-11-04,ELE-1010,Bagalkot,1
2026-11-04,ELE-1023,Bagalkot,1
2026-11-04,ELE-1067,Bagalkot,1
2026-11-04,ELE-1079,Bagalkot,1
2026-11-04,FLT-1001,Bagalkot,1
2026-11-04,FLT-1022,Bagalkot,2
2026-11-04,FLT-1032,Bagalkot,1
2026-11-04,FLT-1056,Bagalkot,4
2026-11-04,FLT-1074,Bagalkot,1
2026-11-04,FLT-1086,Bagalkot,2
2026-11-04,FLT-1093,Bagalkot,3
2026-11-04,HYD-1016,Bagalkot,2
2026-11-04,HYD-1024,Bagalkot,3
2026-11-04,HYD-1028,Bagalkot,3
2026-11-04,HYD-1042,Bagalkot,1
2026-11-04,HYD-1051,Bagalkot,1
2026-11-04,HYD-1061,Bagalkot,1
2026-11-04,PMP-1036,Bagalkot,2
2026-11-04,PMP-1063,Bagalkot,1
2026-11-04,PMP-1098,Bagalkot,2
2026-11-04,SEL-1042,Bagalkot,1
2026-11-04,SEL-1052,Bagalkot,1
2026-11-04,SEL-1085,Bagalkot,3
2026-11-04,BLT-1016,Belgaum,2
2026-11-04,BLT-1032,Belgaum,2
2026-11-04,BLT-1073,Belgaum,1
2026-11-04,BLT-1087,Belgaum,1
2026-11-04,BLT-4105,Belgaum,1
2026-11-04,BRG-1037,Belgaum,1
2026-11-04,BRG-1058,Belgaum,2
2026-11-04,BRG-1064,Belgaum,1
2026-11-04,CLT-1004,Belgaum,1
2026-11-04,CLT-1021,Belgaum,1
2026-11-04,CLT-1057,Belgaum,1
2026-11-04,CLT-1089,Belgaum,1
2026-11-04,CLT-1099,Belgaum,1
2026-11-04,ELE-1010,Belgaum,2
2026-11-04,ELE-1039,Belgaum,1
2026-11-04,ELE-1092,Belgaum,1
2026-11-04,FLT-1001,Belgaum,2
2026-11-04,FLT-1009,Belgaum,1
2026-11-04,FLT-1016,Belgaum,1
2026-11-04,FLT-1022,Belgaum,1
2026-11-04,FLT-1045,Belgaum,2
2026-11-04,FLT-1053,Belgaum,1
2026-11-04,FLT-1079,Belgaum,1
2026-11-04,FLT-1086,Belgaum,4
2026-11-04,FLT-1098,Belgaum,1
2026-11-04,HYD-1024,Belgaum,1
2026-11-04,HYD-1038,Belgaum,1
2026-11-04,HYD-1095,Belgaum,1
2026-11-04,PMP-1009,Belgaum,1
2026-11-04,PMP-1075,Belgaum,1
2026-11-04,PMP-1091,Belgaum,1
2026-11-04,PMP-5012,Belgaum,2
2026-11-04,SEL-1002,Belgaum,1
2026-11-04,SEL-1008,Belgaum,2
2026-11-04,SEL-1024,Belgaum,1
2026-11-04,BLT-1026,Bijapur,3
2026-11-04,BLT-1061,Bijapur,1
2026-11-04,BLT-1093,Bijapur,1
2026-11-04,BRG-1000,Bijapur,1
2026-11-04,BRG-1037,Bijapur,1
2026-11-04,BRG-1081,Bijapur,1
2026-11-04,BRG-1092,Bijapur,1
2026-11-04,CLT-1007,Bijapur,1
2026-11-04,CLT-1016,Bijapur,1
2026-11-04,ELE-1010,Bijapur,2
2026-11-04,FLT-1001,Bijapur,2
2026-11-04,FLT-1009,Bijapur,3
2026-11-04,FLT-1016,Bijapur,2
2026-11-04,FLT-1021,Bijapur,2
2026-11-04,FLT-1037,Bijapur,1
2026-11-04,FLT-1063,Bijapur,1
2026-11-04,FLT-1079,Bijapur,1
2026-11-04,FLT-1093,Bijapur,1
2026-11-04,HYD-1024,Bijapur,1
2026-11-04,HYD-1028,Bijapur,1
2026-11-04,HYD-1042,Bijapur,2
2026-11-04,HYD-1051,Bijapur,1
2026-11-04,HYD-1063,Bijapur,2
2026-11-04,HYD-1098,Bijapur,1
2026-11-04,PMP-1023,Bijapur,2
2026-11-04,PMP-1075,Bijapur,1
2026-11-04,PMP-1089,Bijapur,1
2026-11-04,PMP-5012,Bijapur,3
2026-11-04,SEL-1037,Bijapur,1
2026-11-04,SEL-1042,Bijapur,2
2026-11-04,SEL-1068,Bijapur,1
2026-11-04,SEL-1070,Bijapur,1
2026-11-04,SEL-1085,Bijapur,1
2026-11-04,SEL-1096,Bijapur,2
2026-11-04,BLT-1053,Dharwad,1
2026-11-04,BLT-1066,Dharwad,1
2026-11-04,BLT-1073,Dharwad,1
2026-11-04,BLT-1080,Dharwad,3
2026-11-04,BLT-1093,Dharwad,1
2026-11-04,BLT-4105,Dharwad,1
2026-11-04,BRG-1008,Dharwad,1
2026-11-04,BRG-1025,Dharwad,1
2026-11-04,BRG-1058,Dharwad,3
2026-11-04,BRG-1064,Dharwad,1
2026-11-04,BRG-1092,Dharwad,1
2026-11-04,CLT-1007,Dharwad,1
2026-11-04,CLT-1021,Dharwad,1
2026-11-04,CLT-1057,Dharwad,2
2026-11-04,CLT-1068,Dharwad,1
2026-11-04,CLT-1081,Dharwad,1
2026-11-04,CLT-1089,Dharwad,1
2026-11-04,ELE-1100,Dharwad,3
2026-11-04,FLT-1001,Dharwad,1
2026-11-04,FLT-1021,Dharwad,1
2026-11-04,FLT-1022,Dharwad,2
2026-11-04,FLT-1053,Dharwad,1
2026-11-04,FLT-1093,Dharwad,1
2026-11-04,HYD-1004,Dharwad,2
2026-11-04,HYD-1024,Dharwad,1
2026-11-04,HYD-1042,Dharwad,1
2026-11-04,HYD-1074,Dharwad,1
2026-11-04,PMP-1002,Dharwad,3
2026-11-04,PMP-1009,Dharwad,1
2026-11-04,PMP-1023,Dharwad,1
2026-11-04,PMP-1036,Dharwad,1
2026-11-04,PMP-1056,Dharwad,1
2026-11-04,PMP-1063,Dharwad,2
2026-11-04,PMP-1079,Dharwad,1
2026-11-04,PMP-1091,Dharwad,1
2026-11-04,PMP-5012,Dharwad,2
2026-11-04,SEL-1002,Dharwad,1
2026-11-04,SEL-1042,Dharwad,1
2026-11-04,SEL-1068,Dharwad,1
2026-11-04,BLT-1003,Gokak,1
2026-11-04,BLT-1012,Gokak,3
2026-11-04,BLT-1026,Gokak,1
2026-11-04,BLT-1053,Gokak,1
2026-11-04,BLT-1087,Gokak,4
2026-11-04,BLT-1093,Gokak,1
2026-11-04,BLT-4105,Gokak,3
2026-11-04,BRG-1025,Gokak,1
2026-11-04,BRG-1037,Gokak,1
2026-11-04,BRG-1049,Gokak,2
2026-11-04,BRG-1064,Gokak,2
2026-11-04,BRG-1086,Gokak,1
2026-11-04,BRG-1092,Gokak,2
2026-11-04,CLT-1016,Gokak,2
2026-11-04,CLT-1021,Gokak,1
2026-11-04,CLT-1028,Gokak,1
2026-11-04,CLT-1053,Gokak,1
2026-11-04,CLT-1081,Gokak,1
2026-11-04,CLT-1099,Gokak,1
2026-11-04,ELE-1000,Gokak,1
2026-11-04,ELE-1010,Gokak,3
2026-11-04,ELE-1057,Gokak,1
2026-11-04,ELE-1100,Gokak,1
2026-11-04,FLT-1009,Gokak,1
2026-11-04,FLT-1021,Gokak,3
2026-11-04,FLT-1032,Gokak,1
2026-11-04,FLT-1037,Gokak,2
2026-11-04,FLT-1045,Gokak,1
2026-11-04,HYD-1012,Gokak,1
2026-11-04,HYD-1016,Gokak,2
2026-11-04,HYD-1028,Gokak,1
2026-11-04,HYD-1074,Gokak,5
2026-11-04,HYD-1089,Gokak,1
2026-11-04,PMP-1023,Gokak,2
2026-11-04,PMP-1079,Gokak,1
2026-11-04,PMP-1091,Gokak,1
2026-11-04,SEL-1008,Gokak,1
2026-11-04,SEL-1029,Gokak,1
2026-11-04,SEL-1042,Gokak,2
2026-11-04,SEL-1068,Gokak,1
2026-11-04,SEL-1070,Gokak,1
2026-11-04,SEL-1085,Gokak,3
2026-11-04,SEL-3310,Gokak,2
2026-11-04,BLT-1003,Hubli,2
2026-11-04,BLT-1035,Hubli,1
2026-11-04,BLT-4105,Hubli,1
2026-11-04,BRG-1025,Hubli,1
2026-11-04,BRG-1081,Hubli,5
2026-11-04,CLT-1037,Hubli,1
2026-11-04,CLT-1074,Hubli,1
2026-11-04,CLT-1099,Hubli,1
2026-11-04,CLT-6120,Hubli,1
2026-11-04,ELE-1010,Hubli,2
2026-11-04,ELE-1086,Hubli,2
2026-11-04,ELE-1092,Hubli,1
2026-11-04,FLT-1009,Hubli,1
2026-11-04,FLT-1032,Hubli,2
2026-11-04,FLT-1045,Hubli,1
2026-11-04,FLT-1053,Hubli,1
2026-11-04,FLT-1079,Hubli,1
2026-11-04,FLT-1098,Hubli,1
2026-11-04,HYD-1016,Hubli,4
2026-11-04,HYD-1024,Hubli,1
2026-11-04,HYD-1028,Hubli,2
2026-11-04,HYD-1095,Hubli,1
2026-11-04,PMP-1019,Hubli,1
2026-11-04,PMP-1023,Hubli,2
2026-11-04,PMP-1079,Hubli,1
2026-11-04,PMP-1089,Hubli,1
2026-11-04,PMP-1091,Hubli,1
2026-11-04,SEL-1002,Hubli,1
2026-11-04,SEL-1014,Hubli,1
2026-11-04,SEL-1024,Hubli,1
2026-11-04,SEL-1037,Hubli,2
2026-11-04,SEL-1070,Hubli,1
2026-11-04,SEL-1096,Hubli,1
2026-11-04,SEL-3310,Hubli,1
2026-11-05,BLT-1053,Bagalkot,1
2026-11-05,BLT-1061,Bagalkot,1
2026-11-05,BLT-1073,Bagalkot,1
2026-11-05,BLT-1087,Bagalkot,1
2026-11-05,BLT-1093,Bagalkot,1
2026-11-05,BRG-1000,Bagalkot,1
2026-11-05,BRG-1049,Bagalkot,2
2026-11-05,BRG-1064,Bagalkot,1
2026-11-05,BRG-1081,Bagalkot,1
2026-11-05,CLT-1081,Bagalkot,1
2026-11-05,CLT-1099,Bagalkot,1
2026-11-05,CLT-6120,Bagalkot,1
2026-11-05,ELE-1010,Bagalkot,1
2026-11-05,ELE-1030,Bagalkot,1
2026-11-05,ELE-1067,Bagalkot,1
2026-11-05,FLT-1009,Bagalkot,1
2026-11-05,FLT-1021,Bagalkot,1
2026-11-05,FLT-1032,Bagalkot,1
2026-11-05,FLT-1056,Bagalkot,4
2026-11-05,FLT-1063,Bagalkot,2
2026-11-05,FLT-1074,Bagalkot,2
2026-11-05,FLT-1093,Bagalkot,2
2026-11-05,FLT-1098,Bagalkot,1
2026-11-05,HYD-1012,Bagalkot,1
2026-11-05,HYD-1016,Bagalkot,2
2026-11-05,HYD-1024,Bagalkot,3
2026-11-05,HYD-1028,Bagalkot,1
2026-11-05,HYD-1042,Bagalkot,1
2026-11-05,HYD-1051,Bagalkot,2
2026-11-05,PMP-1002,Bagalkot,1
2026-11-05,PMP-1036,Bagalkot,1
2026-11-05,PMP-1043,Bagalkot,1
2026-11-05,PMP-1075,Bagalkot,1
2026-11-05,PMP-5012,Bagalkot,1
2026-11-05,SEL-1002,Bagalkot,3
2026-11-05,SEL-1052,Bagalkot,1
2026-11-05,SEL-1098,Bagalkot,2
2026-11-05,BLT-1035,Belgaum,1
2026-11-05,BLT-1087,Belgaum,1
2026-11-05,BRG-1000,Belgaum,1
2026-11-05,BRG-1018,Belgaum,2
2026-11-05,BRG-1037,Belgaum,1
2026-11-05,BRG-1058,Belgaum,3
2026-11-05,BRG-1064,Belgaum,1
2026-11-05,BRG-1092,Belgaum,1
2026-11-05,BRG-1099,Belgaum,1
2026-11-05,CLT-1037,Belgaum,1
2026-11-05,CLT-1057,Belgaum,1
2026-11-05,FLT-1016,Belgaum,1
2026-11-05,FLT-1022,Belgaum,3
2026-11-05,FLT-1045,Belgaum,1
2026-11-05,FLT-1079,Belgaum,1
2026-11-05,FLT-1086,Belgaum,2
2026-11-05,HYD-1004,Belgaum,3
2026-11-05,HYD-1012,Belgaum,2
2026-11-05,HYD-1016,Belgaum,3
2026-11-05,HYD-1038,Belgaum,2
2026-11-05,HYD-1063,Belgaum,1
2026-11-05,HYD-1081,Belgaum,1
2026-11-05,PMP-5012,Belgaum,3
2026-11-05,SEL-1002,Belgaum,3
2026-11-05,SEL-1008,Belgaum,1
2026-11-05,SEL-1037,Belgaum,2
2026-11-05,SEL-3310,Belgaum,1
2026-11-05,BLT-1012,Bijapur,2
2026-11-05,BLT-1047,Bijapur,2
2026-11-05,BLT-1061,Bijapur,1
2026-11-05,BLT-1066,Bijapur,2
2026-11-05,BLT-1093,Bijapur,1
2026-11-05,BRG-1008,Bijapur,1
2026-11-05,BRG-1033,Bijapur,1
2026-11-05,BRG-1045,Bijapur,1
2026-11-05,BRG-1049,Bijapur,1
2026-11-05,BRG-1064,Bijapur,1
2026-11-05,BRG-1075,Bijapur,1
2026-11-05,CLT-1004,Bijapur,1
2026-11-05,CLT-1007,Bijapur,3
2026-11-05,CLT-1021,Bijapur,1
2026-11-05,CLT-1053,Bijapur,1
2026-11-05,ELE-1023,Bijapur,3
2026-11-05,FLT-1009,Bijapur,2
2026-11-05,FLT-1016,Bijapur,1
2026-11-05,FLT-1021,Bijapur,3
2026-11-05,FLT-1037,Bijapur,2
2026-11-05,FLT-1053,Bijapur,1
2026-11-05,FLT-1074,Bijapur,1
2026-11-05,FLT-1086,Bijapur,2
2026-11-05,HYD-1004,Bijapur,1
2026-11-05,HYD-1024,Bijapur,1
2026-11-05,HYD-1063,Bijapur,2
2026-11-05,PMP-1009,Bijapur,1
2026-11-05,PMP-1023,Bijapur,1
2026-11-05,PMP-1032,Bijapur,2
2026-11-05,PMP-5012,Bijapur,1
2026-11-05,SEL-1008,Bijapur,1
2026-11-05,SEL-1029,Bijapur,1
2026-11-05,SEL-1037,Bijapur,1
2026-11-05,SEL-1042,Bijapur,2
2026-11-05,SEL-1070,Bijapur,2
2026-11-05,SEL-1096,Bijapur,1
2026-11-05,BLT-1003,Dharwad,2
2026-11-05,BLT-1053,Dharwad,1
2026-11-05,BLT-1080,Dharwad,2
2026-11-05,BRG-1000,Dharwad,1
2026-11-05,BRG-1092,Dharwad,1
2026-11-05,BRG-1099,Dharwad,1
2026-11-05,BRG-2207,Dharwad,1
2026-11-05,CLT-1004,Dharwad,1
2026-11-05,CLT-1021,Dharwad,3
2026-11-05,CLT-1037,Dharwad,1
2026-11-05,CLT-1068,Dharwad,2
2026-11-05,CLT-1074,Dharwad,1
2026-11-05,CLT-1089,Dharwad,1
2026-11-05,CLT-1092,Dharwad,2
2026-11-05,ELE-1000,Dharwad,1
2026-11-05,ELE-1023,Dharwad,1
2026-11-05,ELE-1100,Dharwad,2
2026-11-05,FLT-1001,Dharwad,1
2026-11-05,FLT-1016,Dharwad,1
2026-11-05,FLT-1021,Dharwad,1
2026-11-05,FLT-1037,Dharwad,1
2026-11-05,FLT-1053,Dharwad,1
2026-11-05,FLT-1093,Dharwad,1
2026-11-05,HYD-1038,Dharwad,1
2026-11-05,HYD-1051,Dharwad,4
2026-11-05,HYD-1095,Dharwad,2
2026-11-05,PMP-1009,Dharwad,1
2026-11-05,PMP-1023,Dharwad,1
2026-11-05,PMP-1032,Dharwad,1
2026-11-05,PMP-1063,Dharwad,2
2026-11-05,PMP-1089,Dharwad,1
2026-11-05,PMP-5012,Dharwad,2
2026-11-05,BLT-1003,Gokak,1
2026-11-05,BLT-1012,Gokak,1
2026-11-05,BLT-1026,Gokak,1
2026-11-05,BLT-1032,Gokak,2
2026-11-05,BLT-1053,Gokak,2
2026-11-05,BLT-1087,Gokak,5
2026-11-05,BRG-1049,Gokak,1
2026-11-05,BRG-1064,Gokak,1
2026-11-05,CLT-1016,Gokak,2
2026-11-05,CLT-1044,Gokak,1
2026-11-05,CLT-1074,Gokak,2
2026-11-05,CLT-1099,Gokak,1
2026-11-05,ELE-1010,Gokak,2
2026-11-05,ELE-1073,Gokak,1
2026-11-05,FLT-1021,Gokak,4
2026-11-05,FLT-1032,Gokak,2
2026-11-05,FLT-1037,Gokak,2
2026-11-05,FLT-1045,Gokak,4
2026-11-05,FLT-1098,Gokak,1
2026-11-05,HYD-1012,Gokak,2
2026-11-05,HYD-1016,Gokak,1
2026-11-05,HYD-1038,Gokak,1
2026-11-05,PMP-1052,Gokak,1
2026-11-05,PMP-1075,Gokak,1
2026-11-05,PMP-1079,Gokak,1
2026-11-05,PMP-1091,Gokak,1
2026-11-05,PMP-5012,Gokak,4
2026-11-05,SEL-1008,Gokak,2
2026-11-05,SEL-1024,Gokak,1
2026-11-05,SEL-1029,Gokak,1
2026-11-05,SEL-1068,Gokak,1
2026-11-05,SEL-1077,Gokak,1
2026-11-05,SEL-3310,Gokak,1
2026-11-05,BLT-1003,Hubli,1
2026-11-05,BLT-1016,Hubli,1
2026-11-05,BLT-1035,Hubli,2
2026-11-05,BLT-1080,Hubli,2
2026-11-05,BLT-4105,Hubli,1
2026-11-05,BRG-1049,Hubli,2
2026-11-05,BRG-1064,Hubli,2
2026-11-05,BRG-1081,Hubli,1
2026-11-05,CLT-1016,Hubli,2
2026-11-05,CLT-1021,Hubli,1
2026-11-05,CLT-1057,Hubli,2
2026-11-05,ELE-1010,Hubli,1
2026-11-05,ELE-1086,Hubli,2
2026-11-05,FLT-1037,Hubli,3
2026-11-05,FLT-1045,Hubli,1
2026-11-05,FLT-1074,Hubli,3
2026-11-05,FLT-1098,Hubli,1
2026-11-05,HYD-1016,Hubli,3
2026-11-05,PMP-1019,Hubli,1
2026-11-05,PMP-1023,Hubli,1
2026-11-05,PMP-1032,Hubli,1
2026-11-05,PMP-1063,Hubli,2
2026-11-05,PMP-1089,Hubli,1
2026-11-05,PMP-1091,Hubli,1
2026-11-05,SEL-1002,Hubli,2
2026-11-05,SEL-1014,Hubli,1
2026-11-05,SEL-1042,Hubli,2
2026-11-05,SEL-1052,Hubli,1
2026-11-05,SEL-1068,Hubli,2
2026-11-05,SEL-1070,Hubli,1
2026-11-05,SEL-3310,Hubli,1
2026-11-06,BLT-1032,Bagalkot,1
2026-11-06,BLT-1053,Bagalkot,1
2026-11-06,BLT-1061,Bagalkot,4
2026-11-06,BLT-1066,Bagalkot,2
2026-11-06,BLT-1080,Bagalkot,2
2026-11-06,BLT-1087,Bagalkot,1
2026-11-06,BLT-1093,Bagalkot,2
2026-11-06,BLT-4105,Bagalkot,5
2026-11-06,BRG-1033,Bagalkot,1
2026-11-06,BRG-1037,Bagalkot,1
2026-11-06,BRG-1081,Bagalkot,2
2026-11-06,BRG-1092,Bagalkot,2
2026-11-06,CLT-1081,Bagalkot,1
2026-11-06,CLT-6120,Bagalkot,1
2026-11-06,ELE-1010,Bagalkot,3
2026-11-06,ELE-1018,Bagalkot,3
2026-11-06,ELE-1023,Bagalkot,1
2026-11-06,ELE-1079,Bagalkot,2
2026-11-06,FLT-1009,Bagalkot,2
2026-11-06,FLT-1021,Bagalkot,1
2026-11-06,FLT-1045,Bagalkot,1
2026-11-06,FLT-1063,Bagalkot,1
2026-11-06,FLT-1074,Bagalkot,1
2026-11-06,FLT-1098,Bagalkot,1
2026-11-06,HYD-1012,Bagalkot,2
2026-11-06,HYD-1016,Bagalkot,1
2026-11-06,HYD-1024,Bagalkot,2
2026-11-06,HYD-1051,Bagalkot,1
2026-11-06,HYD-1098,Bagalkot,1
2026-11-06,PMP-1043,Bagalkot,1
2026-11-06,PMP-1089,Bagalkot,1
2026-11-06,PMP-1098,Bagalkot,1
2026-11-06,SEL-1029,Bagalkot,1
2026-11-06,SEL-1042,Bagalkot,2
2026-11-06,SEL-1085,Bagalkot,1
2026-11-06,SEL-1096,Bagalkot,2
2026-11-06,SEL-1098,Bagalkot,1
2026-11-06,BLT-1016,Belgaum,1
2026-11-06,BLT-1073,Belgaum,1
2026-11-06,BLT-1080,Belgaum,2
2026-11-06,BLT-4105,Belgaum,1
2026-11-06,BRG-1018,Belgaum,2
2026-11-06,BRG-1037,Belgaum,2
2026-11-06,BRG-1058,Belgaum,1
2026-11-06,BRG-1075,Belgaum,1
2026-11-06,CLT-1004,Belgaum,2
2026-11-06,CLT-1007,Belgaum,2
2026-11-06,CLT-1028,Belgaum,1
2026-11-06,CLT-1044,Belgaum,1
2026-11-06,CLT-1053,Belgaum,1
2026-11-06,CLT-1074,Belgaum,1
2026-11-06,CLT-1089,Belgaum,1
2026-11-06,CLT-1099,Belgaum,1
2026-11-06,ELE-1039,Belgaum,1
2026-11-06,ELE-1092,Belgaum,1
2026-11-06,ELE-1100,Belgaum,1
2026-11-06,FLT-1037,Belgaum,1
2026-11-06,FLT-1045,Belgaum,1
2026-11-06,FLT-1063,Belgaum,1
2026-11-06,FLT-1079,Belgaum,4
2026-11-06,FLT-1086,Belgaum,5
2026-11-06,FLT-1098,Belgaum,1
2026-11-06,HYD-1004,Belgaum,1
2026-11-06,HYD-1012,Belgaum,1
2026-11-06,HYD-1016,Belgaum,1
2026-11-06,HYD-1024,Belgaum,2
2026-11-06,HYD-1042,Belgaum,1
2026-11-06,HYD-1074,Belgaum,1
2026-11-06,HYD-1095,Belgaum,1
2026-11-06,PMP-1079,Belgaum,1
2026-11-06,PMP-5012,Belgaum,2
2026-11-06,SEL-1008,Belgaum,1
2026-11-06,SEL-1024,Belgaum,1
2026-11-06,SEL-1029,Belgaum,1
2026-11-06,SEL-1037,Belgaum,3
2026-11-06,SEL-1085,Belgaum,1
2026-11-06,BLT-1047,Bijapur,1
2026-11-06,BLT-1053,Bijapur,2
2026-11-06,BLT-1066,Bijapur,1
2026-11-06,BLT-1093,Bijapur,1
2026-11-06,BLT-1098,Bijapur,2
2026-11-06,BLT-4105,Bijapur,1
2026-11-06,BRG-1000,Bijapur,1
2026-11-06,BRG-1008,Bijapur,1
2026-11-06,BRG-1075,Bijapur,1
2026-11-06,CLT-1007,Bijapur,5
2026-11-06,CLT-1044,Bijapur,1
2026-11-06,ELE-1044,Bijapur,1
2026-11-06,ELE-1067,Bijapur,1
2026-11-06,FLT-1001,Bijapur,2
2026-11-06,FLT-1009,Bijapur,1
2026-11-06,FLT-1016,Bijapur,1
2026-11-06,FLT-1053,Bijapur,1
2026-11-06,FLT-1063,Bijapur,1
2026-11-06,FLT-1079,Bijapur,1
2026-11-06,FLT-1086,Bijapur,2
2026-11-06,HYD-1024,Bijapur,3
2026-11-06,HYD-1042,Bijapur,1
2026-11-06,HYD-1063,Bijapur,1
2026-11-06,HYD-1074,Bijapur,1
2026-11-06,PMP-1009,Bijapur,1
2026-11-06,PMP-1023,Bijapur,1
2026-11-06,PMP-1032,Bijapur,1
2026-11-06,PMP-1063,Bijapur,1
2026-11-06,PMP-1075,Bijapur,1
2026-11-06,PMP-1089,Bijapur,1
2026-11-06,PMP-5012,Bijapur,2
2026-11-06,SEL-1008,Bijapur,1
2026-11-06,SEL-1042,Bijapur,1
2026-11-06,SEL-1068,Bijapur,1
2026-11-06,SEL-1070,Bijapur,2
2026-11-06,SEL-1096,Bijapur,2
2026-11-06,BLT-1003,Dharwad,1
2026-11-06,BLT-1032,Dharwad,1
2026-11-06,BLT-1035,Dharwad,3
2026-11-06,BLT-1047,Dharwad,1
2026-11-06,BLT-1053,Dharwad,1
2026-11-06,BLT-1080,Dharwad,2
2026-11-06,BLT-1087,Dharwad,1
2026-11-06,BLT-4105,Dharwad,1
2026-11-06,BRG-1000,Dharwad,1
2026-11-06,BRG-1008,Dharwad,1
2026-11-06,BRG-1025,Dharwad,1
2026-11-06,BRG-1064,Dharwad,3
2026-11-06,BRG-1075,Dharwad,1
2026-11-06,BRG-1092,Dharwad,1
2026-11-06,CLT-1021,Dharwad,3
2026-11-06,CLT-1028,Dharwad,1
2026-11-06,CLT-1037,Dharwad,1
2026-11-06,CLT-1068,Dharwad,4
2026-11-06,ELE-1044,Dharwad,1
2026-11-06,ELE-1100,Dharwad,1
2026-11-06,FLT-1016,Dharwad,1
2026-11-06,FLT-1021,Dharwad,4
2026-11-06,FLT-1037,Dharwad,1
2026-11-06,FLT-1053,Dharwad,1
2026-11-06,HYD-1004,Dharwad,1
2026-11-06,HYD-1024,Dharwad,3
2026-11-06,HYD-1038,Dharwad,3
2026-11-06,HYD-1063,Dharwad,1
2026-11-06,HYD-1095,Dharwad,4
2026-11-06,PMP-1002,Dharwad,1
2026-11-06,PMP-1009,Dharwad,2
2026-11-06,PMP-1036,Dharwad,3
2026-11-06,PMP-1089,Dharwad,1
2026-11-06,PMP-1091,Dharwad,1
2026-11-06,SEL-1002,Dharwad,1
2026-11-06,SEL-3310,Dharwad,2
2026-11-06,BLT-1012,Gokak,1
2026-11-06,BLT-1026,Gokak,1
2026-11-06,BLT-1053,Gokak,2
2026-11-06,BLT-1087,Gokak,3
2026-11-06,BLT-1093,Gokak,5
2026-11-06,BLT-4105,Gokak,2
2026-11-06,BRG-1008,Gokak,1
2026-11-06,BRG-1037,Gokak,1
2026-11-06,BRG-1049,Gokak,1
2026-11-06,BRG-1092,Gokak,1
2026-11-06,CLT-1004,Gokak,1
2026-11-06,CLT-1007,Gokak,1
2026-11-06,CLT-1016,Gokak,1
2026-11-06,CLT-1028,Gokak,1
2026-11-06,CLT-1044,Gokak,2
2026-11-06,CLT-1057,Gokak,1
2026-11-06,CLT-1074,Gokak,2
2026-11-06,ELE-1000,Gokak,2
2026-11-06,ELE-1010,Gokak,1
2026-11-06,ELE-1018,Gokak,1
2026-11-06,ELE-1044,Gokak,1
2026-11-06,ELE-1073,Gokak,1
2026-11-06,FLT-1021,Gokak,4
2026-11-06,FLT-1045,Gokak,1
2026-11-06,FLT-1098,Gokak,1
2026-11-06,HYD-1016,Gokak,2
2026-11-06,HYD-1089,Gokak,1
2026-11-06,HYD-1098,Gokak,1
2026-11-06,PMP-1009,Gokak,1
2026-11-06,PMP-1036,Gokak,1
2026-11-06,PMP-1052,Gokak,2
2026-11-06,PMP-1075,Gokak,1
2026-11-06,PMP-1091,Gokak,2
2026-11-06,SEL-1008,Gokak,1
2026-11-06,SEL-1024,Gokak,2
2026-11-06,SEL-1042,Gokak,1
2026-11-06,SEL-1077,Gokak,1
2026-11-06,SEL-1085,Gokak,3
2026-11-06,SEL-3310,Gokak,3
2026-11-06,BLT-1003,Hubli,1
2026-11-06,BLT-1016,Hubli,1
2026-11-06,BRG-1025,Hubli,2
2026-11-06,BRG-1033,Hubli,1
2026-11-06,BRG-1037,Hubli,2
2026-11-06,BRG-1045,Hubli,2
2026-11-06,BRG-1081,Hubli,5
2026-11-06,CLT-1007,Hubli,1
2026-11-06,CLT-1016,Hubli,3
2026-11-06,CLT-1021,Hubli,2
2026-11-06,CLT-1037,Hubli,2
2026-11-06,CLT-1068,Hubli,2
2026-11-06,CLT-1074,Hubli,1
2026-11-06,CLT-1099,Hubli,2
2026-11-06,ELE-1010,Hubli,1
2026-11-06,ELE-1044,Hubli,1
2026-11-06,ELE-1079,Hubli,1
2026-11-06,ELE-1086,Hubli,1
2026-11-06,ELE-1092,Hubli,1
2026-11-06,FLT-1009,Hubli,2
2026-11-06,FLT-1045,Hubli,1
2026-11-06,FLT-1074,Hubli,1
2026-11-06,FLT-1098,Hubli,1
2026-11-06,HYD-1028,Hubli,3
2026-11-06,HYD-1095,Hubli,1
2026-11-06,HYD-1098,Hubli,1
2026-11-06,PMP-1009,Hubli,1
2026-11-06,PMP-1019,Hubli,1
2026-11-06,PMP-1023,Hubli,2
2026-11-06,PMP-1032,Hubli,1
2026-11-06,PMP-1052,Hubli,1
2026-11-06,PMP-1091,Hubli,1
2026-11-06,PMP-1098,Hubli,1
2026-11-06,SEL-1037,Hubli,1
2026-11-06,SEL-1042,Hubli,1
2026-11-06,SEL-1068,Hubli,3
2026-11-06,SEL-3310,Hubli,1
2026-11-07,BLT-1066,Bagalkot,3
2026-11-07,BLT-1073,Bagalkot,1
2026-11-07,BLT-1087,Bagalkot,3
2026-11-07,BLT-1093,Bagalkot,2
2026-11-07,BLT-4105,Bagalkot,6
2026-11-07,BRG-1000,Bagalkot,1
2026-11-07,BRG-1049,Bagalkot,1
2026-11-07,BRG-1064,Bagalkot,1
2026-11-07,BRG-1081,Bagalkot,1
2026-11-07,CLT-1007,Bagalkot,2
2026-11-07,CLT-1057,Bagalkot,1
2026-11-07,CLT-1099,Bagalkot,2
2026-11-07,CLT-6120,Bagalkot,1
2026-11-07,ELE-1018,Bagalkot,2
2026-11-07,ELE-1030,Bagalkot,2
2026-11-07,ELE-1044,Bagalkot,1
2026-11-07,ELE-1067,Bagalkot,1
2026-11-07,ELE-1079,Bagalkot,1
2026-11-07,FLT-1001,Bagalkot,1
2026-11-07,FLT-1009,Bagalkot,1
2026-11-07,FLT-1022,Bagalkot,1
2026-11-07,FLT-1032,Bagalkot,1
2026-11-07,FLT-1037,Bagalkot,2
2026-11-07,FLT-1063,Bagalkot,1
2026-11-07,FLT-1074,Bagalkot,2
2026-11-07,FLT-1079,Bagalkot,1
2026-11-07,FLT-1093,Bagalkot,2
2026-11-07,FLT-1098,Bagalkot,2
2026-11-07,HYD-1012,Bagalkot,1
2026-11-07,HYD-1016,Bagalkot,2
2026-11-07,HYD-1028,Bagalkot,3
2026-11-07,HYD-1042,Bagalkot,2
2026-11-07,HYD-1074,Bagalkot,1
2026-11-07,HYD-1095,Bagalkot,1
2026-11-07,PMP-1019,Bagalkot,1
2026-11-07,PMP-1036,Bagalkot,1
2026-11-07,PMP-1089,Bagalkot,1
2026-11-07,PMP-1098,Bagalkot,1
2026-11-07,SEL-1029,Bagalkot,1
2026-11-07,SEL-1037,Bagalkot,1
2026-11-07,SEL-1068,Bagalkot,1
2026-11-07,SEL-1085,Bagalkot,1
2026-11-07,SEL-1096,Bagalkot,1
2026-11-07,BLT-1032,Belgaum,1
2026-11-07,BLT-1073,Belgaum,2
2026-11-07,BLT-4105,Belgaum,1
2026-11-07,BRG-1000,Belgaum,1
2026-11-07,BRG-1018,Belgaum,1
2026-11-07,BRG-1058,Belgaum,4
2026-11-07,BRG-1099,Belgaum,2
2026-11-07,CLT-1004,Belgaum,1
2026-11-07,CLT-1007,Belgaum,1
2026-11-07,CLT-1057,Belgaum,1
2026-11-07,CLT-1099,Belgaum,1
2026-11-07,ELE-1010,Belgaum,1
2026-11-07,ELE-1023,Belgaum,1
2026-11-07,ELE-1039,Belgaum,3
2026-11-07,FLT-1009,Belgaum,1
2026-11-07,FLT-1021,Belgaum,1
2026-11-07,FLT-1022,Belgaum,1
2026-11-07,FLT-1037,Belgaum,2
2026-11-07,FLT-1045,Belgaum,1
2026-11-07,FLT-1053,Belgaum,1
2026-11-07,FLT-1079,Belgaum,1
2026-11-07,FLT-1086,Belgaum,3
2026-11-07,FLT-1098,Belgaum,1
2026-11-07,HYD-1024,Belgaum,3
2026-11-07,HYD-1038,Belgaum,2
2026-11-07,PMP-1023,Belgaum,1
2026-11-07,PMP-1056,Belgaum,1
2026-11-07,PMP-5012,Belgaum,3
2026-11-07,SEL-1002,Belgaum,1
2026-11-07,SEL-1008,Belgaum,2
2026-11-07,SEL-1029,Belgaum,1
2026-11-07,SEL-1037,Belgaum,1
2026-11-07,SEL-1068,Belgaum,1
2026-11-07,SEL-3310,Belgaum,1
2026-11-07,BLT-1026,Bijapur,2
2026-11-07,BLT-1032,Bijapur,1
2026-11-07,BLT-1035,Bijapur,1
2026-11-07,BLT-1080,Bijapur,1
2026-11-07,BLT-1093,Bijapur,1
2026-11-07,BLT-1098,Bijapur,1
2026-11-07,BLT-4105,Bijapur,1
2026-11-07,BRG-1000,Bijapur,1
2026-11-07,BRG-1025,Bijapur,1
2026-11-07,BRG-1064,Bijapur,4
2026-11-07,CLT-1007,Bijapur,1
2026-11-07,CLT-1016,Bijapur,1
2026-11-07,CLT-1021,Bijapur,1
2026-11-07,CLT-1044,Bijapur,1
2026-11-07,CLT-1053,Bijapur,1
2026-11-07,ELE-1023,Bijapur,1
2026-11-07,FLT-1001,Bijapur,2
2026-11-07,FLT-1009,Bijapur,2
2026-11-07,FLT-1021,Bijapur,1
2026-11-07,FLT-1053,Bijapur,2
2026-11-07,HYD-1016,Bijapur,1
2026-11-07,HYD-1024,Bijapur,2
2026-11-07,HYD-1042,Bijapur,5
2026-11-07,HYD-1063,Bijapur,3
2026-11-07,HYD-1098,Bijapur,2
2026-11-07,PMP-1009,Bijapur,1
2026-11-07,PMP-1063,Bijapur,1
2026-11-07,PMP-1079,Bijapur,1
2026-11-07,PMP-1089,Bijapur,1
2026-11-07,PMP-1091,Bijapur,1
2026-11-07,PMP-5012,Bijapur,2
2026-11-07,SEL-1042,Bijapur,1
2026-11-07,SEL-1085,Bijapur,1
2026-11-07,SEL-1096,Bijapur,1
2026-11-07,BLT-1003,Dharwad,1
2026-11-07,BLT-1032,Dharwad,1
2026-11-07,BLT-1035,Dharwad,2
2026-11-07,BLT-1047,Dharwad,1
2026-11-07,BLT-1053,Dharwad,1
2026-11-07,BLT-4105,Dharwad,1
2026-11-07,BRG-1025,Dharwad,2
2026-11-07,BRG-1058,Dharwad,1
2026-11-07,BRG-1075,Dharwad,1
2026-11-07,BRG-1081,Dharwad,2
2026-11-07,BRG-1099,Dharwad,1
2026-11-07,CLT-1007,Dharwad,1
2026-11-07,CLT-1021,Dharwad,1
2026-11-07,CLT-1044,Dharwad,1
2026-11-07,CLT-1068,Dharwad,1
2026-11-07,CLT-1089,Dharwad,1
2026-11-07,CLT-1092,Dharwad,1
2026-11-07,CLT-1099,Dharwad,2
2026-11-07,ELE-1000,Dharwad,2
2026-11-07,ELE-1010,Dharwad,1
2026-11-07,ELE-1051,Dharwad,1
2026-11-07,FLT-1016,Dharwad,1
2026-11-07,FLT-1021,Dharwad,1
2026-11-07,FLT-1053,Dharwad,1
2026-11-07,HYD-1004,Dharwad,1
2026-11-07,HYD-1024,Dharwad,1
2026-11-07,HYD-1038,Dharwad,2
2026-11-07,HYD-1074,Dharwad,1
2026-11-07,HYD-1081,Dharwad,3
2026-11-07,HYD-1095,Dharwad,4
2026-11-07,PMP-1002,Dharwad,2
2026-11-07,PMP-1009,Dharwad,1
2026-11-07,PMP-1032,Dharwad,1
2026-11-07,PMP-1036,Dharwad,2
2026-11-07,PMP-1056,Dharwad,1
2026-11-07,PMP-1079,Dharwad,2
2026-11-07,PMP-5012,Dharwad,3
2026-11-07,SEL-1002,Dharwad,1
2026-11-07,SEL-1042,Dharwad,2
2026-11-07,SEL-3310,Dharwad,1
2026-11-07,BLT-1012,Gokak,2
2026-11-07,BLT-1032,Gokak,1
2026-11-07,BLT-1035,Gokak,1
2026-11-07,BLT-1053,Gokak,3
2026-11-07,BLT-1066,Gokak,1
2026-11-07,BLT-1093,Gokak,2
2026-11-07,BRG-1081,Gokak,2
2026-11-07,BRG-1092,Gokak,1
2026-11-07,BRG-1099,Gokak,1
2026-11-07,CLT-1016,Gokak,1
2026-11-07,CLT-1044,Gokak,3
2026-11-07,CLT-1089,Gokak,1
2026-11-07,CLT-1099,Gokak,2
2026-11-07,CLT-6120,Gokak,1
2026-11-07,ELE-1000,Gokak,1
2026-11-07,ELE-1010,Gokak,1
2026-11-07,ELE-1018,Gokak,1
2026-11-07,ELE-1044,Gokak,1
2026-11-07,ELE-1057,Gokak,1
2026-11-07,ELE-1100,Gokak,4
2026-11-07,FLT-1021,Gokak,5
2026-11-07,FLT-1037,Gokak,4
2026-11-07,FLT-1045,Gokak,1
2026-11-07,FLT-1098,Gokak,4
2026-11-07,HYD-1004,Gokak,1
2026-11-07,HYD-1012,Gokak,2
2026-11-07,HYD-1016,Gokak,1
2026-11-07,HYD-1028,Gokak,1
2026-11-07,HYD-1074,Gokak,1
2026-11-07,HYD-1089,Gokak,2
2026-11-07,PMP-1019,Gokak,1
2026-11-07,PMP-1023,Gokak,3
2026-11-07,PMP-1043,Gokak,2
2026-11-07,PMP-1052,Gokak,3
2026-11-07,PMP-1091,Gokak,2
2026-11-07,PMP-5012,Gokak,1
2026-11-07,SEL-1014,Gokak,1
2026-11-07,SEL-1037,Gokak,1
2026-11-07,SEL-1077,Gokak,2
2026-11-07,SEL-3310,Gokak,1
2026-11-07,BLT-1016,Hubli,1
2026-11-07,BLT-1032,Hubli,1
2026-11-07,BLT-4105,Hubli,2
2026-11-07,BRG-1025,Hubli,1
2026-11-07,BRG-1033,Hubli,1
2026-11-07,BRG-1037,Hubli,2
2026-11-07,BRG-1064,Hubli,2
2026-11-07,BRG-1081,Hubli,5
2026-11-07,CLT-1021,Hubli,2
2026-11-07,CLT-1074,Hubli,3
2026-11-07,CLT-1099,Hubli,2
2026-11-07,ELE-1010,Hubli,2
2026-11-07,ELE-1057,Hubli,1
2026-11-07,ELE-1086,Hubli,3
2026-11-07,ELE-1100,Hubli,2
2026-11-07,FLT-1032,Hubli,1
2026-11-07,FLT-1037,Hubli,1
2026-11-07,FLT-1045,Hubli,1
2026-11-07,FLT-1074,Hubli,2
2026-11-07,HYD-1024,Hubli,2
2026-11-07,HYD-1028,Hubli,2
2026-11-07,HYD-1063,Hubli,2
2026-11-07,PMP-1009,Hubli,1
2026-11-07,PMP-1019,Hubli,3
2026-11-07,PMP-1023,Hubli,1
2026-11-07,PMP-1089,Hubli,1
2026-11-07,PMP-1091,Hubli,1
2026-11-07,PMP-1098,Hubli,1
2026-11-07,SEL-1002,Hubli,1
2026-11-07,SEL-1014,Hubli,2
2026-11-07,SEL-1037,Hubli,2
2026-11-07,SEL-1042,Hubli,1
2026-11-07,SEL-1077,Hubli,1
2026-11-07,SEL-1096,Hubli,1
2026-11-07,SEL-3310,Hubli,3
2026-11-08,BLT-1035,Bagalkot,2
2026-11-08,BLT-1053,Bagalkot,1
2026-11-08,BLT-1061,Bagalkot,1
2026-11-08,BLT-4105,Bagalkot,4
2026-11-08,BRG-1018,Bagalkot,1
2026-11-08,BRG-1025,Bagalkot,1
2026-11-08,BRG-1033,Bagalkot,1
2026-11-08,BRG-1049,Bagalkot,1
2026-11-08,BRG-1092,Bagalkot,1
2026-11-08,CLT-1057,Bagalkot,1
2026-11-08,CLT-1068,Bagalkot,1
2026-11-08,ELE-1000,Bagalkot,1
2026-11-08,ELE-1010,Bagalkot,1
2026-11-08,ELE-1018,Bagalkot,3
2026-11-08,ELE-1044,Bagalkot,3
2026-11-08,ELE-1079,Bagalkot,1
2026-11-08,FLT-1009,Bagalkot,1
2026-11-08,FLT-1037,Bagalkot,1
2026-11-08,FLT-1056,Bagalkot,1
2026-11-08,FLT-1063,Bagalkot,3
2026-11-08,FLT-1074,Bagalkot,1
2026-11-08,FLT-1093,Bagalkot,1
2026-11-08,FLT-1098,Bagalkot,2
2026-11-08,HYD-1012,Bagalkot,3
2026-11-08,HYD-1016,Bagalkot,1
2026-11-08,HYD-1028,Bagalkot,1
2026-11-08,HYD-1042,Bagalkot,1
2026-11-08,HYD-1074,Bagalkot,1
2026-11-08,PMP-1023,Bagalkot,1
2026-11-08,PMP-1089,Bagalkot,1
2026-11-08,PMP-1098,Bagalkot,1
2026-11-08,SEL-1029,Bagalkot,1
2026-11-08,SEL-1037,Bagalkot,1
2026-11-08,SEL-1042,Bagalkot,1
2026-11-08,SEL-1052,Bagalkot,1
2026-11-08,SEL-1085,Bagalkot,1
2026-11-08,SEL-1096,Bagalkot,1
2026-11-08,BLT-1032,Belgaum,2
2026-11-08,BLT-1066,Belgaum,1
2026-11-08,BLT-1073,Belgaum,3
2026-11-08,BLT-1087,Belgaum,2
2026-11-08,BRG-1018,Belgaum,2
2026-11-08,BRG-1037,Belgaum,2
2026-11-08,BRG-1064,Belgaum,2
2026-11-08,BRG-1086,Belgaum,1
2026-11-08,CLT-1004,Belgaum,2
2026-11-08,CLT-1007,Belgaum,1
2026-11-08,CLT-1028,Belgaum,1
2026-11-08,CLT-1037,Belgaum,2
2026-11-08,CLT-1044,Belgaum,2
2026-11-08,CLT-1057,Belgaum,2
2026-11-08,CLT-1074,Belgaum,1
2026-11-08,CLT-1081,Belgaum,2
2026-11-08,CLT-1089,Belgaum,3
2026-11-08,CLT-1092,Belgaum,2
2026-11-08,CLT-1099,Belgaum,1
2026-11-08,ELE-1044,Belgaum,1
2026-11-08,FLT-1009,Belgaum,1
2026-11-08,FLT-1021,Belgaum,2
2026-11-08,FLT-1045,Belgaum,2
2026-11-08,FLT-1079,Belgaum,1
2026-11-08,FLT-1086,Belgaum,4
2026-11-08,HYD-1004,Belgaum,1
2026-11-08,HYD-1012,Belgaum,1
2026-11-08,HYD-1016,Belgaum,2
2026-11-08,HYD-1028,Belgaum,1
2026-11-08,HYD-1042,Belgaum,1
2026-11-08,HYD-1095,Belgaum,1
2026-11-08,PMP-1056,Belgaum,2
2026-11-08,PMP-1075,Belgaum,1
2026-11-08,SEL-1002,Belgaum,1
2026-11-08,SEL-1008,Belgaum,1
2026-11-08,SEL-1024,Belgaum,1
2026-11-08,SEL-1029,Belgaum,3
2026-11-08,SEL-1037,Belgaum,4
2026-11-08,SEL-1085,Belgaum,1
2026-11-08,SEL-3310,Belgaum,2
2026-11-08,BLT-1026,Bijapur,1
2026-11-08,BLT-1032,Bijapur,1
2026-11-08,BLT-1061,Bijapur,1
2026-11-08,BLT-1066,Bijapur,1
2026-11-08,BLT-1098,Bijapur,2
2026-11-08,BLT-4105,Bijapur,2
2026-11-08,BRG-1000,Bijapur,1
2026-11-08,BRG-1049,Bijapur,1
2026-11-08,BRG-1075,Bijapur,1
2026-11-08,CLT-1004,Bijapur,1
2026-11-08,CLT-1007,Bijapur,2
2026-11-08,CLT-1021,Bijapur,1
2026-11-08,CLT-1053,Bijapur,1
2026-11-08,ELE-1010,Bijapur,1
2026-11-08,FLT-1001,Bijapur,1
2026-11-08,FLT-1009,Bijapur,1
2026-11-08,FLT-1016,Bijapur,3
2026-11-08,FLT-1032,Bijapur,1
2026-11-08,FLT-1053,Bijapur,1
2026-11-08,FLT-1074,Bijapur,1
2026-11-08,FLT-1086,Bijapur,1
2026-11-08,HYD-1004,Bijapur,1
2026-11-08,HYD-1024,Bijapur,5
2026-11-08,HYD-1028,Bijapur,2
2026-11-08,HYD-1042,Bijapur,3
2026-11-08,HYD-1063,Bijapur,2
2026-11-08,HYD-1098,Bijapur,1
2026-11-08,PMP-1009,Bijapur,2
2026-11-08,PMP-1023,Bijapur,1
2026-11-08,PMP-1089,Bijapur,2
2026-11-08,PMP-5012,Bijapur,1
2026-11-08,SEL-1042,Bijapur,4
2026-11-08,SEL-1068,Bijapur,3
2026-11-08,SEL-1085,Bijapur,1
2026-11-08,SEL-1096,Bijapur,1
2026-11-08,BLT-1032,Dharwad,1
2026-11-08,BLT-1066,Dharwad,1
2026-11-08,BLT-1080,Dharwad,2
2026-11-08,BLT-4105,Dharwad,1
2026-11-08,BRG-1008,Dharwad,3
2026-11-08,BRG-1025,Dharwad,1
2026-11-08,BRG-1058,Dharwad,1
2026-11-08,BRG-1086,Dharwad,1
2026-11-08,BRG-1092,Dharwad,1
2026-11-08,BRG-1099,Dharwad,2
2026-11-08,CLT-1021,Dharwad,2
2026-11-08,CLT-1068,Dharwad,1
2026-11-08,CLT-1092,Dharwad,2
2026-11-08,CLT-1099,Dharwad,1
2026-11-08,CLT-6120,Dharwad,1
2026-11-08,ELE-1100,Dharwad,1
2026-11-08,FLT-1016,Dharwad,1
2026-11-08,FLT-1022,Dharwad,2
2026-11-08,FLT-1053,Dharwad,3
2026-11-08,HYD-1042,Dharwad,1
2026-11-08,HYD-1063,Dharwad,1
2026-11-08,HYD-1081,Dharwad,3
2026-11-08,HYD-1095,Dharwad,1
2026-11-08,PMP-1002,Dharwad,1
2026-11-08,PMP-1009,Dharwad,1
2026-11-08,PMP-1032,Dharwad,1
2026-11-08,PMP-1036,Dharwad,1
2026-11-08,PMP-1043,Dharwad,1
2026-11-08,PMP-1056,Dharwad,3
2026-11-08,PMP-1089,Dharwad,1
2026-11-08,PMP-1091,Dharwad,1
2026-11-08,PMP-5012,Dharwad,3
2026-11-08,SEL-1002,Dharwad,1
2026-11-08,SEL-1037,Dharwad,1
2026-11-08,SEL-1068,Dharwad,1
2026-11-08,SEL-3310,Dharwad,2
2026-11-08,BLT-1026,Gokak,1
2026-11-08,BLT-1053,Gokak,1
2026-11-08,BLT-1087,Gokak,2
2026-11-08,BLT-1093,Gokak,2
2026-11-08,BLT-1098,Gokak,1
2026-11-08,BLT-4105,Gokak,1
2026-11-08,BRG-1064,Gokak,1
2026-11-08,BRG-1081,Gokak,2
2026-11-08,BRG-1099,Gokak,3
2026-11-08,CLT-1016,Gokak,1
2026-11-08,CLT-1074,Gokak,1
2026-11-08,CLT-1081,Gokak,1
2026-11-08,CLT-1099,Gokak,4
2026-11-08,ELE-1000,Gokak,1
2026-11-08,ELE-1010,Gokak,2
2026-11-08,ELE-1044,Gokak,2
2026-11-08,ELE-1073,Gokak,1
2026-11-08,ELE-1100,Gokak,2
2026-11-08,FLT-1009,Gokak,1
2026-11-08,FLT-1021,Gokak,3
2026-11-08,FLT-1037,Gokak,1
2026-11-08,FLT-1045,Gokak,3
2026-11-08,FLT-1056,Gokak,1
2026-11-08,FLT-1098,Gokak,1
2026-11-08,HYD-1016,Gokak,1
2026-11-08,HYD-1074,Gokak,2
2026-11-08,HYD-1089,Gokak,2
2026-11-08,PMP-1052,Gokak,2
2026-11-08,PMP-1079,Gokak,1
2026-11-08,PMP-5012,Gokak,1
2026-11-08,SEL-1008,Gokak,1
2026-11-08,SEL-1014,Gokak,1
2026-11-08,SEL-1085,Gokak,4
2026-11-08,BLT-1053,Hubli,1
2026-11-08,BRG-1058,Hubli,2
2026-11-08,BRG-1081,Hubli,3
2026-11-08,CLT-1004,Hubli,1
2026-11-08,CLT-1021,Hubli,1
2026-11-08,CLT-1037,Hubli,1
2026-11-08,CLT-1057,Hubli,1
2026-11-08,CLT-1068,Hubli,2
2026-11-08,CLT-1074,Hubli,1
2026-11-08,CLT-1089,Hubli,1
2026-11-08,CLT-1099,Hubli,1
2026-11-08,ELE-1010,Hubli,2
2026-11-08,ELE-1044,Hubli,1
2026-11-08,ELE-1079,Hubli,1
2026-11-08,ELE-1086,Hubli,2
2026-11-08,ELE-1100,Hubli,2
2026-11-08,FLT-1009,Hubli,2
2026-11-08,FLT-1037,Hubli,2
2026-11-08,FLT-1079,Hubli,2
2026-11-08,HYD-1012,Hubli,1
2026-11-08,HYD-1016,Hubli,1
2026-11-08,HYD-1028,Hubli,1
2026-11-08,HYD-1063,Hubli,2
2026-11-08,HYD-1095,Hubli,2
2026-11-08,PMP-1023,Hubli,1
2026-11-08,PMP-1052,Hubli,1
2026-11-08,PMP-1056,Hubli,1
2026-11-08,PMP-1089,Hubli,3
2026-11-08,PMP-1091,Hubli,1
2026-11-08,SEL-1008,Hubli,2
2026-11-08,SEL-1014,Hubli,2
2026-11-08,SEL-1024,Hubli,1
2026-11-08,SEL-1037,Hubli,3
2026-11-08,SEL-1077,Hubli,1
2026-11-08,SEL-3310,Hubli,2
2026-11-09,BLT-1012,Bagalkot,1
2026-11-09,BLT-1016,Bagalkot,2
2026-11-09,BLT-1035,Bagalkot,2
2026-11-09,BLT-1061,Bagalkot,1
2026-11-09,BLT-1066,Bagalkot,1
2026-11-09,BLT-1073,Bagalkot,1
2026-11-09,BLT-1080,Bagalkot,2
2026-11-09,BLT-1093,Bagalkot,5
2026-11-09,BLT-4105,Bagalkot,5
2026-11-09,BRG-1000,Bagalkot,2
2026-11-09,BRG-1033,Bagalkot,1
2026-11-09,BRG-1037,Bagalkot,1
2026-11-09,BRG-1058,Bagalkot,2
2026-11-09,BRG-1086,Bagalkot,4
2026-11-09,BRG-1092,Bagalkot,1
2026-11-09,CLT-1004,Bagalkot,1
2026-11-09,CLT-1007,Bagalkot,1
2026-11-09,CLT-1021,Bagalkot,1
2026-11-09,CLT-1044,Bagalkot,1
2026-11-09,CLT-1068,Bagalkot,2
2026-11-09,ELE-1010,Bagalkot,1
2026-11-09,ELE-1018,Bagalkot,1
2026-11-09,ELE-1023,Bagalkot,1
2026-11-09,ELE-1030,Bagalkot,1
2026-11-09,ELE-1044,Bagalkot,2
2026-11-09,FLT-1037,Bagalkot,1
2026-11-09,FLT-1045,Bagalkot,1
2026-11-09,FLT-1056,Bagalkot,2
2026-11-09,FLT-1063,Bagalkot,4
2026-11-09,HYD-1024,Bagalkot,1
2026-11-09,HYD-1028,Bagalkot,3
2026-11-09,HYD-1051,Bagalkot,2
2026-11-09,PMP-1019,Bagalkot,1
2026-11-09,PMP-1023,Bagalkot,1
2026-11-09,PMP-1052,Bagalkot,1
2026-11-09,SEL-1052,Bagalkot,1
2026-11-09,SEL-1068,Bagalkot,1
2026-11-09,SEL-1085,Bagalkot,1
2026-11-09,SEL-1098,Bagalkot,2
2026-11-09,BLT-1016,Belgaum,1
2026-11-09,BLT-1032,Belgaum,1
2026-11-09,BLT-1035,Belgaum,1
2026-11-09,BLT-1073,Belgaum,2
2026-11-09,BLT-4105,Belgaum,1
2026-11-09,BRG-1018,Belgaum,1
2026-11-09,BRG-1037,Belgaum,2
2026-11-09,BRG-1058,Belgaum,1
2026-11-09,BRG-1064,Belgaum,2
2026-11-09,BRG-1099,Belgaum,1
2026-11-09,CLT-1004,Belgaum,1
2026-11-09,CLT-1044,Belgaum,3
2026-11-09,CLT-1081,Belgaum,1
2026-11-09,CLT-1089,Belgaum,2
2026-11-09,CLT-1092,Belgaum,1
2026-11-09,CLT-1099,Belgaum,4
2026-11-09,ELE-1010,Belgaum,1
2026-11-09,ELE-1030,Belgaum,1
2026-11-09,ELE-1039,Belgaum,1
2026-11-09,FLT-1001,Belgaum,1
2026-11-09,FLT-1009,Belgaum,1
2026-11-09,FLT-1016,Belgaum,2
2026-11-09,FLT-1022,Belgaum,1
2026-11-09,FLT-1037,Belgaum,2
2026-11-09,FLT-1045,Belgaum,3
2026-11-09,FLT-1079,Belgaum,3
2026-11-09,HYD-1016,Belgaum,2
2026-11-09,HYD-1024,Belgaum,2
2026-11-09,HYD-1061,Belgaum,1
2026-11-09,HYD-1081,Belgaum,1
2026-11-09,HYD-1095,Belgaum,1
2026-11-09,HYD-1098,Belgaum,1
2026-11-09,PMP-5012,Belgaum,3
2026-11-09,SEL-1002,Belgaum,2
2026-11-09,SEL-1029,Belgaum,1
2026-11-09,SEL-1068,Belgaum,1
2026-11-09,SEL-1085,Belgaum,1
2026-11-09,BLT-1053,Bijapur,1
2026-11-09,BLT-1066,Bijapur,1
2026-11-09,BLT-1093,Bijapur,1
2026-11-09,BRG-1049,Bijapur,2
2026-11-09,BRG-1092,Bijapur,1
2026-11-09,CLT-1007,Bijapur,1
2026-11-09,CLT-1089,Bijapur,1
2026-11-09,CLT-6120,Bijapur,1
2026-11-09,ELE-1010,Bijapur,2
2026-11-09,ELE-1067,Bijapur,1
2026-11-09,FLT-1001,Bijapur,2
2026-11-09,FLT-1016,Bijapur,1
2026-11-09,FLT-1021,Bijapur,1
2026-11-09,FLT-1053,Bijapur,1
2026-11-09,FLT-1063,Bijapur,1
2026-11-09,FLT-1074,Bijapur,1
2026-11-09,HYD-1024,Bijapur,2
2026-11-09,HYD-1028,Bijapur,1
2026-11-09,HYD-1042,Bijapur,3
2026-11-09,HYD-1051,Bijapur,1
2026-11-09,HYD-1063,Bijapur,2
2026-11-09,HYD-1098,Bijapur,1
2026-11-09,PMP-1032,Bijapur,1
2026-11-09,PMP-1075,Bijapur,1
2026-11-09,PMP-1089,Bijapur,1
2026-11-09,PMP-1091,Bijapur,1
2026-11-09,PMP-5012,Bijapur,3
2026-11-09,SEL-1042,Bijapur,1
2026-11-09,SEL-1068,Bijapur,1
2026-11-09,SEL-1070,Bijapur,3
2026-11-09,SEL-1085,Bijapur,1
2026-11-09,BLT-1053,Dharwad,1
2026-11-09,BLT-1073,Dharwad,1
2026-11-09,BLT-1080,Dharwad,3
2026-11-09,BRG-1008,Dharwad,2
2026-11-09,BRG-1025,Dharwad,3
2026-11-09,BRG-1075,Dharwad,1
2026-11-09,BRG-1099,Dharwad,2
2026-11-09,CLT-1004,Dharwad,1
2026-11-09,CLT-1057,Dharwad,3
2026-11-09,CLT-1068,Dharwad,1
2026-11-09,CLT-1081,Dharwad,2
2026-11-09,CLT-1089,Dharwad,2
2026-11-09,CLT-1092,Dharwad,2
2026-11-09,ELE-1000,Dharwad,3
2026-11-09,ELE-1010,Dharwad,1
2026-11-09,ELE-1023,Dharwad,1
2026-11-09,ELE-1030,Dharwad,1
2026-11-09,ELE-1051,Dharwad,1
2026-11-09,ELE-1086,Dharwad,1
2026-11-09,ELE-1092,Dharwad,1
2026-11-09,FLT-1021,Dharwad,1
2026-11-09,FLT-1053,Dharwad,1
2026-11-09,FLT-1079,Dharwad,1
2026-11-09,HYD-1004,Dharwad,2
2026-11-09,HYD-1038,Dharwad,3
2026-11-09,HYD-1051,Dharwad,1
2026-11-09,HYD-1074,Dharwad,2
2026-11-09,HYD-1081,Dharwad,1
2026-11-09,HYD-1095,Dharwad,1
2026-11-09,PMP-1002,Dharwad,1
2026-11-09,PMP-1043,Dharwad,1
2026-11-09,PMP-1089,Dharwad,1
2026-11-09,PMP-1091,Dharwad,1
2026-11-09,PMP-5012,Dharwad,1
2026-11-09,SEL-1002,Dharwad,1
2026-11-09,SEL-1029,Dharwad,1
2026-11-09,SEL-1042,Dharwad,1
2026-11-09,BLT-1012,Gokak,1
2026-11-09,BLT-1026,Gokak,1
2026-11-09,BLT-1053,Gokak,3
2026-11-09,BLT-1087,Gokak,3
2026-11-09,BRG-1049,Gokak,1
2026-11-09,BRG-1099,Gokak,4
2026-11-09,CLT-1004,Gokak,2
2026-11-09,CLT-1007,Gokak,2
2026-11-09,CLT-1016,Gokak,1
2026-11-09,CLT-1044,Gokak,2
2026-11-09,CLT-1057,Gokak,1
2026-11-09,CLT-1074,Gokak,1
2026-11-09,CLT-1099,Gokak,1
2026-11-09,CLT-6120,Gokak,1
2026-11-09,ELE-1000,Gokak,1
2026-11-09,ELE-1010,Gokak,2
2026-11-09,ELE-1018,Gokak,1
2026-11-09,ELE-1073,Gokak,1
2026-11-09,FLT-1021,Gokak,4
2026-11-09,FLT-1032,Gokak,2
2026-11-09,FLT-1037,Gokak,1
2026-11-09,FLT-1045,Gokak,2
2026-11-09,HYD-1012,Gokak,2
2026-11-09,HYD-1038,Gokak,1
2026-11-09,HYD-1074,Gokak,1
2026-11-09,HYD-1089,Gokak,1
2026-11-09,HYD-1098,Gokak,3
2026-11-09,PMP-1009,Gokak,1
2026-11-09,PMP-1023,Gokak,1
2026-11-09,PMP-1052,Gokak,2
2026-11-09,PMP-1079,Gokak,1
2026-11-09,PMP-1091,Gokak,1
2026-11-09,PMP-5012,Gokak,1
2026-11-09,SEL-1085,Gokak,2
2026-11-09,BLT-1003,Hubli,3
2026-11-09,BLT-1016,Hubli,1
2026-11-09,BRG-1025,Hubli,1
2026-11-09,BRG-1037,Hubli,1
2026-11-09,BRG-1045,Hubli,1
2026-11-09,BRG-1049,Hubli,1
2026-11-09,BRG-1081,Hubli,4
2026-11-09,BRG-1092,Hubli,1
2026-11-09,CLT-1016,Hubli,1
2026-11-09,CLT-1099,Hubli,2
2026-11-09,ELE-1010,Hubli,3
2026-11-09,ELE-1018,Hubli,1
2026-11-09,ELE-1092,Hubli,1
2026-11-09,FLT-1009,Hubli,3
2026-11-09,FLT-1032,Hubli,2
2026-11-09,FLT-1037,Hubli,1
2026-11-09,FLT-1053,Hubli,1
2026-11-09,HYD-1016,Hubli,3
2026-11-09,HYD-1024,Hubli,1
2026-11-09,HYD-1028,Hubli,1
2026-11-09,HYD-1089,Hubli,1
2026-11-09,HYD-1095,Hubli,3
2026-11-09,PMP-1019,Hubli,3
2026-11-09,PMP-1023,Hubli,1
2026-11-09,PMP-1089,Hubli,2
2026-11-09,SEL-1002,Hubli,2
2026-11-09,SEL-1052,Hubli,1
2026-11-09,SEL-1068,Hubli,1
2026-11-09,SEL-3310,Hubli,3
2026-11-10,BLT-1016,Bagalkot,1
2026-11-10,BLT-1061,Bagalkot,1
2026-11-10,BLT-1093,Bagalkot,1
2026-11-10,BLT-4105,Bagalkot,6
2026-11-10,BRG-1000,Bagalkot,1
2026-11-10,BRG-1049,Bagalkot,2
2026-11-10,BRG-1086,Bagalkot,1
2026-11-10,CLT-1004,Bagalkot,1
2026-11-10,CLT-1057,Bagalkot,2
2026-11-10,CLT-1099,Bagalkot,2
2026-11-10,ELE-1018,Bagalkot,3
2026-11-10,ELE-1023,Bagalkot,3
2026-11-10,FLT-1009,Bagalkot,1
2026-11-10,FLT-1037,Bagalkot,1
2026-11-10,FLT-1056,Bagalkot,1
2026-11-10,FLT-1063,Bagalkot,1
2026-11-10,FLT-1074,Bagalkot,1
2026-11-10,FLT-1093,Bagalkot,3
2026-11-10,HYD-1012,Bagalkot,2
2026-11-10,HYD-1016,Bagalkot,2
2026-11-10,HYD-1024,Bagalkot,3
2026-11-10,HYD-1028,Bagalkot,1
2026-11-10,HYD-1051,Bagalkot,1
2026-11-10,HYD-1095,Bagalkot,1
2026-11-10,HYD-1098,Bagalkot,1
2026-11-10,PMP-1009,Bagalkot,2
2026-11-10,PMP-1043,Bagalkot,1
2026-11-10,PMP-5012,Bagalkot,1
2026-11-10,SEL-1042,Bagalkot,1
2026-11-10,SEL-1052,Bagalkot,3
2026-11-10,SEL-1098,Bagalkot,1
2026-11-10,BLT-1016,Belgaum,3
2026-11-10,BLT-1073,Belgaum,3
2026-11-10,BLT-1087,Belgaum,2
2026-11-10,BLT-1093,Belgaum,1
2026-11-10,BRG-1018,Belgaum,1
2026-11-10,BRG-1037,Belgaum,1
2026-11-10,BRG-1058,Belgaum,5
2026-11-10,BRG-1086,Belgaum,1
2026-11-10,CLT-1021,Belgaum,2
2026-11-10,CLT-1044,Belgaum,1
2026-11-10,CLT-1057,Belgaum,1
2026-11-10,CLT-1081,Belgaum,1
2026-11-10,CLT-1089,Belgaum,2
2026-11-10,CLT-1092,Belgaum,2
2026-11-10,CLT-1099,Belgaum,1
2026-11-10,ELE-1039,Belgaum,2
2026-11-10,FLT-1009,Belgaum,1
2026-11-10,FLT-1021,Belgaum,1
2026-11-10,FLT-1022,Belgaum,3
2026-11-10,FLT-1045,Belgaum,1
2026-11-10,FLT-1053,Belgaum,1
2026-11-10,FLT-1079,Belgaum,1
2026-11-10,FLT-1086,Belgaum,3
2026-11-10,FLT-1098,Belgaum,1
2026-11-10,HYD-1012,Belgaum,1
2026-11-10,HYD-1016,Belgaum,2
2026-11-10,HYD-1038,Belgaum,1
2026-11-10,HYD-1074,Belgaum,1
2026-11-10,PMP-1075,Belgaum,1
2026-11-10,PMP-5012,Belgaum,1
2026-11-10,SEL-1008,Belgaum,1
2026-11-10,SEL-1029,Belgaum,1
2026-11-10,SEL-1037,Belgaum,2
2026-11-10,SEL-1085,Belgaum,2
2026-11-10,BLT-1053,Bijapur,1
2026-11-10,BLT-1061,Bijapur,1
2026-11-10,BLT-1080,Bijapur,1
2026-11-10,BLT-1093,Bijapur,1
2026-11-10,BLT-4105,Bijapur,3
2026-11-10,BRG-1049,Bijapur,1
2026-11-10,BRG-1058,Bijapur,1
2026-11-10,BRG-1064,Bijapur,1
2026-11-10,BRG-1092,Bijapur,1
2026-11-10,CLT-1016,Bijapur,1
2026-11-10,ELE-1023,Bijapur,1
2026-11-10,ELE-1044,Bijapur,1
2026-11-10,FLT-1001,Bijapur,2
2026-11-10,FLT-1009,Bijapur,1
2026-11-10,FLT-1016,Bijapur,2
2026-11-10,FLT-1053,Bijapur,3
2026-11-10,FLT-1063,Bijapur,1
2026-11-10,FLT-1086,Bijapur,2
2026-11-10,HYD-1024,Bijapur,5
2026-11-10,HYD-1028,Bijapur,1
2026-11-10,HYD-1042,Bijapur,3
2026-11-10,HYD-1063,Bijapur,1
2026-11-10,HYD-1098,Bijapur,1
2026-11-10,PMP-1009,Bijapur,3
2026-11-10,PMP-1023,Bijapur,1
2026-11-10,PMP-1063,Bijapur,1
2026-11-10,PMP-1075,Bijapur,2
2026-11-10,PMP-1079,Bijapur,1
2026-11-10,PMP-1089,Bijapur,1
2026-11-10,PMP-5012,Bijapur,2
2026-11-10,SEL-1008,Bijapur,1
2026-11-10,SEL-1037,Bijapur,2
2026-11-10,SEL-1042,Bijapur,2
2026-11-10,SEL-1052,Bijapur,1
2026-11-10,SEL-1068,Bijapur,1
2026-11-10,SEL-1070,Bijapur,1
2026-11-10,SEL-1096,Bijapur,2
2026-11-10,BLT-1035,Dharwad,4
2026-11-10,BLT-1053,Dharwad,1
2026-11-10,BLT-1080,Dharwad,2
2026-11-10,BLT-1087,Dharwad,1
2026-11-10,BRG-1000,Dharwad,1
2026-11-10,BRG-1008,Dharwad,1
2026-11-10,BRG-1025,Dharwad,3
2026-11-10,BRG-1058,Dharwad,2
2026-11-10,BRG-1064,Dharwad,1
2026-11-10,BRG-1081,Dharwad,2
2026-11-10,BRG-1086,Dharwad,3
2026-11-10,BRG-1099,Dharwad,1
2026-11-10,CLT-1007,Dharwad,1
2026-11-10,CLT-1057,Dharwad,4
2026-11-10,CLT-1068,Dharwad,1
2026-11-10,ELE-1000,Dharwad,1
2026-11-10,ELE-1010,Dharwad,2
2026-11-10,ELE-1030,Dharwad,1
2026-11-10,FLT-1001,Dharwad,1
2026-11-10,FLT-1016,Dharwad,5
2026-11-10,FLT-1037,Dharwad,2
2026-11-10,FLT-1053,Dharwad,2
2026-11-10,FLT-1093,Dharwad,2
2026-11-10,HYD-1004,Dharwad,1
2026-11-10,HYD-1038,Dharwad,1
2026-11-10,HYD-1051,Dharwad,1
2026-11-10,HYD-1081,Dharwad,1
2026-11-10,PMP-1002,Dharwad,1
2026-11-10,PMP-1009,Dharwad,3
2026-11-10,PMP-1023,Dharwad,2
2026-11-10,PMP-1036,Dharwad,1
2026-11-10,PMP-1056,Dharwad,1
2026-11-10,PMP-1063,Dharwad,1
2026-11-10,PMP-1079,Dharwad,1
2026-11-10,PMP-1091,Dharwad,1
2026-11-10,PMP-5012,Dharwad,1
2026-11-10,SEL-1042,Dharwad,2
2026-11-10,SEL-1068,Dharwad,1
2026-11-10,BLT-1012,Gokak,1
2026-11-10,BLT-1016,Gokak,1
2026-11-10,BLT-1053,Gokak,4
2026-11-10,BLT-1066,Gokak,1
2026-11-10,BLT-1087,Gokak,2
2026-11-10,BLT-1093,Gokak,2
2026-11-10,BLT-4105,Gokak,1
2026-11-10,BRG-1008,Gokak,1
2026-11-10,BRG-1064,Gokak,2
2026-11-10,BRG-1099,Gokak,1
2026-11-10,CLT-1016,Gokak,3
2026-11-10,CLT-1044,Gokak,2
2026-11-10,CLT-1074,Gokak,1
2026-11-10,CLT-1089,Gokak,1
2026-11-10,CLT-1099,Gokak,1
2026-11-10,CLT-6120,Gokak,2
2026-11-10,ELE-1000,Gokak,1
2026-11-10,ELE-1057,Gokak,1
2026-11-10,ELE-1067,Gokak,1
2026-11-10,ELE-1092,Gokak,1
2026-11-10,ELE-1100,Gokak,1
2026-11-10,FLT-1009,Gokak,1
2026-11-10,FLT-1021,Gokak,4
2026-11-10,FLT-1032,Gokak,1
2026-11-10,FLT-1037,Gokak,1
2026-11-10,FLT-1045,Gokak,1
2026-11-10,FLT-1056,Gokak,1
2026-11-10,HYD-1004,Gokak,1
2026-11-10,HYD-1028,Gokak,2
2026-11-10,HYD-1074,Gokak,1
2026-11-10,HYD-1089,Gokak,3
2026-11-10,HYD-1098,Gokak,1
2026-11-10,PMP-1009,Gokak,1
2026-11-10,PMP-1019,Gokak,1
2026-11-10,PMP-1023,Gokak,2
2026-11-10,PMP-1052,Gokak,1
2026-11-10,PMP-1079,Gokak,1
2026-11-10,PMP-1091,Gokak,1
2026-11-10,PMP-5012,Gokak,1
2026-11-10,SEL-1008,Gokak,1
2026-11-10,SEL-1029,Gokak,2
2026-11-10,SEL-1042,Gokak,1
2026-11-10,SEL-1085,Gokak,2
2026-11-10,BLT-1080,Hubli,1
2026-11-10,BLT-4105,Hubli,1
2026-11-10,BRG-1037,Hubli,1
2026-11-10,BRG-1045,Hubli,1
2026-11-10,BRG-1081,Hubli,5
2026-11-10,CLT-1057,Hubli,1
2026-11-10,CLT-1068,Hubli,1
2026-11-10,CLT-1099,Hubli,1
2026-11-10,ELE-1000,Hubli,1
2026-11-10,ELE-1010,Hubli,2
2026-11-10,ELE-1044,Hubli,1
2026-11-10,ELE-1086,Hubli,1
2026-11-10,FLT-1037,Hubli,2
2026-11-10,FLT-1045,Hubli,1
2026-11-10,FLT-1053,Hubli,1
2026-11-10,FLT-1063,Hubli,1
2026-11-10,FLT-1098,Hubli,1
2026-11-10,HYD-1016,Hubli,2
2026-11-10,HYD-1024,Hubli,1
2026-11-10,HYD-1028,Hubli,1
2026-11-10,HYD-1081,Hubli,1
2026-11-10,HYD-1098,Hubli,1
2026-11-10,PMP-1023,Hubli,3
2026-11-10,PMP-1056,Hubli,1
2026-11-10,SEL-1014,Hubli,1
2026-11-10,SEL-1037,Hubli,3
2026-11-10,SEL-1042,Hubli,2
2026-11-10,SEL-1052,Hubli,1
2026-11-10,SEL-1096,Hubli,1
2026-11-10,SEL-3310,Hubli,3
2026-11-11,BLT-1016,Bagalkot,1
2026-11-11,BLT-1035,Bagalkot,1
2026-11-11,BLT-1061,Bagalkot,1
2026-11-11,BLT-1093,Bagalkot,1
2026-11-11,BLT-1098,Bagalkot,1
2026-11-11,BLT-4105,Bagalkot,5
2026-11-11,BRG-1000,Bagalkot,2
2026-11-11,BRG-1018,Bagalkot,1
2026-11-11,BRG-1033,Bagalkot,1
2026-11-11,BRG-1045,Bagalkot,2
2026-11-11,BRG-1086,Bagalkot,1
2026-11-11,CLT-1037,Bagalkot,1
2026-11-11,CLT-1057,Bagalkot,1
2026-11-11,CLT-1068,Bagalkot,2
2026-11-11,CLT-1081,Bagalkot,1
2026-11-11,CLT-1099,Bagalkot,1
2026-11-11,ELE-1000,Bagalkot,1
2026-11-11,ELE-1018,Bagalkot,4
2026-11-11,ELE-1030,Bagalkot,2
2026-11-11,ELE-1044,Bagalkot,2
2026-11-11,ELE-1079,Bagalkot,1
2026-11-11,FLT-1001,Bagalkot,1
2026-11-11,FLT-1032,Bagalkot,1
2026-11-11,FLT-1056,Bagalkot,1
2026-11-11,FLT-1063,Bagalkot,1
2026-11-11,FLT-1074,Bagalkot,4
2026-11-11,HYD-1024,Bagalkot,5
2026-11-11,HYD-1028,Bagalkot,1
2026-11-11,HYD-1042,Bagalkot,3
2026-11-11,HYD-1051,Bagalkot,1
2026-11-11,PMP-1032,Bagalkot,1
2026-11-11,PMP-1036,Bagalkot,1
2026-11-11,PMP-1043,Bagalkot,2
2026-11-11,PMP-1089,Bagalkot,1
2026-11-11,PMP-1098,Bagalkot,1
2026-11-11,SEL-1002,Bagalkot,1
2026-11-11,SEL-1037,Bagalkot,1
2026-11-11,SEL-1042,Bagalkot,2
2026-11-11,SEL-1085,Bagalkot,1
2026-11-11,SEL-1098,Bagalkot,1
2026-11-11,BLT-1035,Belgaum,1
2026-11-11,BLT-4105,Belgaum,1
2026-11-11,BRG-1037,Belgaum,3
2026-11-11,BRG-1058,Belgaum,1
2026-11-11,BRG-1099,Belgaum,1
2026-11-11,CLT-1016,Belgaum,1
2026-11-11,CLT-1021,Belgaum,2
2026-11-11,CLT-1089,Belgaum,6
2026-11-11,CLT-1099,Belgaum,1
2026-11-11,ELE-1086,Belgaum,1
2026-11-11,ELE-1092,Belgaum,1
2026-11-11,FLT-1001,Belgaum,1
2026-11-11,FLT-1009,Belgaum,1
2026-11-11,FLT-1022,Belgaum,1
2026-11-11,FLT-1037,Belgaum,2
2026-11-11,FLT-1045,Belgaum,1
2026-11-11,FLT-1053,Belgaum,1
2026-11-11,FLT-1056,Belgaum,1
2026-11-11,FLT-1086,Belgaum,2
2026-11-11,FLT-1098,Belgaum,2
2026-11-11,HYD-1012,Belgaum,2
2026-11-11,HYD-1016,Belgaum,3
2026-11-11,HYD-1042,Belgaum,2
2026-11-11,HYD-1074,Belgaum,1
2026-11-11,HYD-1081,Belgaum,2
2026-11-11,PMP-5012,Belgaum,4
2026-11-11,SEL-1024,Belgaum,1
2026-11-11,SEL-1037,Belgaum,1
2026-11-11,SEL-3310,Belgaum,1
2026-11-11,BLT-1032,Bijapur,2
2026-11-11,BLT-1035,Bijapur,1
2026-11-11,BLT-1066,Bijapur,1
2026-11-11,BLT-1093,Bijapur,2
2026-11-11,BLT-1098,Bijapur,2
2026-11-11,BLT-4105,Bijapur,2
2026-11-11,BRG-1000,Bijapur,1
2026-11-11,BRG-1049,Bijapur,1
2026-11-11,BRG-1064,Bijapur,2
2026-11-11,BRG-2207,Bijapur,1
2026-11-11,CLT-1004,Bijapur,1
2026-11-11,CLT-1007,Bijapur,2
2026-11-11,CLT-1053,Bijapur,4
2026-11-11,CLT-1099,Bijapur,1
2026-11-11,ELE-1023,Bijapur,3
2026-11-11,FLT-1001,Bijapur,2
2026-11-11,FLT-1016,Bijapur,1
2026-11-11,FLT-1021,Bijapur,1
2026-11-11,FLT-1037,Bijapur,3
2026-11-11,FLT-1053,Bijapur,3
2026-11-11,FLT-1074,Bijapur,1
2026-11-11,FLT-1079,Bijapur,2
2026-11-11,FLT-1086,Bijapur,1
2026-11-11,HYD-1024,Bijapur,2
2026-11-11,HYD-1042,Bijapur,1
2026-11-11,HYD-1063,Bijapur,1
2026-11-11,HYD-1098,Bijapur,1
2026-11-11,PMP-1009,Bijapur,1
2026-11-11,PMP-1063,Bijapur,1
2026-11-11,PMP-1091,Bijapur,1
2026-11-11,PMP-5012,Bijapur,1
2026-11-11,SEL-1029,Bijapur,2
2026-11-11,SEL-1037,Bijapur,2
2026-11-11,SEL-1042,Bijapur,2
2026-11-11,SEL-1068,Bijapur,3
2026-11-11,SEL-1070,Bijapur,1
2026-11-11,SEL-1085,Bijapur,1
2026-11-11,BLT-1035,Dharwad,3
2026-11-11,BLT-1047,Dharwad,1
2026-11-11,BLT-1053,Dharwad,2
2026-11-11,BLT-1080,Dharwad,2
2026-11-11,BLT-4105,Dharwad,1
2026-11-11,BRG-1000,Dharwad,1
2026-11-11,BRG-1008,Dharwad,1
2026-11-11,BRG-1025,Dharwad,1
2026-11-11,BRG-1058,Dharwad,1
2026-11-11,BRG-1064,Dharwad,1
2026-11-11,BRG-1075,Dharwad,1
2026-11-11,BRG-1081,Dharwad,1
2026-11-11,BRG-1092,Dharwad,2
2026-11-11,CLT-1004,Dharwad,1
2026-11-11,CLT-1037,Dharwad,1
2026-11-11,CLT-1053,Dharwad,1
2026-11-11,CLT-1081,Dharwad,1
2026-11-11,CLT-1092,Dharwad,1
2026-11-11,CLT-1099,Dharwad,1
2026-11-11,ELE-1000,Dharwad,1
2026-11-11,ELE-1051,Dharwad,1
2026-11-11,ELE-1086,Dharwad,2
2026-11-11,FLT-1016,Dharwad,2
2026-11-11,FLT-1021,Dharwad,1
2026-11-11,FLT-1022,Dharwad,1
2026-11-11,FLT-1037,Dharwad,1
2026-11-11,FLT-1093,Dharwad,1
2026-11-11,HYD-1024,Dharwad,2
2026-11-11,HYD-1038,Dharwad,2
2026-11-11,HYD-1042,Dharwad,1
2026-11-11,HYD-1051,Dharwad,1
2026-11-11,HYD-1081,Dharwad,1
2026-11-11,HYD-1095,Dharwad,2
2026-11-11,PMP-1043,Dharwad,2
2026-11-11,PMP-1056,Dharwad,2
2026-11-11,PMP-1079,Dharwad,1
2026-11-11,PMP-1091,Dharwad,1
2026-11-11,PMP-5012,Dharwad,1
2026-11-11,SEL-1002,Dharwad,2
2026-11-11,SEL-1029,Dharwad,1
2026-11-11,SEL-1042,Dharwad,2
2026-11-11,SEL-1068,Dharwad,1
2026-11-11,BLT-1003,Gokak,1
2026-11-11,BLT-1026,Gokak,1
2026-11-11,BLT-1053,Gokak,1
2026-11-11,BLT-1066,Gokak,2
2026-11-11,BLT-1093,Gokak,1
2026-11-11,BLT-1098,Gokak,3
2026-11-11,BLT-4105,Gokak,1
2026-11-11,BRG-1049,Gokak,1
2026-11-11,BRG-1064,Gokak,2
2026-11-11,BRG-1092,Gokak,1
2026-11-11,BRG-1099,Gokak,2
2026-11-11,CLT-1007,Gokak,1
2026-11-11,CLT-1016,Gokak,1
2026-11-11,CLT-1044,Gokak,1
2026-11-11,CLT-1057,Gokak,1
2026-11-11,CLT-1074,Gokak,4
2026-11-11,CLT-1099,Gokak,1
2026-11-11,CLT-6120,Gokak,1
2026-11-11,ELE-1000,Gokak,1
2026-11-11,ELE-1010,Gokak,2
2026-11-11,ELE-1044,Gokak,3
2026-11-11,ELE-1057,Gokak,1
2026-11-11,ELE-1073,Gokak,1
2026-11-11,ELE-1100,Gokak,1
2026-11-11,FLT-1021,Gokak,5
2026-11-11,FLT-1045,Gokak,1
2026-11-11,FLT-1086,Gokak,2
2026-11-11,FLT-1098,Gokak,1
2026-11-11,HYD-1012,Gokak,1
2026-11-11,HYD-1028,Gokak,1
2026-11-11,HYD-1074,Gokak,1
2026-11-11,HYD-1089,Gokak,1
2026-11-11,HYD-1098,Gokak,1
2026-11-11,PMP-1023,Gokak,1
2026-11-11,PMP-1052,Gokak,3
2026-11-11,PMP-5012,Gokak,1
2026-11-11,SEL-1008,Gokak,2
2026-11-11,SEL-1014,Gokak,2
2026-11-11,SEL-1029,Gokak,3
2026-11-11,SEL-1042,Gokak,2
2026-11-11,SEL-3310,Gokak,1
2026-11-11,BLT-1003,Hubli,1
2026-11-11,BLT-1016,Hubli,1
2026-11-11,BLT-1035,Hubli,1
2026-11-11,BLT-1080,Hubli,1
2026-11-11,BLT-4105,Hubli,1
2026-11-11,BRG-1025,Hubli,1
2026-11-11,BRG-1045,Hubli,3
2026-11-11,BRG-1049,Hubli,1
2026-11-11,BRG-1081,Hubli,3
2026-11-11,CLT-1004,Hubli,1
2026-11-11,CLT-1037,Hubli,1
2026-11-11,CLT-1057,Hubli,2
2026-11-11,CLT-1099,Hubli,1
2026-11-11,ELE-1000,Hubli,1
2026-11-11,ELE-1010,Hubli,1
2026-11-11,ELE-1030,Hubli,1
2026-11-11,ELE-1039,Hubli,2
2026-11-11,ELE-1079,Hubli,2
2026-11-11,ELE-1092,Hubli,1
2026-11-11,FLT-1009,Hubli,3
2026-11-11,FLT-1032,Hubli,2
2026-11-11,FLT-1037,Hubli,2
2026-11-11,FLT-1056,Hubli,1
2026-11-11,FLT-1063,Hubli,1
2026-11-11,HYD-1012,Hubli,1
2026-11-11,HYD-1024,Hubli,2
2026-11-11,HYD-1081,Hubli,3
2026-11-11,HYD-1095,Hubli,1
2026-11-11,PMP-1002,Hubli,1
2026-11-11,PMP-1019,Hubli,1
2026-11-11,PMP-1023,Hubli,1
2026-11-11,SEL-1002,Hubli,2
2026-11-11,SEL-1008,Hubli,2
2026-11-11,SEL-1014,Hubli,1
2026-11-11,SEL-1068,Hubli,1
2026-11-11,SEL-3310,Hubli,1
2026-11-12,BLT-1016,Bagalkot,1
2026-11-12,BLT-1026,Bagalkot,1
2026-11-12,BLT-1032,Bagalkot,1
2026-11-12,BLT-1035,Bagalkot,2
2026-11-12,BLT-1061,Bagalkot,2
2026-11-12,BLT-1066,Bagalkot,2
2026-11-12,BLT-1073,Bagalkot,1
2026-11-12,BLT-4105,Bagalkot,4
2026-11-12,BRG-1025,Bagalkot,1
2026-11-12,BRG-1033,Bagalkot,1
2026-11-12,BRG-1049,Bagalkot,1
2026-11-12,BRG-1086,Bagalkot,2
2026-11-12,CLT-1007,Bagalkot,1
2026-11-12,ELE-1000,Bagalkot,1
2026-11-12,ELE-1018,Bagalkot,3
2026-11-12,ELE-1023,Bagalkot,1
2026-11-12,ELE-1030,Bagalkot,1
2026-11-12,ELE-1067,Bagalkot,1
2026-11-12,FLT-1001,Bagalkot,2
2026-11-12,FLT-1009,Bagalkot,2
2026-11-12,FLT-1021,Bagalkot,2
2026-11-12,FLT-1022,Bagalkot,1
2026-11-12,FLT-1074,Bagalkot,2
2026-11-12,FLT-1086,Bagalkot,1
2026-11-12,FLT-1093,Bagalkot,3
2026-11-12,FLT-1098,Bagalkot,2
2026-11-12,HYD-1012,Bagalkot,1
2026-11-12,HYD-1024,Bagalkot,1
2026-11-12,HYD-1028,Bagalkot,3
2026-11-12,HYD-1042,Bagalkot,2
2026-11-12,PMP-1036,Bagalkot,1
2026-11-12,PMP-1089,Bagalkot,1
2026-11-12,SEL-1037,Bagalkot,1
2026-11-12,SEL-1052,Bagalkot,1
2026-11-12,SEL-1068,Bagalkot,1
2026-11-12,SEL-1098,Bagalkot,3
2026-11-12,BLT-1035,Belgaum,1
2026-11-12,BLT-1073,Belgaum,3
2026-11-12,BLT-1080,Belgaum,3
2026-11-12,BLT-1087,Belgaum,2
2026-11-12,BRG-1000,Belgaum,1
2026-11-12,BRG-1018,Belgaum,4
2026-11-12,BRG-1037,Belgaum,2
2026-11-12,BRG-1058,Belgaum,5
2026-11-12,BRG-1064,Belgaum,2
2026-11-12,BRG-1092,Belgaum,1
2026-11-12,BRG-1099,Belgaum,2
2026-11-12,CLT-1004,Belgaum,2
2026-11-12,CLT-1021,Belgaum,1
2026-11-12,CLT-1053,Belgaum,1
2026-11-12,CLT-1057,Belgaum,1
2026-11-12,CLT-1089,Belgaum,1
2026-11-12,CLT-1099,Belgaum,1
2026-11-12,ELE-1010,Belgaum,1
2026-11-12,ELE-1039,Belgaum,1
2026-11-12,ELE-1092,Belgaum,1
2026-11-12,FLT-1009,Belgaum,2
2026-11-12,FLT-1045,Belgaum,3
2026-11-12,FLT-1053,Belgaum,1
2026-11-12,FLT-1086,Belgaum,4
2026-11-12,HYD-1004,Belgaum,1
2026-11-12,HYD-1016,Belgaum,1
2026-11-12,HYD-1028,Belgaum,1
2026-11-12,HYD-1061,Belgaum,1
2026-11-12,HYD-1081,Belgaum,1
2026-11-12,PMP-1023,Belgaum,1
2026-11-12,PMP-1056,Belgaum,1
2026-11-12,SEL-1029,Belgaum,1
2026-11-12,SEL-1037,Belgaum,1
2026-11-12,SEL-1085,Belgaum,1
2026-11-12,SEL-3310,Belgaum,2
2026-11-12,BLT-1026,Bijapur,1
2026-11-12,BLT-1032,Bijapur,2
2026-11-12,BLT-1047,Bijapur,1
2026-11-12,BLT-1061,Bijapur,1
2026-11-12,BLT-1098,Bijapur,1
2026-11-12,BLT-4105,Bijapur,2
2026-11-12,BRG-1033,Bijapur,1
2026-11-12,BRG-1049,Bijapur,1
2026-11-12,BRG-1064,Bijapur,3
2026-11-12,CLT-1004,Bijapur,1
2026-11-12,CLT-1007,Bijapur,1
2026-11-12,CLT-1016,Bijapur,1
2026-11-12,CLT-1053,Bijapur,1
2026-11-12,ELE-1023,Bijapur,1
2026-11-12,FLT-1001,Bijapur,2
2026-11-12,FLT-1009,Bijapur,3
2026-11-12,FLT-1016,Bijapur,2
2026-11-12,FLT-1021,Bijapur,1
2026-11-12,FLT-1037,Bijapur,2
2026-11-12,FLT-1079,Bijapur,1
2026-11-12,FLT-1093,Bijapur,1
2026-11-12,HYD-1024,Bijapur,2
2026-11-12,HYD-1042,Bijapur,1
2026-11-12,HYD-1051,Bijapur,1
2026-11-12,HYD-1063,Bijapur,2
2026-11-12,PMP-1009,Bijapur,1
2026-11-12,PMP-1023,Bijapur,1
2026-11-12,PMP-1063,Bijapur,1
2026-11-12,PMP-1091,Bijapur,2
2026-11-12,PMP-1098,Bijapur,1
2026-11-12,PMP-5012,Bijapur,1
2026-11-12,SEL-1014,Bijapur,1
2026-11-12,SEL-1037,Bijapur,1
2026-11-12,SEL-1052,Bijapur,1
2026-11-12,SEL-1068,Bijapur,1
2026-11-12,SEL-1096,Bijapur,2
2026-11-12,BLT-1035,Dharwad,1
2026-11-12,BLT-1047,Dharwad,1
2026-11-12,BLT-1053,Dharwad,1
2026-11-12,BLT-1073,Dharwad,1
2026-11-12,BLT-1080,Dharwad,1
2026-11-12,BLT-4105,Dharwad,1
2026-11-12,BRG-1000,Dharwad,1
2026-11-12,BRG-1008,Dharwad,1
2026-11-12,BRG-1025,Dharwad,5
2026-11-12,BRG-1058,Dharwad,1
2026-11-12,BRG-1075,Dharwad,2
2026-11-12,BRG-1081,Dharwad,1
2026-11-12,BRG-1092,Dharwad,1
2026-11-12,CLT-1021,Dharwad,2
2026-11-12,CLT-1028,Dharwad,2
2026-11-12,CLT-1037,Dharwad,1
2026-11-12,CLT-1068,Dharwad,2
2026-11-12,CLT-1074,Dharwad,1
2026-11-12,CLT-1081,Dharwad,1
2026-11-12,CLT-1092,Dharwad,2
2026-11-12,ELE-1100,Dharwad,1
2026-11-12,FLT-1016,Dharwad,2
2026-11-12,FLT-1022,Dharwad,1
2026-11-12,FLT-1037,Dharwad,3
2026-11-12,FLT-1074,Dharwad,1
2026-11-12,FLT-1093,Dharwad,1
2026-11-12,HYD-1004,Dharwad,2
2026-11-12,HYD-1024,Dharwad,1
2026-11-12,HYD-1038,Dharwad,3
2026-11-12,HYD-1051,Dharwad,1
2026-11-12,HYD-1063,Dharwad,1
2026-11-12,HYD-1081,Dharwad,2
2026-11-12,HYD-1095,Dharwad,3
2026-11-12,PMP-1002,Dharwad,2
2026-11-12,PMP-1009,Dharwad,1
2026-11-12,PMP-1023,Dharwad,1
2026-11-12,PMP-1036,Dharwad,2
2026-11-12,PMP-1056,Dharwad,1
2026-11-12,PMP-1079,Dharwad,1
2026-11-12,PMP-1091,Dharwad,3
2026-11-12,PMP-5012,Dharwad,1
2026-11-12,SEL-1068,Dharwad,2
2026-11-12,SEL-1096,Dharwad,1
2026-11-12,BLT-1003,Gokak,1
2026-11-12,BLT-1012,Gokak,1
2026-11-12,BLT-1026,Gokak,1
2026-11-12,BLT-1053,Gokak,1
2026-11-12,BLT-1066,Gokak,1
2026-11-12,BLT-1087,Gokak,7
2026-11-12,BLT-1098,Gokak,2
2026-11-12,BRG-1099,Gokak,2
2026-11-12,CLT-1007,Gokak,1
2026-11-12,CLT-1044,Gokak,1
2026-11-12,CLT-1053,Gokak,1
2026-11-12,CLT-1074,Gokak,1
2026-11-12,CLT-1089,Gokak,1
2026-11-12,CLT-1099,Gokak,4
2026-11-12,ELE-1000,Gokak,1
2026-11-12,ELE-1010,Gokak,2
2026-11-12,ELE-1018,Gokak,1
2026-11-12,ELE-1030,Gokak,1
2026-11-12,ELE-1057,Gokak,2
2026-11-12,ELE-1073,Gokak,1
2026-11-12,ELE-1092,Gokak,1
2026-11-12,ELE-1100,Gokak,2
2026-11-12,FLT-1021,Gokak,4
2026-11-12,FLT-1032,Gokak,1
2026-11-12,FLT-1037,Gokak,1
2026-11-12,FLT-1045,Gokak,3
2026-11-12,FLT-1056,Gokak,1
2026-11-12,FLT-1086,Gokak,1
2026-11-12,HYD-1028,Gokak,1
2026-11-12,HYD-1089,Gokak,2
2026-11-12,PMP-1075,Gokak,1
2026-11-12,PMP-1091,Gokak,1
2026-11-12,SEL-1008,Gokak,1
2026-11-12,SEL-1014,Gokak,1
2026-11-12,SEL-1037,Gokak,2
2026-11-12,SEL-1042,Gokak,2
2026-11-12,BLT-1035,Hubli,1
2026-11-12,BRG-1037,Hubli,1
2026-11-12,BRG-1045,Hubli,1
2026-11-12,BRG-1081,Hubli,3
2026-11-12,CLT-1016,Hubli,2
2026-11-12,CLT-1037,Hubli,2
2026-11-12,CLT-1099,Hubli,1
2026-11-12,ELE-1000,Hubli,1
2026-11-12,ELE-1010,Hubli,1
2026-11-12,ELE-1044,Hubli,1
2026-11-12,ELE-1067,Hubli,1
2026-11-12,ELE-1079,Hubli,2
2026-11-12,FLT-1009,Hubli,1
2026-11-12,FLT-1032,Hubli,1
2026-11-12,FLT-1037,Hubli,1
2026-11-12,FLT-1045,Hubli,1
2026-11-12,FLT-1079,Hubli,1
2026-11-12,FLT-1098,Hubli,1
2026-11-12,HYD-1024,Hubli,1
2026-11-12,HYD-1081,Hubli,1
2026-11-12,PMP-1023,Hubli,1
2026-11-12,PMP-1063,Hubli,1
2026-11-12,PMP-1079,Hubli,2
2026-11-12,PMP-1089,Hubli,1
2026-11-12,SEL-1002,Hubli,1
2026-11-12,SEL-1008,Hubli,1
2026-11-12,SEL-1014,Hubli,1
2026-11-12,SEL-1042,Hubli,2
2026-11-12,SEL-3310,Hubli,2
2026-11-13,BLT-1016,Bagalkot,1
2026-11-13,BLT-1035,Bagalkot,1
2026-11-13,BLT-1061,Bagalkot,1
2026-11-13,BLT-1066,Bagalkot,1
2026-11-13,BLT-1080,Bagalkot,1
2026-11-13,BLT-1093,Bagalkot,2
2026-11-13,BLT-4105,Bagalkot,6
2026-11-13,BRG-1000,Bagalkot,2
2026-11-13,BRG-1018,Bagalkot,2
2026-11-13,BRG-1033,Bagalkot,1
2026-11-13,BRG-1037,Bagalkot,1
2026-11-13,BRG-1058,Bagalkot,1
2026-11-13,BRG-1064,Bagalkot,1
2026-11-13,BRG-1081,Bagalkot,1
2026-11-13,BRG-1086,Bagalkot,1
2026-11-13,CLT-1004,Bagalkot,1
2026-11-13,CLT-1007,Bagalkot,2
2026-11-13,CLT-1068,Bagalkot,1
2026-11-13,CLT-1099,Bagalkot,1
2026-11-13,ELE-1018,Bagalkot,2
2026-11-13,ELE-1044,Bagalkot,1
2026-11-13,FLT-1001,Bagalkot,1
2026-11-13,FLT-1009,Bagalkot,2
2026-11-13,FLT-1056,Bagalkot,3
2026-11-13,FLT-1063,Bagalkot,1
2026-11-13,FLT-1074,Bagalkot,2
2026-11-13,FLT-1086,Bagalkot,2
2026-11-13,FLT-1093,Bagalkot,2
2026-11-13,HYD-1016,Bagalkot,3
2026-11-13,HYD-1024,Bagalkot,2
2026-11-13,HYD-1028,Bagalkot,4
2026-11-13,HYD-1042,Bagalkot,1
2026-11-13,HYD-1051,Bagalkot,2
2026-11-13,HYD-1074,Bagalkot,1
2026-11-13,HYD-1098,Bagalkot,1
2026-11-13,PMP-1036,Bagalkot,1
2026-11-13,PMP-1052,Bagalkot,1
2026-11-13,PMP-1098,Bagalkot,1
2026-11-13,PMP-5012,Bagalkot,1
2026-11-13,SEL-1002,Bagalkot,3
2026-11-13,SEL-1029,Bagalkot,1
2026-11-13,SEL-1042,Bagalkot,3
2026-11-13,BLT-1016,Belgaum,2
2026-11-13,BLT-1073,Belgaum,1
2026-11-13,BRG-1018,Belgaum,2
2026-11-13,BRG-1037,Belgaum,1
2026-11-13,BRG-1058,Belgaum,2
2026-11-13,BRG-1064,Belgaum,2
2026-11-13,BRG-1086,Belgaum,2
2026-11-13,CLT-1004,Belgaum,4
2026-11-13,CLT-1044,Belgaum,1
2026-11-13,CLT-1053,Belgaum,1
2026-11-13,CLT-1057,Belgaum,1
2026-11-13,CLT-1089,Belgaum,2
2026-11-13,ELE-1000,Belgaum,1
2026-11-13,ELE-1023,Belgaum,2
2026-11-13,ELE-1039,Belgaum,2
2026-11-13,FLT-1001,Belgaum,1
2026-11-13,FLT-1009,Belgaum,1
2026-11-13,FLT-1022,Belgaum,3
2026-11-13,FLT-1045,Belgaum,1
2026-11-13,FLT-1086,Belgaum,1
2026-11-13,FLT-1098,Belgaum,1
2026-11-13,HYD-1012,Belgaum,1
2026-11-13,HYD-1016,Belgaum,3
2026-11-13,HYD-1051,Belgaum,1
2026-11-13,HYD-1061,Belgaum,1
2026-11-13,HYD-1081,Belgaum,1
2026-11-13,HYD-1095,Belgaum,1
2026-11-13,HYD-1098,Belgaum,1
2026-11-13,PMP-1056,Belgaum,2
2026-11-13,PMP-1075,Belgaum,1
2026-11-13,PMP-5012,Belgaum,5
2026-11-13,SEL-1002,Belgaum,2
2026-11-13,SEL-1008,Belgaum,1
2026-11-13,SEL-1024,Belgaum,1
2026-11-13,SEL-1029,Belgaum,1
2026-11-13,SEL-1085,Belgaum,1
2026-11-13,SEL-3310,Belgaum,3
2026-11-13,BLT-1012,Bijapur,1
2026-11-13,BLT-1032,Bijapur,1
2026-11-13,BLT-1047,Bijapur,1
2026-11-13,BLT-1098,Bijapur,2
2026-11-13,BRG-1037,Bijapur,3
2026-11-13,BRG-1049,Bijapur,1
2026-11-13,CLT-1004,Bijapur,1
2026-11-13,CLT-1007,Bijapur,1
2026-11-13,CLT-1053,Bijapur,1
2026-11-13,CLT-1089,Bijapur,1
2026-11-13,ELE-1023,Bijapur,1
2026-11-13,FLT-1001,Bijapur,1
2026-11-13,FLT-1016,Bijapur,2
2026-11-13,FLT-1063,Bijapur,1
2026-11-13,FLT-1074,Bijapur,1
2026-11-13,FLT-1079,Bijapur,1
2026-11-13,FLT-1086,Bijapur,1
2026-11-13,HYD-1024,Bijapur,3
2026-11-13,HYD-1042,Bijapur,2
2026-11-13,HYD-1051,Bijapur,1
2026-11-13,PMP-1075,Bijapur,1
2026-11-13,PMP-1089,Bijapur,2
2026-11-13,PMP-5012,Bijapur,1
2026-11-13,SEL-1037,Bijapur,2
2026-11-13,SEL-1068,Bijapur,4
2026-11-13,SEL-1070,Bijapur,1
2026-11-13,SEL-1096,Bijapur,3
2026-11-13,BLT-1032,Dharwad,2
2026-11-13,BLT-1035,Dharwad,2
2026-11-13,BLT-1087,Dharwad,1
2026-11-13,BRG-1025,Dharwad,2
2026-11-13,CLT-1021,Dharwad,1
2026-11-13,CLT-1028,Dharwad,3
2026-11-13,CLT-1074,Dharwad,1
2026-11-13,CLT-1081,Dharwad,1
2026-11-13,CLT-1092,Dharwad,1
2026-11-13,ELE-1000,Dharwad,1
2026-11-13,ELE-1010,Dharwad,2
2026-11-13,ELE-1030,Dharwad,1
2026-11-13,ELE-1051,Dharwad,1
2026-11-13,ELE-1100,Dharwad,1
2026-11-13,FLT-1032,Dharwad,1
2026-11-13,FLT-1045,Dharwad,1
2026-11-13,FLT-1053,Dharwad,1
2026-11-13,FLT-1093,Dharwad,2
2026-11-13,HYD-1004,Dharwad,1
2026-11-13,HYD-1038,Dharwad,3
2026-11-13,HYD-1051,Dharwad,2
2026-11-13,PMP-1002,Dharwad,3
2026-11-13,PMP-1009,Dharwad,3
2026-11-13,PMP-1023,Dharwad,1
2026-11-13,PMP-1056,Dharwad,2
2026-11-13,PMP-1063,Dharwad,1
2026-11-13,PMP-1079,Dharwad,1
2026-11-13,PMP-5012,Dharwad,2
2026-11-13,SEL-1002,Dharwad,1
2026-11-13,SEL-1037,Dharwad,1
2026-11-13,SEL-1068,Dharwad,1
2026-11-13,SEL-1096,Dharwad,1
2026-11-13,SEL-3310,Dharwad,2
2026-11-13,BLT-1003,Gokak,1
2026-11-13,BLT-1012,Gokak,1
2026-11-13,BLT-1053,Gokak,2
2026-11-13,BLT-1066,Gokak,1
2026-11-13,BLT-1087,Gokak,2
2026-11-13,BLT-1098,Gokak,2
2026-11-13,BRG-1008,Gokak,1
2026-11-13,BRG-1099,Gokak,2
2026-11-13,CLT-1074,Gokak,2
2026-11-13,CLT-1099,Gokak,4
2026-11-13,ELE-1000,Gokak,2
2026-11-13,ELE-1010,Gokak,4
2026-11-13,ELE-1073,Gokak,1
2026-11-13,ELE-1092,Gokak,1
2026-11-13,ELE-1100,Gokak,1
2026-11-13,FLT-1021,Gokak,3
2026-11-13,FLT-1032,Gokak,1
2026-11-13,FLT-1045,Gokak,2
2026-11-13,FLT-1086,Gokak,1
2026-11-13,HYD-1028,Gokak,2
2026-11-13,HYD-1074,Gokak,2
2026-11-13,HYD-1089,Gokak,3
2026-11-13,HYD-1098,Gokak,2
2026-11-13,PMP-1023,Gokak,2
2026-11-13,PMP-1052,Gokak,1
2026-11-13,PMP-1075,Gokak,1
2026-11-13,PMP-1079,Gokak,2
2026-11-13,PMP-1091,Gokak,1
2026-11-13,PMP-5012,Gokak,1
2026-11-13,SEL-1008,Gokak,1
2026-11-13,SEL-1029,Gokak,2
2026-11-13,SEL-1077,Gokak,1
2026-11-13,SEL-1085,Gokak,2
2026-11-13,BLT-1003,Hubli,1
2026-11-13,BLT-1080,Hubli,2
2026-11-13,BLT-4105,Hubli,1
2026-11-13,BRG-1037,Hubli,1
2026-11-13,BRG-1045,Hubli,1
2026-11-13,BRG-1081,Hubli,7
2026-11-13,CLT-1007,Hubli,2
2026-11-13,CLT-1016,Hubli,1
2026-11-13,CLT-1037,Hubli,1
2026-11-13,CLT-1053,Hubli,1
2026-11-13,CLT-1068,Hubli,2
2026-11-13,CLT-1099,Hubli,1
2026-11-13,CLT-6120,Hubli,1
2026-11-13,ELE-1010,Hubli,1
2026-11-13,FLT-1032,Hubli,1
2026-11-13,FLT-1037,Hubli,1
2026-11-13,FLT-1053,Hubli,1
2026-11-13,FLT-1063,Hubli,1
2026-11-13,FLT-1074,Hubli,1
2026-11-13,FLT-1079,Hubli,1
2026-11-13,FLT-1098,Hubli,2
2026-11-13,HYD-1016,Hubli,1
2026-11-13,HYD-1028,Hubli,1
2026-11-13,PMP-1023,Hubli,2
2026-11-13,PMP-1032,Hubli,1
2026-11-13,PMP-1052,Hubli,2
2026-11-13,PMP-1063,Hubli,1
2026-11-13,PMP-1089,Hubli,2
2026-11-13,PMP-1098,Hubli,1
2026-11-13,SEL-1002,Hubli,1
2026-11-13,SEL-1037,Hubli,1
2026-11-13,SEL-1077,Hubli,1
2026-11-13,SEL-3310,Hubli,3
2026-11-14,BLT-1012,Bagalkot,1
2026-11-14,BLT-1032,Bagalkot,1
2026-11-14,BLT-1035,Bagalkot,1
2026-11-14,BLT-1053,Bagalkot,1
2026-11-14,BLT-1061,Bagalkot,1
2026-11-14,BLT-1066,Bagalkot,2
2026-11-14,BLT-1080,Bagalkot,1
2026-11-14,BLT-1093,Bagalkot,1
2026-11-14,BLT-4105,Bagalkot,5
2026-11-14,BRG-1000,Bagalkot,2
2026-11-14,BRG-1033,Bagalkot,2
2026-11-14,BRG-1064,Bagalkot,1
2026-11-14,BRG-1086,Bagalkot,1
2026-11-14,BRG-1099,Bagalkot,2
2026-11-14,CLT-1044,Bagalkot,1
2026-11-14,CLT-1081,Bagalkot,1
2026-11-14,CLT-1099,Bagalkot,1
2026-11-14,CLT-6120,Bagalkot,1
2026-11-14,ELE-1018,Bagalkot,3
2026-11-14,ELE-1023,Bagalkot,1
2026-11-14,ELE-1086,Bagalkot,1
2026-11-14,FLT-1009,Bagalkot,3
2026-11-14,FLT-1063,Bagalkot,4
2026-11-14,FLT-1074,Bagalkot,1
2026-11-14,FLT-1093,Bagalkot,3
2026-11-14,FLT-1098,Bagalkot,1
2026-11-14,HYD-1024,Bagalkot,2
2026-11-14,HYD-1028,Bagalkot,4
2026-11-14,HYD-1042,Bagalkot,2
2026-11-14,HYD-1051,Bagalkot,1
2026-11-14,HYD-1074,Bagalkot,1
2026-11-14,PMP-1023,Bagalkot,2
2026-11-14,PMP-1089,Bagalkot,1
2026-11-14,SEL-1052,Bagalkot,2
2026-11-14,SEL-1059,Bagalkot,1
2026-11-14,SEL-1070,Bagalkot,1
2026-11-14,SEL-1096,Bagalkot,2
2026-11-14,BLT-1032,Belgaum,2
2026-11-14,BLT-1073,Belgaum,4
2026-11-14,BLT-1087,Belgaum,1
2026-11-14,BRG-1037,Belgaum,2
2026-11-14,BRG-1058,Belgaum,3
2026-11-14,BRG-1064,Belgaum,1
2026-11-14,BRG-1075,Belgaum,1
2026-11-14,CLT-1004,Belgaum,2
2026-11-14,CLT-1044,Belgaum,1
2026-11-14,CLT-1089,Belgaum,3
2026-11-14,CLT-1099,Belgaum,2
2026-11-14,ELE-1010,Belgaum,1
2026-11-14,ELE-1030,Belgaum,1
2026-11-14,ELE-1100,Belgaum,1
2026-11-14,FLT-1021,Belgaum,1
2026-11-14,FLT-1079,Belgaum,3
2026-11-14,FLT-1086,Belgaum,2
2026-11-14,HYD-1016,Belgaum,4
2026-11-14,HYD-1024,Belgaum,1
2026-11-14,HYD-1074,Belgaum,1
2026-11-14,HYD-1095,Belgaum,1
2026-11-14,PMP-1043,Belgaum,1
2026-11-14,PMP-5012,Belgaum,3
2026-11-14,SEL-1008,Belgaum,1
2026-11-14,SEL-1029,Belgaum,4
2026-11-14,SEL-1037,Belgaum,2
2026-11-14,SEL-1068,Belgaum,1
2026-11-14,SEL-1085,Belgaum,2
2026-11-14,SEL-3310,Belgaum,2
2026-11-14,BLT-1026,Bijapur,1
2026-11-14,BLT-1032,Bijapur,1
2026-11-14,BLT-1093,Bijapur,1
2026-11-14,BLT-1098,Bijapur,1
2026-11-14,BLT-4105,Bijapur,2
2026-11-14,BRG-1000,Bijapur,3
2026-11-14,BRG-1049,Bijapur,1
2026-11-14,BRG-1064,Bijapur,1
2026-11-14,CLT-1021,Bijapur,1
2026-11-14,CLT-1053,Bijapur,2
2026-11-14,ELE-1023,Bijapur,1
2026-11-14,FLT-1009,Bijapur,2
2026-11-14,FLT-1037,Bijapur,1
2026-11-14,FLT-1063,Bijapur,1
2026-11-14,FLT-1074,Bijapur,1
2026-11-14,FLT-1098,Bijapur,1
2026-11-14,HYD-1028,Bijapur,3
2026-11-14,HYD-1042,Bijapur,1
2026-11-14,PMP-1009,Bijapur,2
2026-11-14,PMP-1075,Bijapur,2
2026-11-14,PMP-1091,Bijapur,2
2026-11-14,PMP-5012,Bijapur,1
2026-11-14,SEL-1042,Bijapur,2
2026-11-14,SEL-1070,Bijapur,2
2026-11-14,SEL-1096,Bijapur,5
2026-11-14,BLT-1003,Dharwad,1
2026-11-14,BLT-1035,Dharwad,3
2026-11-14,BLT-1053,Dharwad,1
2026-11-14,BLT-1080,Dharwad,3
2026-11-14,BLT-1093,Dharwad,2
2026-11-14,BRG-1008,Dharwad,1
2026-11-14,BRG-1018,Dharwad,1
2026-11-14,BRG-1025,Dharwad,2
2026-11-14,BRG-1081,Dharwad,1
2026-11-14,BRG-1099,Dharwad,1
2026-11-14,CLT-1021,Dharwad,2
2026-11-14,CLT-1028,Dharwad,1
2026-11-14,CLT-1037,Dharwad,1
2026-11-14,CLT-1081,Dharwad,2
2026-11-14,CLT-1089,Dharwad,1
2026-11-14,CLT-1092,Dharwad,1
2026-11-14,FLT-1021,Dharwad,1
2026-11-14,FLT-1022,Dharwad,1
2026-11-14,FLT-1037,Dharwad,3
2026-11-14,FLT-1045,Dharwad,1
2026-11-14,FLT-1053,Dharwad,2
2026-11-14,FLT-1093,Dharwad,1
2026-11-14,HYD-1024,Dharwad,1
2026-11-14,HYD-1038,Dharwad,1
2026-11-14,HYD-1063,Dharwad,1
2026-11-14,PMP-1009,Dharwad,2
2026-11-14,PMP-1023,Dharwad,1
2026-11-14,PMP-1036,Dharwad,1
2026-11-14,PMP-1043,Dharwad,2
2026-11-14,PMP-1056,Dharwad,2
2026-11-14,PMP-1079,Dharwad,1
2026-11-14,PMP-1091,Dharwad,2
2026-11-14,PMP-5012,Dharwad,1
2026-11-14,SEL-1014,Dharwad,1
2026-11-14,SEL-1042,Dharwad,2
2026-11-14,SEL-3310,Dharwad,1
2026-11-14,BLT-1003,Gokak,1
2026-11-14,BLT-1012,Gokak,1
2026-11-14,BLT-1053,Gokak,1
2026-11-14,BLT-1087,Gokak,2
2026-11-14,BLT-1098,Gokak,1
2026-11-14,BRG-1025,Gokak,1
2026-11-14,BRG-1064,Gokak,1
2026-11-14,BRG-1099,Gokak,3
2026-11-14,CLT-1004,Gokak,1
2026-11-14,CLT-1007,Gokak,1
2026-11-14,CLT-1044,Gokak,1
2026-11-14,CLT-1099,Gokak,1
2026-11-14,ELE-1010,Gokak,3
2026-11-14,ELE-1018,Gokak,1
2026-11-14,ELE-1067,Gokak,1
2026-11-14,ELE-1100,Gokak,1
2026-11-14,FLT-1021,Gokak,4
2026-11-14,FLT-1032,Gokak,1
2026-11-14,FLT-1037,Gokak,1
2026-11-14,FLT-1098,Gokak,1
2026-11-14,HYD-1004,Gokak,1
2026-11-14,HYD-1038,Gokak,1
2026-11-14,HYD-1074,Gokak,2
2026-11-14,PMP-1052,Gokak,1
2026-11-14,PMP-1075,Gokak,1
2026-11-14,SEL-1008,Gokak,1
2026-11-14,SEL-1024,Gokak,1
2026-11-14,SEL-1029,Gokak,1
2026-11-14,SEL-1068,Gokak,1
2026-11-14,SEL-1085,Gokak,2
2026-11-14,BLT-1016,Hubli,1
2026-11-14,BLT-1053,Hubli,2
2026-11-14,BLT-1080,Hubli,1
2026-11-14,BRG-1025,Hubli,1
2026-11-14,BRG-1037,Hubli,1
2026-11-14,BRG-1045,Hubli,1
2026-11-14,BRG-1081,Hubli,2
2026-11-14,CLT-1007,Hubli,1
2026-11-14,CLT-1016,Hubli,1
2026-11-14,CLT-1021,Hubli,1
2026-11-14,CLT-1074,Hubli,1
2026-11-14,CLT-6120,Hubli,1
2026-11-14,ELE-1010,Hubli,2
2026-11-14,ELE-1086,Hubli,1
2026-11-14,ELE-1092,Hubli,1
2026-11-14,ELE-1100,Hubli,1
2026-11-14,FLT-1009,Hubli,2
2026-11-14,FLT-1032,Hubli,2
2026-11-14,FLT-1037,Hubli,1
2026-11-14,HYD-1016,Hubli,1
2026-11-14,PMP-1023,Hubli,2
2026-11-14,PMP-1052,Hubli,1
2026-11-14,PMP-1056,Hubli,1
2026-11-14,PMP-1089,Hubli,3
2026-11-14,PMP-5012,Hubli,2
2026-11-14,SEL-1014,Hubli,1
2026-11-14,SEL-3310,Hubli,4
2026-11-15,BLT-1032,Bagalkot,2
2026-11-15,BLT-1053,Bagalkot,2
2026-11-15,BLT-1061,Bagalkot,2
2026-11-15,BLT-1066,Bagalkot,1
2026-11-15,BLT-1093,Bagalkot,1
2026-11-15,BLT-1098,Bagalkot,1
2026-11-15,BLT-4105,Bagalkot,5
2026-11-15,BRG-1008,Bagalkot,1
2026-11-15,BRG-1025,Bagalkot,1
2026-11-15,BRG-1058,Bagalkot,1
2026-11-15,BRG-1064,Bagalkot,1
2026-11-15,BRG-1086,Bagalkot,1
2026-11-15,BRG-1099,Bagalkot,1
2026-11-15,CLT-1007,Bagalkot,1
2026-11-15,CLT-1057,Bagalkot,1
2026-11-15,CLT-1099,Bagalkot,2
2026-11-15,ELE-1000,Bagalkot,2
2026-11-15,ELE-1010,Bagalkot,1
2026-11-15,ELE-1018,Bagalkot,2
2026-11-15,ELE-1044,Bagalkot,2
2026-11-15,ELE-1067,Bagalkot,1
2026-11-15,ELE-1073,Bagalkot,1
2026-11-15,ELE-1079,Bagalkot,2
2026-11-15,FLT-1001,Bagalkot,1
2026-11-15,FLT-1009,Bagalkot,1
2026-11-15,FLT-1032,Bagalkot,1
2026-11-15,FLT-1056,Bagalkot,4
2026-11-15,FLT-1063,Bagalkot,3
2026-11-15,FLT-1074,Bagalkot,1
2026-11-15,HYD-1012,Bagalkot,1
2026-11-15,HYD-1024,Bagalkot,4
2026-11-15,HYD-1028,Bagalkot,2
2026-11-15,HYD-1074,Bagalkot,1
2026-11-15,PMP-1002,Bagalkot,2
2026-11-15,PMP-1009,Bagalkot,1
2026-11-15,PMP-1089,Bagalkot,1
2026-11-15,SEL-1029,Bagalkot,1
2026-11-15,SEL-1042,Bagalkot,2
2026-11-15,SEL-1085,Bagalkot,1
2026-11-15,SEL-1098,Bagalkot,2
2026-11-15,BLT-1032,Belgaum,1
2026-11-15,BLT-1066,Belgaum,1
2026-11-15,BLT-1073,Belgaum,1
2026-11-15,BLT-1080,Belgaum,1
2026-11-15,BRG-1018,Belgaum,2
2026-11-15,BRG-1058,Belgaum,1
2026-11-15,BRG-1064,Belgaum,1
2026-11-15,BRG-1075,Belgaum,1
2026-11-15,BRG-1092,Belgaum,2
2026-11-15,CLT-1004,Belgaum,2
2026-11-15,CLT-1044,Belgaum,1
2026-11-15,CLT-1057,Belgaum,1
2026-11-15,CLT-1081,Belgaum,1
2026-11-15,CLT-1089,Belgaum,1
2026-11-15,CLT-1092,Belgaum,3
2026-11-15,CLT-1099,Belgaum,2
2026-11-15,ELE-1000,Belgaum,2
2026-11-15,ELE-1039,Belgaum,1
2026-11-15,ELE-1044,Belgaum,1
2026-11-15,FLT-1001,Belgaum,1
2026-11-15,FLT-1009,Belgaum,1
2026-11-15,FLT-1016,Belgaum,1
2026-11-15,FLT-1037,Belgaum,1
2026-11-15,FLT-1045,Belgaum,1
2026-11-15,FLT-1079,Belgaum,2
2026-11-15,FLT-1086,Belgaum,2
2026-11-15,FLT-1098,Belgaum,1
2026-11-15,HYD-1004,Belgaum,1
2026-11-15,HYD-1016,Belgaum,7
2026-11-15,HYD-1024,Belgaum,1
2026-11-15,HYD-1038,Belgaum,1
2026-11-15,HYD-1042,Belgaum,1
2026-11-15,PMP-1036,Belgaum,1
2026-11-15,PMP-1043,Belgaum,1
2026-11-15,PMP-1056,Belgaum,2
2026-11-15,PMP-5012,Belgaum,1
2026-11-15,SEL-1008,Belgaum,2
2026-11-15,SEL-1029,Belgaum,1
2026-11-15,SEL-1085,Belgaum,1
2026-11-15,SEL-3310,Belgaum,1
2026-11-15,BLT-1012,Bijapur,1
2026-11-15,BLT-1032,Bijapur,1
2026-11-15,BLT-1035,Bijapur,2
2026-11-15,BLT-1061,Bijapur,2
2026-11-15,BLT-1080,Bijapur,1
2026-11-15,BLT-1093,Bijapur,1
2026-11-15,BLT-4105,Bijapur,2
2026-11-15,BRG-1033,Bijapur,1
2026-11-15,BRG-1037,Bijapur,1
2026-11-15,BRG-1092,Bijapur,1
2026-11-15,CLT-1007,Bijapur,4
2026-11-15,CLT-1021,Bijapur,1
2026-11-15,CLT-1053,Bijapur,1
2026-11-15,ELE-1044,Bijapur,1
2026-11-15,FLT-1009,Bijapur,2
2026-11-15,FLT-1016,Bijapur,1
2026-11-15,FLT-1021,Bijapur,1
2026-11-15,FLT-1037,Bijapur,1
2026-11-15,FLT-1053,Bijapur,1
2026-11-15,FLT-1074,Bijapur,1
2026-11-15,HYD-1016,Bijapur,1
2026-11-15,HYD-1024,Bijapur,1
2026-11-15,HYD-1028,Bijapur,1
2026-11-15,HYD-1042,Bijapur,1
2026-11-15,HYD-1074,Bijapur,1
2026-11-15,HYD-1098,Bijapur,1
2026-11-15,PMP-1002,Bijapur,2
2026-11-15,PMP-1009,Bijapur,3
2026-11-15,PMP-1023,Bijapur,1
2026-11-15,PMP-1075,Bijapur,1
2026-11-15,PMP-1091,Bijapur,2
2026-11-15,PMP-5012,Bijapur,3
2026-11-15,SEL-1037,Bijapur,1
2026-11-15,SEL-1068,Bijapur,1
2026-11-15,SEL-1070,Bijapur,2
2026-11-15,BLT-1032,Dharwad,1
2026-11-15,BRG-1008,Dharwad,2
2026-11-15,BRG-1018,Dharwad,1
2026-11-15,BRG-1075,Dharwad,1
2026-11-15,BRG-1092,Dharwad,1
2026-11-15,CLT-1021,Dharwad,1
2026-11-15,CLT-1057,Dharwad,4
2026-11-15,CLT-1068,Dharwad,1
2026-11-15,CLT-1074,Dharwad,1
2026-11-15,CLT-1092,Dharwad,3
2026-11-15,CLT-1099,Dharwad,1
2026-11-15,ELE-1000,Dharwad,1
2026-11-15,ELE-1051,Dharwad,1
2026-11-15,ELE-1100,Dharwad,1
2026-11-15,FLT-1016,Dharwad,3
2026-11-15,FLT-1021,Dharwad,1
2026-11-15,FLT-1022,Dharwad,2
2026-11-15,FLT-1037,Dharwad,1
2026-11-15,FLT-1053,Dharwad,2
2026-11-15,FLT-1093,Dharwad,1
2026-11-15,HYD-1038,Dharwad,3
2026-11-15,HYD-1081,Dharwad,1
2026-11-15,HYD-1095,Dharwad,1
2026-11-15,PMP-1023,Dharwad,2
2026-11-15,PMP-1032,Dharwad,1
2026-11-15,PMP-1036,Dharwad,1
2026-11-15,PMP-1063,Dharwad,2
2026-11-15,PMP-1091,Dharwad,2
2026-11-15,SEL-1002,Dharwad,1
2026-11-15,SEL-1037,Dharwad,2
2026-11-15,SEL-1042,Dharwad,2
2026-11-15,SEL-1068,Dharwad,1
2026-11-15,SEL-3310,Dharwad,1
2026-11-15,BLT-1003,Gokak,1
2026-11-15,BLT-1026,Gokak,1
2026-11-15,BLT-1035,Gokak,1
2026-11-15,BLT-1053,Gokak,2
2026-11-15,BLT-1066,Gokak,1
2026-11-15,BLT-1087,Gokak,3
2026-11-15,BRG-1092,Gokak,1
2026-11-15,BRG-1099,Gokak,5
2026-11-15,CLT-1016,Gokak,1
2026-11-15,CLT-1021,Gokak,1
2026-11-15,CLT-1028,Gokak,1
2026-11-15,CLT-1044,Gokak,1
2026-11-15,CLT-1099,Gokak,4
2026-11-15,CLT-6120,Gokak,1
2026-11-15,ELE-1000,Gokak,1
2026-11-15,ELE-1057,Gokak,2
2026-11-15,ELE-1073,Gokak,1
2026-11-15,ELE-1100,Gokak,1
2026-11-15,FLT-1021,Gokak,4
2026-11-15,FLT-1032,Gokak,1
2026-11-15,HYD-1004,Gokak,3
2026-11-15,HYD-1012,Gokak,1
2026-11-15,HYD-1016,Gokak,2
2026-11-15,HYD-1028,Gokak,2
2026-11-15,PMP-1009,Gokak,1
2026-11-15,PMP-1052,Gokak,2
2026-11-15,SEL-1008,Gokak,1
2026-11-15,SEL-1014,Gokak,1
2026-11-15,SEL-1024,Gokak,1
2026-11-15,SEL-1029,Gokak,2
2026-11-15,SEL-1085,Gokak,1
2026-11-15,BLT-1016,Hubli,1
2026-11-15,BLT-1053,Hubli,2
2026-11-15,BLT-1080,Hubli,2
2026-11-15,BLT-4105,Hubli,2
2026-11-15,BRG-1033,Hubli,1
2026-11-15,BRG-1045,Hubli,1
2026-11-15,BRG-1064,Hubli,1
2026-11-15,BRG-1081,Hubli,4
2026-11-15,BRG-1092,Hubli,1
2026-11-15,CLT-1007,Hubli,2
2026-11-15,CLT-1037,Hubli,1
2026-11-15,CLT-1057,Hubli,1
2026-11-15,ELE-1010,Hubli,1
2026-11-15,ELE-1030,Hubli,1
2026-11-15,ELE-1044,Hubli,1
2026-11-15,ELE-1086,Hubli,2
2026-11-15,FLT-1009,Hubli,1
2026-11-15,FLT-1037,Hubli,1
2026-11-15,FLT-1053,Hubli,1
2026-11-15,FLT-1079,Hubli,2
2026-11-15,FLT-1098,Hubli,1
2026-11-15,HYD-1081,Hubli,1
2026-11-15,HYD-1095,Hubli,1
2026-11-15,PMP-1002,Hubli,1
2026-11-15,PMP-1009,Hubli,1
2026-11-15,PMP-1019,Hubli,1
2026-11-15,PMP-1023,Hubli,2
2026-11-15,PMP-1063,Hubli,1
2026-11-15,PMP-1079,Hubli,2
2026-11-15,PMP-1089,Hubli,2
2026-11-15,PMP-1091,Hubli,1
2026-11-15,PMP-1098,Hubli,1
2026-11-15,SEL-1008,Hubli,1
2026-11-15,SEL-1037,Hubli,1
2026-11-15,SEL-1077,Hubli,1
2026-11-15,SEL-1096,Hubli,1
2026-11-15,SEL-3310,Hubli,3
